{"__type":"$$EventMessageAudit","id":"946d6efe-c925-4c41-8599-ebe1242d77b8","ts":"2026-09-09T08:48:04.342-04:00","eventName":"n8n.audit.workflow.executed","message":"n8n.audit.workflow.executed","payload":{"workflowId":"fC5E99z5uUn0fKjT","workflowName":"Accisense alert","executionId":"67","projectId":"VPeJW2ayhoZgotkV","projectName":"ANURAG SHARMA <anurag.25scse1180671@galgotiasuniversity.ac.in>","source":"webhook"}}
{"__type":"$$EventMessageConfirm","confirm":"946d6efe-c925-4c41-8599-ebe1242d77b8","ts":"2026-09-09T08:48:04.342-04:00","source":{"id":"0","name":"eventBus"}}
{"__type":"$$EventMessageWorkflow","id":"b904d655-1fab-4487-b7eb-358e74871877","ts":"2026-09-09T08:48:04.343-04:00","eventName":"n8n.workflow.started","message":"n8n.workflow.started","payload":{"executionId":"67","workflowId":"fC5E99z5uUn0fKjT","isManual":false,"mode":"manual","workflowName":"Accisense alert","projectId":"VPeJW2ayhoZgotkV","projectName":"ANURAG SHARMA <anurag.25scse1180671@galgotiasuniversity.ac.in>"}}
{"__type":"$$EventMessageConfirm","confirm":"b904d655-1fab-4487-b7eb-358e74871877","ts":"2026-09-09T08:48:04.343-04:00","source":{"id":"0","name":"eventBus"}}
{"__type":"$$EventMessageNode","id":"55da6433-775d-4ef5-a9e1-7bb4b1ae437e","ts":"2026-09-09T08:48:04.362-04:00","eventName":"n8n.node.started","message":"n8n.node.started","payload":{"workflowId":"fC5E99z5uUn0fKjT","workflowName":"Accisense alert","executionId":"67","nodeType":"n8n-nodes-base.webhook","nodeName":"Webhook","nodeId":"1132293c-0068-4318-83d9-b3883ab01b5a"}}
{"__type":"$$EventMessageConfirm","confirm":"55da6433-775d-4ef5-a9e1-7bb4b1ae437e","ts":"2026-09-09T08:48:04.362-04:00","source":{"id":"0","name":"eventBus"}}
{"__type":"$$EventMessageNode","id":"3d28c1d5-fc1d-43c4-98cb-3f564d87164c","ts":"2026-09-09T08:48:04.362-04:00","eventName":"n8n.node.finished","message":"n8n.node.finished","payload":{"workflowId":"fC5E99z5uUn0fKjT","workflowName":"Accisense alert","executionId":"67","nodeType":"n8n-nodes-base.webhook","nodeName":"Webhook","nodeId":"1132293c-0068-4318-83d9-b3883ab01b5a"}}
{"__type":"$$EventMessageConfirm","confirm":"3d28c1d5-fc1d-43c4-98cb-3f564d87164c","ts":"2026-09-09T08:48:04.362-04:00","source":{"id":"0","name":"eventBus"}}
{"__type":"$$EventMessageNode","id":"313a749e-537d-4f53-baa3-002e93ae50cc","ts":"2026-09-09T08:48:04.363-04:00","eventName":"n8n.node.started","message":"n8n.node.started","payload":{"workflowId":"fC5E99z5uUn0fKjT","workflowName":"Accisense alert","executionId":"67","nodeType":"n8n-nodes-base.if","nodeName":"Parse Alert","nodeId":"ae47ab65-f8eb-415b-aafc-fa2cf54d58f9"}}
{"__type":"$$EventMessageConfirm","confirm":"313a749e-537d-4f53-baa3-002e93ae50cc","ts":"2026-09-09T08:48:04.363-04:00","source":{"id":"0","name":"eventBus"}}
{"__type":"$$EventMessageNode","id":"9d1aab2b-d4bc-4855-8a81-ea5e420dc4c6","ts":"2026-09-09T08:48:04.369-04:00","eventName":"n8n.node.finished","message":"n8n.node.finished","payload":{"workflowId":"fC5E99z5uUn0fKjT","workflowName":"Accisense alert","executionId":"67","nodeType":"n8n-nodes-base.if","nodeName":"Parse Alert","nodeId":"ae47ab65-f8eb-415b-aafc-fa2cf54d58f9"}}
{"__type":"$$EventMessageConfirm","confirm":"9d1aab2b-d4bc-4855-8a81-ea5e420dc4c6","ts":"2026-09-09T08:48:04.369-04:00","source":{"id":"0","name":"eventBus"}}
{"__type":"$$EventMessageNode","id":"9724a061-af8e-4ce8-8818-8b40e13bcefb","ts":"2026-09-09T08:48:04.369-04:00","eventName":"n8n.node.started","message":"n8n.node.started","payload":{"workflowId":"fC5E99z5uUn0fKjT","workflowName":"Accisense alert","executionId":"67","nodeType":"@n8n/n8n-nodes-langchain.googleGemini","nodeName":"AI Triage","nodeId":"194c44f4-774e-44c0-8867-125d45a66c11"}}
{"__type":"$$EventMessageConfirm","confirm":"9724a061-af8e-4ce8-8818-8b40e13bcefb","ts":"2026-09-09T08:48:04.369-04:00","source":{"id":"0","name":"eventBus"}}
{"__type":"$$EventMessageNode","id":"3ad74c64-39fb-476d-8a2b-43bb316af9b3","ts":"2026-09-09T08:48:09.277-04:00","eventName":"n8n.node.finished","message":"n8n.node.finished","payload":{"workflowId":"fC5E99z5uUn0fKjT","workflowName":"Accisense alert","executionId":"67","nodeType":"@n8n/n8n-nodes-langchain.googleGemini","nodeName":"AI Triage","nodeId":"194c44f4-774e-44c0-8867-125d45a66c11"}}
{"__type":"$$EventMessageConfirm","confirm":"3ad74c64-39fb-476d-8a2b-43bb316af9b3","ts":"2026-09-09T08:48:09.278-04:00","source":{"id":"0","name":"eventBus"}}
{"__type":"$$EventMessageNode","id":"f1489132-223f-410e-a382-55567d35a7f7","ts":"2026-09-09T08:48:09.278-04:00","eventName":"n8n.node.started","message":"n8n.node.started","payload":{"workflowId":"fC5E99z5uUn0fKjT","workflowName":"Accisense alert","executionId":"67","nodeType":"n8n-nodes-base.code","nodeName":"Normalize AI Code","nodeId":"d61afa8b-db4d-44e0-bedd-5359b32ee7bd"}}
{"__type":"$$EventMessageConfirm","confirm":"f1489132-223f-410e-a382-55567d35a7f7","ts":"2026-09-09T08:48:09.278-04:00","source":{"id":"0","name":"eventBus"}}
{"__type":"$$EventMessageRunner","id":"42ba888c-5baa-4540-9dce-25266677569a","ts":"2026-09-09T08:48:09.284-04:00","eventName":"n8n.runner.task.requested","message":"n8n.runner.task.requested","payload":{"taskId":"ljdbIVKF","nodeId":"d61afa8b-db4d-44e0-bedd-5359b32ee7bd","workflowId":"fC5E99z5uUn0fKjT","executionId":"67"}}
{"__type":"$$EventMessageConfirm","confirm":"42ba888c-5baa-4540-9dce-25266677569a","ts":"2026-09-09T08:48:09.284-04:00","source":{"id":"0","name":"eventBus"}}
{"__type":"$$EventMessageRunner","id":"a5a280d0-b569-4128-85a0-48bc54bada83","ts":"2026-09-09T08:48:09.324-04:00","eventName":"n8n.runner.response.received","message":"n8n.runner.response.received","payload":{"taskId":"ljdbIVKF","nodeId":"d61afa8b-db4d-44e0-bedd-5359b32ee7bd","workflowId":"fC5E99z5uUn0fKjT","executionId":"67"}}
{"__type":"$$EventMessageConfirm","confirm":"a5a280d0-b569-4128-85a0-48bc54bada83","ts":"2026-09-09T08:48:09.324-04:00","source":{"id":"0","name":"eventBus"}}
{"__type":"$$EventMessageNode","id":"1eb9e2f3-b4cd-402f-bccb-7bfabdfe6893","ts":"2026-09-09T08:48:09.325-04:00","eventName":"n8n.node.finished","message":"n8n.node.finished","payload":{"workflowId":"fC5E99z5uUn0fKjT","workflowName":"Accisense alert","executionId":"67","nodeType":"n8n-nodes-base.code","nodeName":"Normalize AI Code","nodeId":"d61afa8b-db4d-44e0-bedd-5359b32ee7bd"}}
{"__type":"$$EventMessageConfirm","confirm":"1eb9e2f3-b4cd-402f-bccb-7bfabdfe6893","ts":"2026-09-09T08:48:09.325-04:00","source":{"id":"0","name":"eventBus"}}
{"__type":"$$EventMessageNode","id":"fe5b6480-afc4-4606-bd6f-32dc6c646431","ts":"2026-09-09T08:48:09.325-04:00","eventName":"n8n.node.started","message":"n8n.node.started","payload":{"workflowId":"fC5E99z5uUn0fKjT","workflowName":"Accisense alert","executionId":"67","nodeType":"n8n-nodes-base.httpRequest","nodeName":"Create Incident","nodeId":"a8982d80-dd7c-4b50-bcc1-9774d5030e50"}}
{"__type":"$$EventMessageConfirm","confirm":"fe5b6480-afc4-4606-bd6f-32dc6c646431","ts":"2026-09-09T08:48:09.325-04:00","source":{"id":"0","name":"eventBus"}}
{"__type":"$$EventMessageNode","id":"80a7ef11-0a30-4d80-99e2-825c478f6ec5","ts":"2026-09-09T08:48:11.837-04:00","eventName":"n8n.node.finished","message":"n8n.node.finished","payload":{"workflowId":"fC5E99z5uUn0fKjT","workflowName":"Accisense alert","executionId":"67","nodeType":"n8n-nodes-base.httpRequest","nodeName":"Create Incident","nodeId":"a8982d80-dd7c-4b50-bcc1-9774d5030e50"}}
{"__type":"$$EventMessageConfirm","confirm":"80a7ef11-0a30-4d80-99e2-825c478f6ec5","ts":"2026-09-09T08:48:11.837-04:00","source":{"id":"0","name":"eventBus"}}
{"__type":"$$EventMessageNode","id":"024a025f-ca78-4484-ac6b-2a618602cdaa","ts":"2026-09-09T08:48:11.838-04:00","eventName":"n8n.node.started","message":"n8n.node.started","payload":{"workflowId":"fC5E99z5uUn0fKjT","workflowName":"Accisense alert","executionId":"67","nodeType":"n8n-nodes-base.telegram","nodeName":"Send Alert","nodeId":"7c481263-5942-4621-a0e8-799c9e1a6335"}}
{"__type":"$$EventMessageConfirm","confirm":"024a025f-ca78-4484-ac6b-2a618602cdaa","ts":"2026-09-09T08:48:11.838-04:00","source":{"id":"0","name":"eventBus"}}
{"__type":"$$EventMessageNode","id":"fb0df0a4-2ffc-4e7d-89ec-6be700269960","ts":"2026-09-09T08:48:13.212-04:00","eventName":"n8n.node.finished","message":"n8n.node.finished","payload":{"workflowId":"fC5E99z5uUn0fKjT","workflowName":"Accisense alert","executionId":"67","nodeType":"n8n-nodes-base.telegram","nodeName":"Send Alert","nodeId":"7c481263-5942-4621-a0e8-799c9e1a6335"}}
{"__type":"$$EventMessageConfirm","confirm":"fb0df0a4-2ffc-4e7d-89ec-6be700269960","ts":"2026-09-09T08:48:13.212-04:00","source":{"id":"0","name":"eventBus"}}
{"__type":"$$EventMessageNode","id":"24d5b128-edfc-4bc3-a179-e9ebc8e8ca61","ts":"2026-09-09T08:48:13.213-04:00","eventName":"n8n.node.started","message":"n8n.node.started","payload":{"workflowId":"fC5E99z5uUn0fKjT","workflowName":"Accisense alert","executionId":"67","nodeType":"n8n-nodes-base.supabase","nodeName":"Create a row","nodeId":"00c26655-3a8f-471e-a1e0-49c908b3a937"}}
{"__type":"$$EventMessageConfirm","confirm":"24d5b128-edfc-4bc3-a179-e9ebc8e8ca61","ts":"2026-09-09T08:48:13.213-04:00","source":{"id":"0","name":"eventBus"}}
{"__type":"$$EventMessageNode","id":"ec94a8a7-1577-4ca3-a88d-d589d5345b65","ts":"2026-09-09T08:48:13.881-04:00","eventName":"n8n.node.finished","message":"n8n.node.finished","payload":{"workflowId":"fC5E99z5uUn0fKjT","workflowName":"Accisense alert","executionId":"67","nodeType":"n8n-nodes-base.supabase","nodeName":"Create a row","nodeId":"00c26655-3a8f-471e-a1e0-49c908b3a937"}}
{"__type":"$$EventMessageConfirm","confirm":"ec94a8a7-1577-4ca3-a88d-d589d5345b65","ts":"2026-09-09T08:48:13.881-04:00","source":{"id":"0","name":"eventBus"}}
{"__type":"$$EventMessageNode","id":"2752ee37-a883-4c87-b4a1-a2cdaefd9935","ts":"2026-09-09T08:48:13.882-04:00","eventName":"n8n.node.started","message":"n8n.node.started","payload":{"workflowId":"fC5E99z5uUn0fKjT","workflowName":"Accisense alert","executionId":"67","nodeType":"n8n-nodes-base.telegram","nodeName":"Send confirmation/log","nodeId":"c744bd15-731f-4fc0-b570-38a032a54b24"}}
{"__type":"$$EventMessageConfirm","confirm":"2752ee37-a883-4c87-b4a1-a2cdaefd9935","ts":"2026-09-09T08:48:13.882-04:00","source":{"id":"0","name":"eventBus"}}
{"__type":"$$EventMessageNode","id":"34acb639-2e9c-481c-bb4c-670e0967c40b","ts":"2026-09-09T08:48:15.108-04:00","eventName":"n8n.node.finished","message":"n8n.node.finished","payload":{"workflowId":"fC5E99z5uUn0fKjT","workflowName":"Accisense alert","executionId":"67","nodeType":"n8n-nodes-base.telegram","nodeName":"Send confirmation/log","nodeId":"c744bd15-731f-4fc0-b570-38a032a54b24"}}
{"__type":"$$EventMessageConfirm","confirm":"34acb639-2e9c-481c-bb4c-670e0967c40b","ts":"2026-09-09T08:48:15.108-04:00","source":{"id":"0","name":"eventBus"}}
{"__type":"$$EventMessageNode","id":"87d59fa8-4b1b-4faf-a8f5-e8b4a9688444","ts":"2026-09-09T08:48:15.108-04:00","eventName":"n8n.node.started","message":"n8n.node.started","payload":{"workflowId":"fC5E99z5uUn0fKjT","workflowName":"Accisense alert","executionId":"67","nodeType":"n8n-nodes-base.wait","nodeName":"Wait for ACK","nodeId":"ca787a9f-9728-483b-bdd3-2b2d7ea9e12f"}}
{"__type":"$$EventMessageConfirm","confirm":"87d59fa8-4b1b-4faf-a8f5-e8b4a9688444","ts":"2026-09-09T08:48:15.108-04:00","source":{"id":"0","name":"eventBus"}}
{"__type":"$$EventMessageNode","id":"d1e20903-8dfa-4ef0-9048-85811e8e4bf9","ts":"2026-09-09T08:48:25.110-04:00","eventName":"n8n.node.finished","message":"n8n.node.finished","payload":{"workflowId":"fC5E99z5uUn0fKjT","workflowName":"Accisense alert","executionId":"67","nodeType":"n8n-nodes-base.wait","nodeName":"Wait for ACK","nodeId":"ca787a9f-9728-483b-bdd3-2b2d7ea9e12f"}}
{"__type":"$$EventMessageConfirm","confirm":"d1e20903-8dfa-4ef0-9048-85811e8e4bf9","ts":"2026-09-09T08:48:25.110-04:00","source":{"id":"0","name":"eventBus"}}
{"__type":"$$EventMessageNode","id":"62a73cdc-9805-451d-8b0f-811de7df82c4","ts":"2026-09-09T08:48:25.111-04:00","eventName":"n8n.node.started","message":"n8n.node.started","payload":{"workflowId":"fC5E99z5uUn0fKjT","workflowName":"Accisense alert","executionId":"67","nodeType":"n8n-nodes-base.httpRequest","nodeName":"Check Status","nodeId":"5dc63647-4c85-425a-a253-e4da96ec3e44"}}
{"__type":"$$EventMessageConfirm","confirm":"62a73cdc-9805-451d-8b0f-811de7df82c4","ts":"2026-09-09T08:48:25.111-04:00","source":{"id":"0","name":"eventBus"}}
{"__type":"$$EventMessageNode","id":"581d3d3f-7285-4e5c-92c0-2932babc6b87","ts":"2026-09-09T08:48:25.762-04:00","eventName":"n8n.node.finished","message":"n8n.node.finished","payload":{"workflowId":"fC5E99z5uUn0fKjT","workflowName":"Accisense alert","executionId":"67","nodeType":"n8n-nodes-base.httpRequest","nodeName":"Check Status","nodeId":"5dc63647-4c85-425a-a253-e4da96ec3e44"}}
{"__type":"$$EventMessageConfirm","confirm":"581d3d3f-7285-4e5c-92c0-2932babc6b87","ts":"2026-09-09T08:48:25.762-04:00","source":{"id":"0","name":"eventBus"}}
{"__type":"$$EventMessageWorkflow","id":"51e5febe-c329-4421-82bf-2eff3ff16a86","ts":"2026-09-09T08:48:25.767-04:00","eventName":"n8n.workflow.failed","message":"n8n.workflow.failed","payload":{"userId":"c17e4e51-fb03-4a49-8690-2eb153d72420","executionId":"67","success":false,"isManual":true,"mode":"manual","workflowId":"fC5E99z5uUn0fKjT","workflowName":"Accisense alert","projectId":"VPeJW2ayhoZgotkV","projectName":"ANURAG SHARMA <anurag.25scse1180671@galgotiasuniversity.ac.in>","lastNodeExecuted":"Check Status","errorNodeType":"n8n-nodes-base.httpRequest","errorMessage":"The service was not able to process your request"}}
{"__type":"$$EventMessageConfirm","confirm":"51e5febe-c329-4421-82bf-2eff3ff16a86","ts":"2026-09-09T08:48:25.768-04:00","source":{"id":"0","name":"eventBus"}}
{"__type":"$$EventMessageAudit","id":"76f48b23-d3a6-459b-b7f0-013832c1fd40","ts":"2026-09-09T08:54:03.885-04:00","eventName":"n8n.audit.workflow.executed","message":"n8n.audit.workflow.executed","payload":{"userId":"c17e4e51-fb03-4a49-8690-2eb153d72420","_email":"anurag.25scse1180671@galgotiasuniversity.ac.in","_firstName":"ANURAG","_lastName":"SHARMA","globalRole":"global:owner","workflowId":"fC5E99z5uUn0fKjT","workflowName":"Accisense alert","executionId":"68","projectId":"VPeJW2ayhoZgotkV","projectName":"ANURAG SHARMA <anurag.25scse1180671@galgotiasuniversity.ac.in>","source":"user-manual"}}
{"__type":"$$EventMessageConfirm","confirm":"76f48b23-d3a6-459b-b7f0-013832c1fd40","ts":"2026-09-09T08:54:03.885-04:00","source":{"id":"0","name":"eventBus"}}
{"__type":"$$EventMessageWorkflow","id":"d2696f4d-8ec9-4dc8-b4b0-1dc76c7aad04","ts":"2026-09-09T08:54:03.886-04:00","eventName":"n8n.workflow.started","message":"n8n.workflow.started","payload":{"executionId":"68","workflowId":"fC5E99z5uUn0fKjT","isManual":false,"mode":"manual","workflowName":"Accisense alert","projectId":"VPeJW2ayhoZgotkV","projectName":"ANURAG SHARMA <anurag.25scse1180671@galgotiasuniversity.ac.in>"}}
{"__type":"$$EventMessageConfirm","confirm":"d2696f4d-8ec9-4dc8-b4b0-1dc76c7aad04","ts":"2026-09-09T08:54:03.886-04:00","source":{"id":"0","name":"eventBus"}}
{"__type":"$$EventMessageNode","id":"03c7c928-1944-4c8d-820e-a351f719daaa","ts":"2026-09-09T08:54:03.901-04:00","eventName":"n8n.node.started","message":"n8n.node.started","payload":{"workflowId":"fC5E99z5uUn0fKjT","workflowName":"Accisense alert","executionId":"68","nodeType":"n8n-nodes-base.httpRequest","nodeName":"Check Status","nodeId":"5dc63647-4c85-425a-a253-e4da96ec3e44"}}
{"__type":"$$EventMessageConfirm","confirm":"03c7c928-1944-4c8d-820e-a351f719daaa","ts":"2026-09-09T08:54:03.901-04:00","source":{"id":"0","name":"eventBus"}}
{"__type":"$$EventMessageNode","id":"6ffa4977-667a-4135-b312-be16a4ffe416","ts":"2026-09-09T08:54:05.732-04:00","eventName":"n8n.node.finished","message":"n8n.node.finished","payload":{"workflowId":"fC5E99z5uUn0fKjT","workflowName":"Accisense alert","executionId":"68","nodeType":"n8n-nodes-base.httpRequest","nodeName":"Check Status","nodeId":"5dc63647-4c85-425a-a253-e4da96ec3e44"}}
{"__type":"$$EventMessageConfirm","confirm":"6ffa4977-667a-4135-b312-be16a4ffe416","ts":"2026-09-09T08:54:05.732-04:00","source":{"id":"0","name":"eventBus"}}
{"__type":"$$EventMessageWorkflow","id":"9ce3ed7b-0e13-4e22-923b-5ad1946735ae","ts":"2026-09-09T08:54:05.734-04:00","eventName":"n8n.workflow.success","message":"n8n.workflow.success","payload":{"userId":"c17e4e51-fb03-4a49-8690-2eb153d72420","executionId":"68","success":true,"isManual":true,"mode":"manual","workflowId":"fC5E99z5uUn0fKjT","workflowName":"Accisense alert","projectId":"VPeJW2ayhoZgotkV","projectName":"ANURAG SHARMA <anurag.25scse1180671@galgotiasuniversity.ac.in>"}}
{"__type":"$$EventMessageConfirm","confirm":"9ce3ed7b-0e13-4e22-923b-5ad1946735ae","ts":"2026-09-09T08:54:05.734-04:00","source":{"id":"0","name":"eventBus"}}
{"__type":"$$EventMessageAudit","id":"2eb4a51e-f31e-4d68-8234-856af9d710a0","ts":"2026-09-09T08:54:23.827-04:00","eventName":"n8n.audit.workflow.executed","message":"n8n.audit.workflow.executed","payload":{"userId":"c17e4e51-fb03-4a49-8690-2eb153d72420","_email":"anurag.25scse1180671@galgotiasuniversity.ac.in","_firstName":"ANURAG","_lastName":"SHARMA","globalRole":"global:owner","workflowId":"fC5E99z5uUn0fKjT","workflowName":"Accisense alert","executionId":"69","projectId":"VPeJW2ayhoZgotkV","projectName":"ANURAG SHARMA <anurag.25scse1180671@galgotiasuniversity.ac.in>","source":"user-manual"}}
{"__type":"$$EventMessageConfirm","confirm":"2eb4a51e-f31e-4d68-8234-856af9d710a0","ts":"2026-09-09T08:54:23.827-04:00","source":{"id":"0","name":"eventBus"}}
{"__type":"$$EventMessageWorkflow","id":"400a3495-a48c-4cc6-a499-a4b0eb8c7098","ts":"2026-09-09T08:54:23.828-04:00","eventName":"n8n.workflow.started","message":"n8n.workflow.started","payload":{"executionId":"69","workflowId":"fC5E99z5uUn0fKjT","isManual":false,"mode":"manual","workflowName":"Accisense alert","projectId":"VPeJW2ayhoZgotkV","projectName":"ANURAG SHARMA <anurag.25scse1180671@galgotiasuniversity.ac.in>"}}
{"__type":"$$EventMessageConfirm","confirm":"400a3495-a48c-4cc6-a499-a4b0eb8c7098","ts":"2026-09-09T08:54:23.828-04:00","source":{"id":"0","name":"eventBus"}}
{"__type":"$$EventMessageNode","id":"7dade447-c50e-430f-a4c9-6bc9a2872df3","ts":"2026-09-09T08:54:23.845-04:00","eventName":"n8n.node.started","message":"n8n.node.started","payload":{"workflowId":"fC5E99z5uUn0fKjT","workflowName":"Accisense alert","executionId":"69","nodeType":"n8n-nodes-base.if","nodeName":"ACK Received","nodeId":"5b260765-1b6e-478b-b19b-c6bd9f5134a2"}}
{"__type":"$$EventMessageConfirm","confirm":"7dade447-c50e-430f-a4c9-6bc9a2872df3","ts":"2026-09-09T08:54:23.845-04:00","source":{"id":"0","name":"eventBus"}}
{"__type":"$$EventMessageNode","id":"bad37840-9000-4325-b57f-94ff1ddecd28","ts":"2026-09-09T08:54:23.859-04:00","eventName":"n8n.node.finished","message":"n8n.node.finished","payload":{"workflowId":"fC5E99z5uUn0fKjT","workflowName":"Accisense alert","executionId":"69","nodeType":"n8n-nodes-base.if","nodeName":"ACK Received","nodeId":"5b260765-1b6e-478b-b19b-c6bd9f5134a2"}}
{"__type":"$$EventMessageConfirm","confirm":"bad37840-9000-4325-b57f-94ff1ddecd28","ts":"2026-09-09T08:54:23.859-04:00","source":{"id":"0","name":"eventBus"}}
{"__type":"$$EventMessageWorkflow","id":"7abc2829-5334-4c5d-bd0d-b82993526c7f","ts":"2026-09-09T08:54:23.862-04:00","eventName":"n8n.workflow.success","message":"n8n.workflow.success","payload":{"userId":"c17e4e51-fb03-4a49-8690-2eb153d72420","executionId":"69","success":true,"isManual":true,"mode":"manual","workflowId":"fC5E99z5uUn0fKjT","workflowName":"Accisense alert","projectId":"VPeJW2ayhoZgotkV","projectName":"ANURAG SHARMA <anurag.25scse1180671@galgotiasuniversity.ac.in>"}}
{"__type":"$$EventMessageConfirm","confirm":"7abc2829-5334-4c5d-bd0d-b82993526c7f","ts":"2026-09-09T08:54:23.862-04:00","source":{"id":"0","name":"eventBus"}}
{"__type":"$$EventMessageAudit","id":"49ca7f27-9bd3-4387-9780-8ac322ba5c86","ts":"2026-09-09T08:54:29.298-04:00","eventName":"n8n.audit.workflow.executed","message":"n8n.audit.workflow.executed","payload":{"userId":"c17e4e51-fb03-4a49-8690-2eb153d72420","_email":"anurag.25scse1180671@galgotiasuniversity.ac.in","_firstName":"ANURAG","_lastName":"SHARMA","globalRole":"global:owner","workflowId":"fC5E99z5uUn0fKjT","workflowName":"Accisense alert","executionId":"70","projectId":"VPeJW2ayhoZgotkV","projectName":"ANURAG SHARMA <anurag.25scse1180671@galgotiasuniversity.ac.in>","source":"user-manual"}}
{"__type":"$$EventMessageConfirm","confirm":"49ca7f27-9bd3-4387-9780-8ac322ba5c86","ts":"2026-09-09T08:54:29.298-04:00","source":{"id":"0","name":"eventBus"}}
{"__type":"$$EventMessageWorkflow","id":"02571c06-3b2f-4541-a264-266f8e133917","ts":"2026-09-09T08:54:29.298-04:00","eventName":"n8n.workflow.started","message":"n8n.workflow.started","payload":{"executionId":"70","workflowId":"fC5E99z5uUn0fKjT","isManual":false,"mode":"manual","workflowName":"Accisense alert","projectId":"VPeJW2ayhoZgotkV","projectName":"ANURAG SHARMA <anurag.25scse1180671@galgotiasuniversity.ac.in>"}}
{"__type":"$$EventMessageConfirm","confirm":"02571c06-3b2f-4541-a264-266f8e133917","ts":"2026-09-09T08:54:29.298-04:00","source":{"id":"0","name":"eventBus"}}
{"__type":"$$EventMessageNode","id":"2cc08ca1-dde7-4348-bfba-a0ba896e4832","ts":"2026-09-09T08:54:29.315-04:00","eventName":"n8n.node.started","message":"n8n.node.started","payload":{"workflowId":"fC5E99z5uUn0fKjT","workflowName":"Accisense alert","executionId":"70","nodeType":"n8n-nodes-base.httpRequest","nodeName":"Escalate Incident","nodeId":"f6db980e-4bbc-4852-8053-f3170cc5cfa3"}}
{"__type":"$$EventMessageConfirm","confirm":"2cc08ca1-dde7-4348-bfba-a0ba896e4832","ts":"2026-09-09T08:54:29.316-04:00","source":{"id":"0","name":"eventBus"}}
{"__type":"$$EventMessageNode","id":"27bb8135-7163-4436-9f20-496bd958cd62","ts":"2026-09-09T08:54:30.277-04:00","eventName":"n8n.node.finished","message":"n8n.node.finished","payload":{"workflowId":"fC5E99z5uUn0fKjT","workflowName":"Accisense alert","executionId":"70","nodeType":"n8n-nodes-base.httpRequest","nodeName":"Escalate Incident","nodeId":"f6db980e-4bbc-4852-8053-f3170cc5cfa3"}}
{"__type":"$$EventMessageConfirm","confirm":"27bb8135-7163-4436-9f20-496bd958cd62","ts":"2026-09-09T08:54:30.278-04:00","source":{"id":"0","name":"eventBus"}}
{"__type":"$$EventMessageWorkflow","id":"5f17104b-8b72-4a2f-9219-e6177b5c25f3","ts":"2026-09-09T08:54:30.280-04:00","eventName":"n8n.workflow.success","message":"n8n.workflow.success","payload":{"userId":"c17e4e51-fb03-4a49-8690-2eb153d72420","executionId":"70","success":true,"isManual":true,"mode":"manual","workflowId":"fC5E99z5uUn0fKjT","workflowName":"Accisense alert","projectId":"VPeJW2ayhoZgotkV","projectName":"ANURAG SHARMA <anurag.25scse1180671@galgotiasuniversity.ac.in>"}}
{"__type":"$$EventMessageConfirm","confirm":"5f17104b-8b72-4a2f-9219-e6177b5c25f3","ts":"2026-09-09T08:54:30.280-04:00","source":{"id":"0","name":"eventBus"}}
{"__type":"$$EventMessageAudit","id":"3a643582-f88e-4d0f-9f7e-516eeb6b9ce2","ts":"2026-09-09T08:54:35.248-04:00","eventName":"n8n.audit.workflow.executed","message":"n8n.audit.workflow.executed","payload":{"userId":"c17e4e51-fb03-4a49-8690-2eb153d72420","_email":"anurag.25scse1180671@galgotiasuniversity.ac.in","_firstName":"ANURAG","_lastName":"SHARMA","globalRole":"global:owner","workflowId":"fC5E99z5uUn0fKjT","workflowName":"Accisense alert","executionId":"71","projectId":"VPeJW2ayhoZgotkV","projectName":"ANURAG SHARMA <anurag.25scse1180671@galgotiasuniversity.ac.in>","source":"user-manual"}}
{"__type":"$$EventMessageConfirm","confirm":"3a643582-f88e-4d0f-9f7e-516eeb6b9ce2","ts":"2026-09-09T08:54:35.248-04:00","source":{"id":"0","name":"eventBus"}}
{"__type":"$$EventMessageWorkflow","id":"a04db7fa-77e6-4c9e-885d-2ef0429fad94","ts":"2026-09-09T08:54:35.249-04:00","eventName":"n8n.workflow.started","message":"n8n.workflow.started","payload":{"executionId":"71","workflowId":"fC5E99z5uUn0fKjT","isManual":false,"mode":"manual","workflowName":"Accisense alert","projectId":"VPeJW2ayhoZgotkV","projectName":"ANURAG SHARMA <anurag.25scse1180671@galgotiasuniversity.ac.in>"}}
{"__type":"$$EventMessageConfirm","confirm":"a04db7fa-77e6-4c9e-885d-2ef0429fad94","ts":"2026-09-09T08:54:35.249-04:00","source":{"id":"0","name":"eventBus"}}
{"__type":"$$EventMessageNode","id":"8b2702fd-8e23-41f6-887b-f8298b15aad4","ts":"2026-09-09T08:54:35.288-04:00","eventName":"n8n.node.started","message":"n8n.node.started","payload":{"workflowId":"fC5E99z5uUn0fKjT","workflowName":"Accisense alert","executionId":"71","nodeType":"n8n-nodes-base.telegram","nodeName":"Send Escalation Alert","nodeId":"12afa1a4-83f9-4258-ac14-05120d14f0ed"}}
{"__type":"$$EventMessageConfirm","confirm":"8b2702fd-8e23-41f6-887b-f8298b15aad4","ts":"2026-09-09T08:54:35.289-04:00","source":{"id":"0","name":"eventBus"}}
{"__type":"$$EventMessageNode","id":"291a9b91-eae4-49d4-bd78-13929a96b55d","ts":"2026-09-09T08:54:36.265-04:00","eventName":"n8n.node.finished","message":"n8n.node.finished","payload":{"workflowId":"fC5E99z5uUn0fKjT","workflowName":"Accisense alert","executionId":"71","nodeType":"n8n-nodes-base.telegram","nodeName":"Send Escalation Alert","nodeId":"12afa1a4-83f9-4258-ac14-05120d14f0ed"}}
{"__type":"$$EventMessageConfirm","confirm":"291a9b91-eae4-49d4-bd78-13929a96b55d","ts":"2026-09-09T08:54:36.265-04:00","source":{"id":"0","name":"eventBus"}}
{"__type":"$$EventMessageWorkflow","id":"d948ed5c-9ff1-4f6f-9cc2-5de396d30613","ts":"2026-09-09T08:54:36.270-04:00","eventName":"n8n.workflow.success","message":"n8n.workflow.success","payload":{"userId":"c17e4e51-fb03-4a49-8690-2eb153d72420","executionId":"71","success":true,"isManual":true,"mode":"manual","workflowId":"fC5E99z5uUn0fKjT","workflowName":"Accisense alert","projectId":"VPeJW2ayhoZgotkV","projectName":"ANURAG SHARMA <anurag.25scse1180671@galgotiasuniversity.ac.in>"}}
{"__type":"$$EventMessageConfirm","confirm":"d948ed5c-9ff1-4f6f-9cc2-5de396d30613","ts":"2026-09-09T08:54:36.270-04:00","source":{"id":"0","name":"eventBus"}}
{"__type":"$$EventMessageAudit","id":"15893ae5-84f3-4372-ba73-936fd98c9530","ts":"2026-09-09T08:56:08.289-04:00","eventName":"n8n.audit.workflow.executed","message":"n8n.audit.workflow.executed","payload":{"workflowId":"fC5E99z5uUn0fKjT","workflowName":"Accisense alert","executionId":"72","projectId":"VPeJW2ayhoZgotkV","projectName":"ANURAG SHARMA <anurag.25scse1180671@galgotiasuniversity.ac.in>","source":"webhook"}}
{"__type":"$$EventMessageConfirm","confirm":"15893ae5-84f3-4372-ba73-936fd98c9530","ts":"2026-09-09T08:56:08.289-04:00","source":{"id":"0","name":"eventBus"}}
{"__type":"$$EventMessageWorkflow","id":"066b31dc-f480-4ec4-8eac-c3bedd9e9e4c","ts":"2026-09-09T08:56:08.290-04:00","eventName":"n8n.workflow.started","message":"n8n.workflow.started","payload":{"executionId":"72","workflowId":"fC5E99z5uUn0fKjT","isManual":false,"mode":"manual","workflowName":"Accisense alert","projectId":"VPeJW2ayhoZgotkV","projectName":"ANURAG SHARMA <anurag.25scse1180671@galgotiasuniversity.ac.in>"}}
{"__type":"$$EventMessageConfirm","confirm":"066b31dc-f480-4ec4-8eac-c3bedd9e9e4c","ts":"2026-09-09T08:56:08.290-04:00","source":{"id":"0","name":"eventBus"}}
{"__type":"$$EventMessageNode","id":"15e20f83-3b16-484e-89b6-42ccd9ddbd56","ts":"2026-09-09T08:56:08.314-04:00","eventName":"n8n.node.started","message":"n8n.node.started","payload":{"workflowId":"fC5E99z5uUn0fKjT","workflowName":"Accisense alert","executionId":"72","nodeType":"n8n-nodes-base.webhook","nodeName":"Webhook","nodeId":"1132293c-0068-4318-83d9-b3883ab01b5a"}}
{"__type":"$$EventMessageConfirm","confirm":"15e20f83-3b16-484e-89b6-42ccd9ddbd56","ts":"2026-09-09T08:56:08.314-04:00","source":{"id":"0","name":"eventBus"}}
{"__type":"$$EventMessageNode","id":"707e95e4-c619-4ac5-b9b9-cd1f54330db7","ts":"2026-09-09T08:56:08.315-04:00","eventName":"n8n.node.finished","message":"n8n.node.finished","payload":{"workflowId":"fC5E99z5uUn0fKjT","workflowName":"Accisense alert","executionId":"72","nodeType":"n8n-nodes-base.webhook","nodeName":"Webhook","nodeId":"1132293c-0068-4318-83d9-b3883ab01b5a"}}
{"__type":"$$EventMessageConfirm","confirm":"707e95e4-c619-4ac5-b9b9-cd1f54330db7","ts":"2026-09-09T08:56:08.315-04:00","source":{"id":"0","name":"eventBus"}}
{"__type":"$$EventMessageNode","id":"748731ce-90b4-4422-b31a-bc43213c21a7","ts":"2026-09-09T08:56:08.315-04:00","eventName":"n8n.node.started","message":"n8n.node.started","payload":{"workflowId":"fC5E99z5uUn0fKjT","workflowName":"Accisense alert","executionId":"72","nodeType":"n8n-nodes-base.if","nodeName":"Parse Alert","nodeId":"ae47ab65-f8eb-415b-aafc-fa2cf54d58f9"}}
{"__type":"$$EventMessageConfirm","confirm":"748731ce-90b4-4422-b31a-bc43213c21a7","ts":"2026-09-09T08:56:08.315-04:00","source":{"id":"0","name":"eventBus"}}
{"__type":"$$EventMessageNode","id":"adf4f155-026e-44cf-9ba1-d644705433e7","ts":"2026-09-09T08:56:08.321-04:00","eventName":"n8n.node.finished","message":"n8n.node.finished","payload":{"workflowId":"fC5E99z5uUn0fKjT","workflowName":"Accisense alert","executionId":"72","nodeType":"n8n-nodes-base.if","nodeName":"Parse Alert","nodeId":"ae47ab65-f8eb-415b-aafc-fa2cf54d58f9"}}
{"__type":"$$EventMessageConfirm","confirm":"adf4f155-026e-44cf-9ba1-d644705433e7","ts":"2026-09-09T08:56:08.321-04:00","source":{"id":"0","name":"eventBus"}}
{"__type":"$$EventMessageNode","id":"bdb06ec1-9157-47c4-8bcc-71188d6cbd06","ts":"2026-09-09T08:56:08.322-04:00","eventName":"n8n.node.started","message":"n8n.node.started","payload":{"workflowId":"fC5E99z5uUn0fKjT","workflowName":"Accisense alert","executionId":"72","nodeType":"@n8n/n8n-nodes-langchain.googleGemini","nodeName":"AI Triage","nodeId":"194c44f4-774e-44c0-8867-125d45a66c11"}}
{"__type":"$$EventMessageConfirm","confirm":"bdb06ec1-9157-47c4-8bcc-71188d6cbd06","ts":"2026-09-09T08:56:08.322-04:00","source":{"id":"0","name":"eventBus"}}
{"__type":"$$EventMessageNode","id":"363d8663-3194-4f63-a835-39ff6144a8ee","ts":"2026-09-09T08:56:12.602-04:00","eventName":"n8n.node.finished","message":"n8n.node.finished","payload":{"workflowId":"fC5E99z5uUn0fKjT","workflowName":"Accisense alert","executionId":"72","nodeType":"@n8n/n8n-nodes-langchain.googleGemini","nodeName":"AI Triage","nodeId":"194c44f4-774e-44c0-8867-125d45a66c11"}}
{"__type":"$$EventMessageConfirm","confirm":"363d8663-3194-4f63-a835-39ff6144a8ee","ts":"2026-09-09T08:56:12.602-04:00","source":{"id":"0","name":"eventBus"}}
{"__type":"$$EventMessageNode","id":"f6112a0d-49b1-4f51-8882-385f0c0328b9","ts":"2026-09-09T08:56:12.603-04:00","eventName":"n8n.node.started","message":"n8n.node.started","payload":{"workflowId":"fC5E99z5uUn0fKjT","workflowName":"Accisense alert","executionId":"72","nodeType":"n8n-nodes-base.code","nodeName":"Normalize AI Code","nodeId":"d61afa8b-db4d-44e0-bedd-5359b32ee7bd"}}
{"__type":"$$EventMessageConfirm","confirm":"f6112a0d-49b1-4f51-8882-385f0c0328b9","ts":"2026-09-09T08:56:12.603-04:00","source":{"id":"0","name":"eventBus"}}
{"__type":"$$EventMessageRunner","id":"83630961-c728-4842-9fb5-0fc90e636aff","ts":"2026-09-09T08:56:12.604-04:00","eventName":"n8n.runner.task.requested","message":"n8n.runner.task.requested","payload":{"taskId":"9MIEF4uc","nodeId":"d61afa8b-db4d-44e0-bedd-5359b32ee7bd","workflowId":"fC5E99z5uUn0fKjT","executionId":"72"}}
{"__type":"$$EventMessageConfirm","confirm":"83630961-c728-4842-9fb5-0fc90e636aff","ts":"2026-09-09T08:56:12.604-04:00","source":{"id":"0","name":"eventBus"}}
{"__type":"$$EventMessageRunner","id":"54937f34-7b77-4879-ba79-a73cfc1a07c0","ts":"2026-09-09T08:56:12.618-04:00","eventName":"n8n.runner.response.received","message":"n8n.runner.response.received","payload":{"taskId":"9MIEF4uc","nodeId":"d61afa8b-db4d-44e0-bedd-5359b32ee7bd","workflowId":"fC5E99z5uUn0fKjT","executionId":"72"}}
{"__type":"$$EventMessageConfirm","confirm":"54937f34-7b77-4879-ba79-a73cfc1a07c0","ts":"2026-09-09T08:56:12.618-04:00","source":{"id":"0","name":"eventBus"}}
{"__type":"$$EventMessageNode","id":"368f1c3a-d81f-44da-8875-0ff81a05dfb3","ts":"2026-09-09T08:56:12.618-04:00","eventName":"n8n.node.finished","message":"n8n.node.finished","payload":{"workflowId":"fC5E99z5uUn0fKjT","workflowName":"Accisense alert","executionId":"72","nodeType":"n8n-nodes-base.code","nodeName":"Normalize AI Code","nodeId":"d61afa8b-db4d-44e0-bedd-5359b32ee7bd"}}
{"__type":"$$EventMessageConfirm","confirm":"368f1c3a-d81f-44da-8875-0ff81a05dfb3","ts":"2026-09-09T08:56:12.619-04:00","source":{"id":"0","name":"eventBus"}}
{"__type":"$$EventMessageNode","id":"76163217-957f-43fa-8ef1-7c766350f907","ts":"2026-09-09T08:56:12.619-04:00","eventName":"n8n.node.started","message":"n8n.node.started","payload":{"workflowId":"fC5E99z5uUn0fKjT","workflowName":"Accisense alert","executionId":"72","nodeType":"n8n-nodes-base.httpRequest","nodeName":"Create Incident","nodeId":"a8982d80-dd7c-4b50-bcc1-9774d5030e50"}}
{"__type":"$$EventMessageConfirm","confirm":"76163217-957f-43fa-8ef1-7c766350f907","ts":"2026-09-09T08:56:12.619-04:00","source":{"id":"0","name":"eventBus"}}
{"__type":"$$EventMessageNode","id":"8afdafc6-7a5e-4cdb-8b86-bd6e28fc4a68","ts":"2026-09-09T08:56:13.725-04:00","eventName":"n8n.node.finished","message":"n8n.node.finished","payload":{"workflowId":"fC5E99z5uUn0fKjT","workflowName":"Accisense alert","executionId":"72","nodeType":"n8n-nodes-base.httpRequest","nodeName":"Create Incident","nodeId":"a8982d80-dd7c-4b50-bcc1-9774d5030e50"}}
{"__type":"$$EventMessageConfirm","confirm":"8afdafc6-7a5e-4cdb-8b86-bd6e28fc4a68","ts":"2026-09-09T08:56:13.725-04:00","source":{"id":"0","name":"eventBus"}}
{"__type":"$$EventMessageNode","id":"8901b542-7506-4d7b-a3a1-9573fa42bb5d","ts":"2026-09-09T08:56:13.725-04:00","eventName":"n8n.node.started","message":"n8n.node.started","payload":{"workflowId":"fC5E99z5uUn0fKjT","workflowName":"Accisense alert","executionId":"72","nodeType":"n8n-nodes-base.telegram","nodeName":"Send Alert","nodeId":"7c481263-5942-4621-a0e8-799c9e1a6335"}}
{"__type":"$$EventMessageConfirm","confirm":"8901b542-7506-4d7b-a3a1-9573fa42bb5d","ts":"2026-09-09T08:56:13.725-04:00","source":{"id":"0","name":"eventBus"}}
{"__type":"$$EventMessageNode","id":"902bb5dd-29fd-4c1f-befa-fc45037b50d0","ts":"2026-09-09T08:56:15.153-04:00","eventName":"n8n.node.finished","message":"n8n.node.finished","payload":{"workflowId":"fC5E99z5uUn0fKjT","workflowName":"Accisense alert","executionId":"72","nodeType":"n8n-nodes-base.telegram","nodeName":"Send Alert","nodeId":"7c481263-5942-4621-a0e8-799c9e1a6335"}}
{"__type":"$$EventMessageConfirm","confirm":"902bb5dd-29fd-4c1f-befa-fc45037b50d0","ts":"2026-09-09T08:56:15.154-04:00","source":{"id":"0","name":"eventBus"}}
{"__type":"$$EventMessageNode","id":"b7cec6bb-d012-4eaf-b1c1-10b9cfb3f6af","ts":"2026-09-09T08:56:15.154-04:00","eventName":"n8n.node.started","message":"n8n.node.started","payload":{"workflowId":"fC5E99z5uUn0fKjT","workflowName":"Accisense alert","executionId":"72","nodeType":"n8n-nodes-base.supabase","nodeName":"Create a row","nodeId":"00c26655-3a8f-471e-a1e0-49c908b3a937"}}
{"__type":"$$EventMessageConfirm","confirm":"b7cec6bb-d012-4eaf-b1c1-10b9cfb3f6af","ts":"2026-09-09T08:56:15.154-04:00","source":{"id":"0","name":"eventBus"}}
{"__type":"$$EventMessageNode","id":"cf8e1cfc-6274-437b-b2d5-f416f0bab1a4","ts":"2026-09-09T08:56:15.978-04:00","eventName":"n8n.node.finished","message":"n8n.node.finished","payload":{"workflowId":"fC5E99z5uUn0fKjT","workflowName":"Accisense alert","executionId":"72","nodeType":"n8n-nodes-base.supabase","nodeName":"Create a row","nodeId":"00c26655-3a8f-471e-a1e0-49c908b3a937"}}
{"__type":"$$EventMessageConfirm","confirm":"cf8e1cfc-6274-437b-b2d5-f416f0bab1a4","ts":"2026-09-09T08:56:15.978-04:00","source":{"id":"0","name":"eventBus"}}
{"__type":"$$EventMessageNode","id":"78d75332-6cbb-42e5-9307-47aa86c639f7","ts":"2026-09-09T08:56:15.979-04:00","eventName":"n8n.node.started","message":"n8n.node.started","payload":{"workflowId":"fC5E99z5uUn0fKjT","workflowName":"Accisense alert","executionId":"72","nodeType":"n8n-nodes-base.telegram","nodeName":"Send confirmation/log","nodeId":"c744bd15-731f-4fc0-b570-38a032a54b24"}}
{"__type":"$$EventMessageConfirm","confirm":"78d75332-6cbb-42e5-9307-47aa86c639f7","ts":"2026-09-09T08:56:15.980-04:00","source":{"id":"0","name":"eventBus"}}
{"__type":"$$EventMessageNode","id":"da2fd091-072c-4146-bbcd-9c9904eb375c","ts":"2026-09-09T08:56:17.252-04:00","eventName":"n8n.node.finished","message":"n8n.node.finished","payload":{"workflowId":"fC5E99z5uUn0fKjT","workflowName":"Accisense alert","executionId":"72","nodeType":"n8n-nodes-base.telegram","nodeName":"Send confirmation/log","nodeId":"c744bd15-731f-4fc0-b570-38a032a54b24"}}
{"__type":"$$EventMessageConfirm","confirm":"da2fd091-072c-4146-bbcd-9c9904eb375c","ts":"2026-09-09T08:56:17.253-04:00","source":{"id":"0","name":"eventBus"}}
{"__type":"$$EventMessageNode","id":"274f1667-6c65-4524-b95d-f0449ac8caf4","ts":"2026-09-09T08:56:17.253-04:00","eventName":"n8n.node.started","message":"n8n.node.started","payload":{"workflowId":"fC5E99z5uUn0fKjT","workflowName":"Accisense alert","executionId":"72","nodeType":"n8n-nodes-base.wait","nodeName":"Wait for ACK","nodeId":"ca787a9f-9728-483b-bdd3-2b2d7ea9e12f"}}
{"__type":"$$EventMessageConfirm","confirm":"274f1667-6c65-4524-b95d-f0449ac8caf4","ts":"2026-09-09T08:56:17.253-04:00","source":{"id":"0","name":"eventBus"}}
{"__type":"$$EventMessageAudit","id":"4edd9100-7fc8-4c16-a96b-fceba38060e9","ts":"2026-09-09T08:56:18.949-04:00","eventName":"n8n.audit.workflow.executed","message":"n8n.audit.workflow.executed","payload":{"workflowId":"syQ1650RVcPcjzXQ","workflowName":"Accisense Ack","executionId":"73","projectId":"VPeJW2ayhoZgotkV","projectName":"ANURAG SHARMA <anurag.25scse1180671@galgotiasuniversity.ac.in>","source":"webhook"}}
{"__type":"$$EventMessageConfirm","confirm":"4edd9100-7fc8-4c16-a96b-fceba38060e9","ts":"2026-09-09T08:56:18.949-04:00","source":{"id":"0","name":"eventBus"}}
{"__type":"$$EventMessageWorkflow","id":"31616b15-a460-4468-8e11-ba2446c14efd","ts":"2026-09-09T08:56:18.950-04:00","eventName":"n8n.workflow.started","message":"n8n.workflow.started","payload":{"executionId":"73","workflowId":"syQ1650RVcPcjzXQ","isManual":false,"mode":"manual","workflowName":"Accisense Ack","projectId":"VPeJW2ayhoZgotkV","projectName":"ANURAG SHARMA <anurag.25scse1180671@galgotiasuniversity.ac.in>"}}
{"__type":"$$EventMessageConfirm","confirm":"31616b15-a460-4468-8e11-ba2446c14efd","ts":"2026-09-09T08:56:18.950-04:00","source":{"id":"0","name":"eventBus"}}
{"__type":"$$EventMessageNode","id":"ddb2029c-ea5f-44a8-8542-b8177710c315","ts":"2026-09-09T08:56:18.968-04:00","eventName":"n8n.node.started","message":"n8n.node.started","payload":{"workflowId":"syQ1650RVcPcjzXQ","workflowName":"Accisense Ack","executionId":"73","nodeType":"n8n-nodes-base.telegramTrigger","nodeName":"On ACK Button","nodeId":"c6dd631b-5579-4cf6-a48b-fbcd8b4ba156"}}
{"__type":"$$EventMessageConfirm","confirm":"ddb2029c-ea5f-44a8-8542-b8177710c315","ts":"2026-09-09T08:56:18.968-04:00","source":{"id":"0","name":"eventBus"}}
{"__type":"$$EventMessageNode","id":"b2ab1211-c811-4203-a8f7-067deac1d7d3","ts":"2026-09-09T08:56:18.969-04:00","eventName":"n8n.node.finished","message":"n8n.node.finished","payload":{"workflowId":"syQ1650RVcPcjzXQ","workflowName":"Accisense Ack","executionId":"73","nodeType":"n8n-nodes-base.telegramTrigger","nodeName":"On ACK Button","nodeId":"c6dd631b-5579-4cf6-a48b-fbcd8b4ba156"}}
{"__type":"$$EventMessageConfirm","confirm":"b2ab1211-c811-4203-a8f7-067deac1d7d3","ts":"2026-09-09T08:56:18.969-04:00","source":{"id":"0","name":"eventBus"}}
{"__type":"$$EventMessageNode","id":"0e3735c8-77d5-4f57-ad1e-3c4b582d9abc","ts":"2026-09-09T08:56:18.971-04:00","eventName":"n8n.node.started","message":"n8n.node.started","payload":{"workflowId":"syQ1650RVcPcjzXQ","workflowName":"Accisense Ack","executionId":"73","nodeType":"n8n-nodes-base.telegram","nodeName":"Answer Query a callback","nodeId":"2661019e-153e-4575-a346-44cc88c70061"}}
{"__type":"$$EventMessageConfirm","confirm":"0e3735c8-77d5-4f57-ad1e-3c4b582d9abc","ts":"2026-09-09T08:56:18.971-04:00","source":{"id":"0","name":"eventBus"}}
{"__type":"$$EventMessageNode","id":"581c03c3-1226-40ba-b487-9ef5b6769635","ts":"2026-09-09T08:56:20.274-04:00","eventName":"n8n.node.finished","message":"n8n.node.finished","payload":{"workflowId":"syQ1650RVcPcjzXQ","workflowName":"Accisense Ack","executionId":"73","nodeType":"n8n-nodes-base.telegram","nodeName":"Answer Query a callback","nodeId":"2661019e-153e-4575-a346-44cc88c70061"}}
{"__type":"$$EventMessageConfirm","confirm":"581c03c3-1226-40ba-b487-9ef5b6769635","ts":"2026-09-09T08:56:20.275-04:00","source":{"id":"0","name":"eventBus"}}
{"__type":"$$EventMessageNode","id":"8cce7c0d-2889-49d2-84f7-1852a0a2e235","ts":"2026-09-09T08:56:20.275-04:00","eventName":"n8n.node.started","message":"n8n.node.started","payload":{"workflowId":"syQ1650RVcPcjzXQ","workflowName":"Accisense Ack","executionId":"73","nodeType":"n8n-nodes-base.set","nodeName":"Parse ACK","nodeId":"683cc3f3-95cc-4e0a-bb0a-53169b4c4597"}}
{"__type":"$$EventMessageConfirm","confirm":"8cce7c0d-2889-49d2-84f7-1852a0a2e235","ts":"2026-09-09T08:56:20.275-04:00","source":{"id":"0","name":"eventBus"}}
{"__type":"$$EventMessageNode","id":"124568c9-0911-4417-b346-8863d7679b6b","ts":"2026-09-09T08:56:20.281-04:00","eventName":"n8n.node.finished","message":"n8n.node.finished","payload":{"workflowId":"syQ1650RVcPcjzXQ","workflowName":"Accisense Ack","executionId":"73","nodeType":"n8n-nodes-base.set","nodeName":"Parse ACK","nodeId":"683cc3f3-95cc-4e0a-bb0a-53169b4c4597"}}
{"__type":"$$EventMessageConfirm","confirm":"124568c9-0911-4417-b346-8863d7679b6b","ts":"2026-09-09T08:56:20.281-04:00","source":{"id":"0","name":"eventBus"}}
{"__type":"$$EventMessageNode","id":"4a9c68e5-4e2c-4bcc-89bf-231f3a96b186","ts":"2026-09-09T08:56:20.282-04:00","eventName":"n8n.node.started","message":"n8n.node.started","payload":{"workflowId":"syQ1650RVcPcjzXQ","workflowName":"Accisense Ack","executionId":"73","nodeType":"n8n-nodes-base.set","nodeName":"Extract AcciSense ID","nodeId":"22008c1d-f023-4a46-ab49-e8a035645aac"}}
{"__type":"$$EventMessageConfirm","confirm":"4a9c68e5-4e2c-4bcc-89bf-231f3a96b186","ts":"2026-09-09T08:56:20.282-04:00","source":{"id":"0","name":"eventBus"}}
{"__type":"$$EventMessageNode","id":"0f9509f7-4105-4874-8700-09fa9733726b","ts":"2026-09-09T08:56:20.286-04:00","eventName":"n8n.node.finished","message":"n8n.node.finished","payload":{"workflowId":"syQ1650RVcPcjzXQ","workflowName":"Accisense Ack","executionId":"73","nodeType":"n8n-nodes-base.set","nodeName":"Extract AcciSense ID","nodeId":"22008c1d-f023-4a46-ab49-e8a035645aac"}}
{"__type":"$$EventMessageConfirm","confirm":"0f9509f7-4105-4874-8700-09fa9733726b","ts":"2026-09-09T08:56:20.286-04:00","source":{"id":"0","name":"eventBus"}}
{"__type":"$$EventMessageNode","id":"909dee1a-fb3a-4bf0-82f5-6d6ba9baa7b0","ts":"2026-09-09T08:56:20.286-04:00","eventName":"n8n.node.started","message":"n8n.node.started","payload":{"workflowId":"syQ1650RVcPcjzXQ","workflowName":"Accisense Ack","executionId":"73","nodeType":"n8n-nodes-base.httpRequest","nodeName":"Acknowledge Incident","nodeId":"a141b20b-15fe-436d-84e8-ff699b266095"}}
{"__type":"$$EventMessageConfirm","confirm":"909dee1a-fb3a-4bf0-82f5-6d6ba9baa7b0","ts":"2026-09-09T08:56:20.286-04:00","source":{"id":"0","name":"eventBus"}}
{"__type":"$$EventMessageNode","id":"23d07e01-0cba-4e3a-bba8-9c96effa8980","ts":"2026-09-09T08:56:21.290-04:00","eventName":"n8n.node.finished","message":"n8n.node.finished","payload":{"workflowId":"syQ1650RVcPcjzXQ","workflowName":"Accisense Ack","executionId":"73","nodeType":"n8n-nodes-base.httpRequest","nodeName":"Acknowledge Incident","nodeId":"a141b20b-15fe-436d-84e8-ff699b266095"}}
{"__type":"$$EventMessageConfirm","confirm":"23d07e01-0cba-4e3a-bba8-9c96effa8980","ts":"2026-09-09T08:56:21.290-04:00","source":{"id":"0","name":"eventBus"}}
{"__type":"$$EventMessageNode","id":"590adc9a-9bb3-4209-8b89-c88a1bda7791","ts":"2026-09-09T08:56:21.291-04:00","eventName":"n8n.node.started","message":"n8n.node.started","payload":{"workflowId":"syQ1650RVcPcjzXQ","workflowName":"Accisense Ack","executionId":"73","nodeType":"n8n-nodes-base.supabase","nodeName":"Get many rows","nodeId":"666dfc14-e54f-4d5a-a30c-c0d18601345a"}}
{"__type":"$$EventMessageConfirm","confirm":"590adc9a-9bb3-4209-8b89-c88a1bda7791","ts":"2026-09-09T08:56:21.291-04:00","source":{"id":"0","name":"eventBus"}}
{"__type":"$$EventMessageNode","id":"28609f6d-6b4c-43ad-b686-ee2eeaa03e04","ts":"2026-09-09T08:56:22.436-04:00","eventName":"n8n.node.finished","message":"n8n.node.finished","payload":{"workflowId":"syQ1650RVcPcjzXQ","workflowName":"Accisense Ack","executionId":"73","nodeType":"n8n-nodes-base.supabase","nodeName":"Get many rows","nodeId":"666dfc14-e54f-4d5a-a30c-c0d18601345a"}}
{"__type":"$$EventMessageConfirm","confirm":"28609f6d-6b4c-43ad-b686-ee2eeaa03e04","ts":"2026-09-09T08:56:22.436-04:00","source":{"id":"0","name":"eventBus"}}
{"__type":"$$EventMessageNode","id":"8e75ecc1-d441-4e7f-be61-261709537614","ts":"2026-09-09T08:56:22.436-04:00","eventName":"n8n.node.started","message":"n8n.node.started","payload":{"workflowId":"syQ1650RVcPcjzXQ","workflowName":"Accisense Ack","executionId":"73","nodeType":"n8n-nodes-base.merge","nodeName":"Merge","nodeId":"3f4ac7aa-c27d-4378-a92f-511a8966b11c"}}
{"__type":"$$EventMessageConfirm","confirm":"8e75ecc1-d441-4e7f-be61-261709537614","ts":"2026-09-09T08:56:22.436-04:00","source":{"id":"0","name":"eventBus"}}
{"__type":"$$EventMessageNode","id":"863317b2-a660-4337-886a-c4adeed428e8","ts":"2026-09-09T08:56:22.439-04:00","eventName":"n8n.node.finished","message":"n8n.node.finished","payload":{"workflowId":"syQ1650RVcPcjzXQ","workflowName":"Accisense Ack","executionId":"73","nodeType":"n8n-nodes-base.merge","nodeName":"Merge","nodeId":"3f4ac7aa-c27d-4378-a92f-511a8966b11c"}}
{"__type":"$$EventMessageConfirm","confirm":"863317b2-a660-4337-886a-c4adeed428e8","ts":"2026-09-09T08:56:22.439-04:00","source":{"id":"0","name":"eventBus"}}
{"__type":"$$EventMessageNode","id":"c08ad74d-5e42-499a-bdc8-37af08341bbd","ts":"2026-09-09T08:56:22.440-04:00","eventName":"n8n.node.started","message":"n8n.node.started","payload":{"workflowId":"syQ1650RVcPcjzXQ","workflowName":"Accisense Ack","executionId":"73","nodeType":"n8n-nodes-base.httpRequest","nodeName":"Update Telegram Message","nodeId":"9710fa08-d09f-4cb7-bf14-984d3edcbc31"}}
{"__type":"$$EventMessageConfirm","confirm":"c08ad74d-5e42-499a-bdc8-37af08341bbd","ts":"2026-09-09T08:56:22.440-04:00","source":{"id":"0","name":"eventBus"}}
{"__type":"$$EventMessageNode","id":"a65338e2-a4f6-4ba6-8ee9-5d4aa0426ffa","ts":"2026-09-09T08:56:23.552-04:00","eventName":"n8n.node.finished","message":"n8n.node.finished","payload":{"workflowId":"syQ1650RVcPcjzXQ","workflowName":"Accisense Ack","executionId":"73","nodeType":"n8n-nodes-base.httpRequest","nodeName":"Update Telegram Message","nodeId":"9710fa08-d09f-4cb7-bf14-984d3edcbc31"}}
{"__type":"$$EventMessageConfirm","confirm":"a65338e2-a4f6-4ba6-8ee9-5d4aa0426ffa","ts":"2026-09-09T08:56:23.553-04:00","source":{"id":"0","name":"eventBus"}}
{"__type":"$$EventMessageNode","id":"dc490d53-7e53-455b-9e06-6a7b19cab5c6","ts":"2026-09-09T08:56:23.553-04:00","eventName":"n8n.node.started","message":"n8n.node.started","payload":{"workflowId":"syQ1650RVcPcjzXQ","workflowName":"Accisense Ack","executionId":"73","nodeType":"n8n-nodes-base.telegram","nodeName":"Notify ACK Success","nodeId":"1dd11c85-ceb3-4e48-8372-71f9f0491bda"}}
{"__type":"$$EventMessageConfirm","confirm":"dc490d53-7e53-455b-9e06-6a7b19cab5c6","ts":"2026-09-09T08:56:23.553-04:00","source":{"id":"0","name":"eventBus"}}
{"__type":"$$EventMessageNode","id":"2043795a-43c8-4d6a-bb65-6b601b0dc481","ts":"2026-09-09T08:56:25.087-04:00","eventName":"n8n.node.finished","message":"n8n.node.finished","payload":{"workflowId":"syQ1650RVcPcjzXQ","workflowName":"Accisense Ack","executionId":"73","nodeType":"n8n-nodes-base.telegram","nodeName":"Notify ACK Success","nodeId":"1dd11c85-ceb3-4e48-8372-71f9f0491bda"}}
{"__type":"$$EventMessageConfirm","confirm":"2043795a-43c8-4d6a-bb65-6b601b0dc481","ts":"2026-09-09T08:56:25.087-04:00","source":{"id":"0","name":"eventBus"}}
{"__type":"$$EventMessageNode","id":"c6aaa137-3f0e-4bd1-bc96-30b1928e4ae1","ts":"2026-09-09T08:56:25.088-04:00","eventName":"n8n.node.started","message":"n8n.node.started","payload":{"workflowId":"syQ1650RVcPcjzXQ","workflowName":"Accisense Ack","executionId":"73","nodeType":"n8n-nodes-base.httpRequest","nodeName":"Pinata Success","nodeId":"33637d8b-99aa-40bf-8f73-a5e595a1888d"}}
{"__type":"$$EventMessageConfirm","confirm":"c6aaa137-3f0e-4bd1-bc96-30b1928e4ae1","ts":"2026-09-09T08:56:25.088-04:00","source":{"id":"0","name":"eventBus"}}
{"__type":"$$EventMessageNode","id":"b1ede6d9-77e6-47ff-931c-5a430bbbab82","ts":"2026-09-09T08:56:27.256-04:00","eventName":"n8n.node.finished","message":"n8n.node.finished","payload":{"workflowId":"fC5E99z5uUn0fKjT","workflowName":"Accisense alert","executionId":"72","nodeType":"n8n-nodes-base.wait","nodeName":"Wait for ACK","nodeId":"ca787a9f-9728-483b-bdd3-2b2d7ea9e12f"}}
{"__type":"$$EventMessageConfirm","confirm":"b1ede6d9-77e6-47ff-931c-5a430bbbab82","ts":"2026-09-09T08:56:27.256-04:00","source":{"id":"0","name":"eventBus"}}
{"__type":"$$EventMessageNode","id":"83124d27-3dbd-4ad3-817b-635fe9d5c8b0","ts":"2026-09-09T08:56:27.257-04:00","eventName":"n8n.node.started","message":"n8n.node.started","payload":{"workflowId":"fC5E99z5uUn0fKjT","workflowName":"Accisense alert","executionId":"72","nodeType":"n8n-nodes-base.httpRequest","nodeName":"Check Status","nodeId":"5dc63647-4c85-425a-a253-e4da96ec3e44"}}
{"__type":"$$EventMessageConfirm","confirm":"83124d27-3dbd-4ad3-817b-635fe9d5c8b0","ts":"2026-09-09T08:56:27.257-04:00","source":{"id":"0","name":"eventBus"}}
{"__type":"$$EventMessageNode","id":"d7983ede-1c3c-4ef7-8474-b35352e823ba","ts":"2026-09-09T08:56:27.649-04:00","eventName":"n8n.node.finished","message":"n8n.node.finished","payload":{"workflowId":"syQ1650RVcPcjzXQ","workflowName":"Accisense Ack","executionId":"73","nodeType":"n8n-nodes-base.httpRequest","nodeName":"Pinata Success","nodeId":"33637d8b-99aa-40bf-8f73-a5e595a1888d"}}
{"__type":"$$EventMessageConfirm","confirm":"d7983ede-1c3c-4ef7-8474-b35352e823ba","ts":"2026-09-09T08:56:27.649-04:00","source":{"id":"0","name":"eventBus"}}
{"__type":"$$EventMessageNode","id":"7eb88773-5684-487a-a14e-16edff9a050d","ts":"2026-09-09T08:56:27.649-04:00","eventName":"n8n.node.started","message":"n8n.node.started","payload":{"workflowId":"syQ1650RVcPcjzXQ","workflowName":"Accisense Ack","executionId":"73","nodeType":"n8n-nodes-base.supabase","nodeName":"Update a row","nodeId":"7169901c-f5e6-4501-ada4-3d651cdf4983"}}
{"__type":"$$EventMessageConfirm","confirm":"7eb88773-5684-487a-a14e-16edff9a050d","ts":"2026-09-09T08:56:27.649-04:00","source":{"id":"0","name":"eventBus"}}
{"__type":"$$EventMessageNode","id":"6f74662d-e871-4403-9a54-5ad89a5ddba6","ts":"2026-09-09T08:56:27.857-04:00","eventName":"n8n.node.finished","message":"n8n.node.finished","payload":{"workflowId":"fC5E99z5uUn0fKjT","workflowName":"Accisense alert","executionId":"72","nodeType":"n8n-nodes-base.httpRequest","nodeName":"Check Status","nodeId":"5dc63647-4c85-425a-a253-e4da96ec3e44"}}
{"__type":"$$EventMessageConfirm","confirm":"6f74662d-e871-4403-9a54-5ad89a5ddba6","ts":"2026-09-09T08:56:27.858-04:00","source":{"id":"0","name":"eventBus"}}
{"__type":"$$EventMessageNode","id":"90e10597-3ad9-474c-998c-47cda0626c7f","ts":"2026-09-09T08:56:27.858-04:00","eventName":"n8n.node.started","message":"n8n.node.started","payload":{"workflowId":"fC5E99z5uUn0fKjT","workflowName":"Accisense alert","executionId":"72","nodeType":"n8n-nodes-base.if","nodeName":"ACK Received","nodeId":"5b260765-1b6e-478b-b19b-c6bd9f5134a2"}}
{"__type":"$$EventMessageConfirm","confirm":"90e10597-3ad9-474c-998c-47cda0626c7f","ts":"2026-09-09T08:56:27.858-04:00","source":{"id":"0","name":"eventBus"}}
{"__type":"$$EventMessageNode","id":"b6cd3ece-29ff-4fc3-8b31-053532bebc34","ts":"2026-09-09T08:56:27.861-04:00","eventName":"n8n.node.finished","message":"n8n.node.finished","payload":{"workflowId":"fC5E99z5uUn0fKjT","workflowName":"Accisense alert","executionId":"72","nodeType":"n8n-nodes-base.if","nodeName":"ACK Received","nodeId":"5b260765-1b6e-478b-b19b-c6bd9f5134a2"}}
{"__type":"$$EventMessageConfirm","confirm":"b6cd3ece-29ff-4fc3-8b31-053532bebc34","ts":"2026-09-09T08:56:27.862-04:00","source":{"id":"0","name":"eventBus"}}
{"__type":"$$EventMessageNode","id":"2a2ccbbe-361e-4a26-8dcb-61a8e20a7fbe","ts":"2026-09-09T08:56:27.862-04:00","eventName":"n8n.node.started","message":"n8n.node.started","payload":{"workflowId":"fC5E99z5uUn0fKjT","workflowName":"Accisense alert","executionId":"72","nodeType":"n8n-nodes-base.httpRequest","nodeName":"Escalate Incident","nodeId":"f6db980e-4bbc-4852-8053-f3170cc5cfa3"}}
{"__type":"$$EventMessageConfirm","confirm":"2a2ccbbe-361e-4a26-8dcb-61a8e20a7fbe","ts":"2026-09-09T08:56:27.863-04:00","source":{"id":"0","name":"eventBus"}}
{"__type":"$$EventMessageNode","id":"4a2a1783-b758-4e82-811b-58fc44b9ecc9","ts":"2026-09-09T08:56:28.250-04:00","eventName":"n8n.node.finished","message":"n8n.node.finished","payload":{"workflowId":"syQ1650RVcPcjzXQ","workflowName":"Accisense Ack","executionId":"73","nodeType":"n8n-nodes-base.supabase","nodeName":"Update a row","nodeId":"7169901c-f5e6-4501-ada4-3d651cdf4983"}}
{"__type":"$$EventMessageConfirm","confirm":"4a2a1783-b758-4e82-811b-58fc44b9ecc9","ts":"2026-09-09T08:56:28.250-04:00","source":{"id":"0","name":"eventBus"}}
{"__type":"$$EventMessageWorkflow","id":"370619c6-dc2b-404d-8042-325294853d8a","ts":"2026-09-09T08:56:28.253-04:00","eventName":"n8n.workflow.success","message":"n8n.workflow.success","payload":{"userId":"c17e4e51-fb03-4a49-8690-2eb153d72420","executionId":"73","success":true,"isManual":true,"mode":"manual","workflowId":"syQ1650RVcPcjzXQ","workflowName":"Accisense Ack","projectId":"VPeJW2ayhoZgotkV","projectName":"ANURAG SHARMA <anurag.25scse1180671@galgotiasuniversity.ac.in>"}}
{"__type":"$$EventMessageConfirm","confirm":"370619c6-dc2b-404d-8042-325294853d8a","ts":"2026-09-09T08:56:28.253-04:00","source":{"id":"0","name":"eventBus"}}
{"__type":"$$EventMessageNode","id":"0c3427fc-fc03-4c56-8c27-6f6cf70f325f","ts":"2026-09-09T08:56:28.546-04:00","eventName":"n8n.node.finished","message":"n8n.node.finished","payload":{"workflowId":"fC5E99z5uUn0fKjT","workflowName":"Accisense alert","executionId":"72","nodeType":"n8n-nodes-base.httpRequest","nodeName":"Escalate Incident","nodeId":"f6db980e-4bbc-4852-8053-f3170cc5cfa3"}}
{"__type":"$$EventMessageConfirm","confirm":"0c3427fc-fc03-4c56-8c27-6f6cf70f325f","ts":"2026-09-09T08:56:28.546-04:00","source":{"id":"0","name":"eventBus"}}
{"__type":"$$EventMessageNode","id":"a262bb94-e747-44b9-b370-3469d2b4ca12","ts":"2026-09-09T08:56:28.547-04:00","eventName":"n8n.node.started","message":"n8n.node.started","payload":{"workflowId":"fC5E99z5uUn0fKjT","workflowName":"Accisense alert","executionId":"72","nodeType":"n8n-nodes-base.telegram","nodeName":"Send Escalation Alert","nodeId":"12afa1a4-83f9-4258-ac14-05120d14f0ed"}}
{"__type":"$$EventMessageConfirm","confirm":"a262bb94-e747-44b9-b370-3469d2b4ca12","ts":"2026-09-09T08:56:28.547-04:00","source":{"id":"0","name":"eventBus"}}
{"__type":"$$EventMessageNode","id":"88f5ba69-928f-4953-bfb6-7c03e0a56995","ts":"2026-09-09T08:56:29.803-04:00","eventName":"n8n.node.finished","message":"n8n.node.finished","payload":{"workflowId":"fC5E99z5uUn0fKjT","workflowName":"Accisense alert","executionId":"72","nodeType":"n8n-nodes-base.telegram","nodeName":"Send Escalation Alert","nodeId":"12afa1a4-83f9-4258-ac14-05120d14f0ed"}}
{"__type":"$$EventMessageConfirm","confirm":"88f5ba69-928f-4953-bfb6-7c03e0a56995","ts":"2026-09-09T08:56:29.804-04:00","source":{"id":"0","name":"eventBus"}}
{"__type":"$$EventMessageWorkflow","id":"68f47a8f-252f-47d8-a025-af7922b421f5","ts":"2026-09-09T08:56:29.807-04:00","eventName":"n8n.workflow.success","message":"n8n.workflow.success","payload":{"userId":"c17e4e51-fb03-4a49-8690-2eb153d72420","executionId":"72","success":true,"isManual":true,"mode":"manual","workflowId":"fC5E99z5uUn0fKjT","workflowName":"Accisense alert","projectId":"VPeJW2ayhoZgotkV","projectName":"ANURAG SHARMA <anurag.25scse1180671@galgotiasuniversity.ac.in>"}}
{"__type":"$$EventMessageConfirm","confirm":"68f47a8f-252f-47d8-a025-af7922b421f5","ts":"2026-09-09T08:56:29.807-04:00","source":{"id":"0","name":"eventBus"}}
{"__type":"$$EventMessageAudit","id":"442a1be7-623f-482b-a6ce-d5070cbfcdd1","ts":"2026-09-09T09:05:59.737-04:00","eventName":"n8n.audit.workflow.updated","message":"n8n.audit.workflow.updated","payload":{"userId":"c17e4e51-fb03-4a49-8690-2eb153d72420","_email":"anurag.25scse1180671@galgotiasuniversity.ac.in","_firstName":"ANURAG","_lastName":"SHARMA","globalRole":"global:owner","workflowId":"fC5E99z5uUn0fKjT","workflowName":"Accisense alert"}}
{"__type":"$$EventMessageConfirm","confirm":"442a1be7-623f-482b-a6ce-d5070cbfcdd1","ts":"2026-09-09T09:05:59.737-04:00","source":{"id":"0","name":"eventBus"}}
{"__type":"$$EventMessageAudit","id":"feeed527-ef99-4a4f-9752-87750d0244cf","ts":"2026-09-09T09:06:08.022-04:00","eventName":"n8n.audit.workflow.updated","message":"n8n.audit.workflow.updated","payload":{"userId":"c17e4e51-fb03-4a49-8690-2eb153d72420","_email":"anurag.25scse1180671@galgotiasuniversity.ac.in","_firstName":"ANURAG","_lastName":"SHARMA","globalRole":"global:owner","workflowId":"fC5E99z5uUn0fKjT","workflowName":"Accisense alert"}}
{"__type":"$$EventMessageConfirm","confirm":"feeed527-ef99-4a4f-9752-87750d0244cf","ts":"2026-09-09T09:06:08.022-04:00","source":{"id":"0","name":"eventBus"}}
{"__type":"$$EventMessageAudit","id":"abe44dd9-3517-4cea-b114-2dd247894379","ts":"2026-09-09T09:13:25.466-04:00","eventName":"n8n.audit.workflow.executed","message":"n8n.audit.workflow.executed","payload":{"workflowId":"fC5E99z5uUn0fKjT","workflowName":"Accisense alert","executionId":"74","projectId":"VPeJW2ayhoZgotkV","projectName":"ANURAG SHARMA <anurag.25scse1180671@galgotiasuniversity.ac.in>","source":"webhook"}}
{"__type":"$$EventMessageConfirm","confirm":"abe44dd9-3517-4cea-b114-2dd247894379","ts":"2026-09-09T09:13:25.466-04:00","source":{"id":"0","name":"eventBus"}}
{"__type":"$$EventMessageWorkflow","id":"24ef682a-9776-4390-b2e7-9735599696f6","ts":"2026-09-09T09:13:25.508-04:00","eventName":"n8n.workflow.started","message":"n8n.workflow.started","payload":{"executionId":"74","workflowId":"fC5E99z5uUn0fKjT","isManual":false,"mode":"manual","workflowName":"Accisense alert","projectId":"VPeJW2ayhoZgotkV","projectName":"ANURAG SHARMA <anurag.25scse1180671@galgotiasuniversity.ac.in>"}}
{"__type":"$$EventMessageConfirm","confirm":"24ef682a-9776-4390-b2e7-9735599696f6","ts":"2026-09-09T09:13:25.509-04:00","source":{"id":"0","name":"eventBus"}}
{"__type":"$$EventMessageNode","id":"d95991cf-bf4c-4c69-baa9-b6010b38d3b7","ts":"2026-09-09T09:13:25.519-04:00","eventName":"n8n.node.started","message":"n8n.node.started","payload":{"workflowId":"fC5E99z5uUn0fKjT","workflowName":"Accisense alert","executionId":"74","nodeType":"n8n-nodes-base.webhook","nodeName":"Webhook","nodeId":"1132293c-0068-4318-83d9-b3883ab01b5a"}}
{"__type":"$$EventMessageConfirm","confirm":"d95991cf-bf4c-4c69-baa9-b6010b38d3b7","ts":"2026-09-09T09:13:25.519-04:00","source":{"id":"0","name":"eventBus"}}
{"__type":"$$EventMessageNode","id":"f8abfd82-5af2-4feb-a2e2-f0a464780541","ts":"2026-09-09T09:13:25.520-04:00","eventName":"n8n.node.finished","message":"n8n.node.finished","payload":{"workflowId":"fC5E99z5uUn0fKjT","workflowName":"Accisense alert","executionId":"74","nodeType":"n8n-nodes-base.webhook","nodeName":"Webhook","nodeId":"1132293c-0068-4318-83d9-b3883ab01b5a"}}
{"__type":"$$EventMessageConfirm","confirm":"f8abfd82-5af2-4feb-a2e2-f0a464780541","ts":"2026-09-09T09:13:25.520-04:00","source":{"id":"0","name":"eventBus"}}
{"__type":"$$EventMessageNode","id":"1d000728-a2e2-4746-864c-10b2e7c5ded5","ts":"2026-09-09T09:13:25.520-04:00","eventName":"n8n.node.started","message":"n8n.node.started","payload":{"workflowId":"fC5E99z5uUn0fKjT","workflowName":"Accisense alert","executionId":"74","nodeType":"n8n-nodes-base.if","nodeName":"Parse Alert","nodeId":"ae47ab65-f8eb-415b-aafc-fa2cf54d58f9"}}
{"__type":"$$EventMessageConfirm","confirm":"1d000728-a2e2-4746-864c-10b2e7c5ded5","ts":"2026-09-09T09:13:25.520-04:00","source":{"id":"0","name":"eventBus"}}
{"__type":"$$EventMessageNode","id":"4f9de1d8-e1af-4063-b84f-2dd197d0a225","ts":"2026-09-09T09:13:25.525-04:00","eventName":"n8n.node.finished","message":"n8n.node.finished","payload":{"workflowId":"fC5E99z5uUn0fKjT","workflowName":"Accisense alert","executionId":"74","nodeType":"n8n-nodes-base.if","nodeName":"Parse Alert","nodeId":"ae47ab65-f8eb-415b-aafc-fa2cf54d58f9"}}
{"__type":"$$EventMessageConfirm","confirm":"4f9de1d8-e1af-4063-b84f-2dd197d0a225","ts":"2026-09-09T09:13:25.526-04:00","source":{"id":"0","name":"eventBus"}}
{"__type":"$$EventMessageNode","id":"d2bf4f89-9ef5-4cc8-95de-25f6ed15d5b9","ts":"2026-09-09T09:13:25.528-04:00","eventName":"n8n.node.started","message":"n8n.node.started","payload":{"workflowId":"fC5E99z5uUn0fKjT","workflowName":"Accisense alert","executionId":"74","nodeType":"@n8n/n8n-nodes-langchain.googleGemini","nodeName":"AI Triage","nodeId":"194c44f4-774e-44c0-8867-125d45a66c11"}}
{"__type":"$$EventMessageConfirm","confirm":"d2bf4f89-9ef5-4cc8-95de-25f6ed15d5b9","ts":"2026-09-09T09:13:25.528-04:00","source":{"id":"0","name":"eventBus"}}
{"__type":"$$EventMessageNode","id":"7aeba1b2-cdf2-430e-844f-02377976a749","ts":"2026-09-09T09:13:40.963-04:00","eventName":"n8n.node.finished","message":"n8n.node.finished","payload":{"workflowId":"fC5E99z5uUn0fKjT","workflowName":"Accisense alert","executionId":"74","nodeType":"@n8n/n8n-nodes-langchain.googleGemini","nodeName":"AI Triage","nodeId":"194c44f4-774e-44c0-8867-125d45a66c11"}}
{"__type":"$$EventMessageConfirm","confirm":"7aeba1b2-cdf2-430e-844f-02377976a749","ts":"2026-09-09T09:13:40.963-04:00","source":{"id":"0","name":"eventBus"}}
{"__type":"$$EventMessageNode","id":"0c99a857-aa5a-49dc-915d-cb43a32d241b","ts":"2026-09-09T09:13:40.963-04:00","eventName":"n8n.node.started","message":"n8n.node.started","payload":{"workflowId":"fC5E99z5uUn0fKjT","workflowName":"Accisense alert","executionId":"74","nodeType":"n8n-nodes-base.code","nodeName":"Normalize AI Code","nodeId":"d61afa8b-db4d-44e0-bedd-5359b32ee7bd"}}
{"__type":"$$EventMessageConfirm","confirm":"0c99a857-aa5a-49dc-915d-cb43a32d241b","ts":"2026-09-09T09:13:40.964-04:00","source":{"id":"0","name":"eventBus"}}
{"__type":"$$EventMessageRunner","id":"fcf71675-29b4-4c4d-a3bb-aa2d630e4fb7","ts":"2026-09-09T09:13:40.971-04:00","eventName":"n8n.runner.task.requested","message":"n8n.runner.task.requested","payload":{"taskId":"767QLMAv","nodeId":"d61afa8b-db4d-44e0-bedd-5359b32ee7bd","workflowId":"fC5E99z5uUn0fKjT","executionId":"74"}}
{"__type":"$$EventMessageConfirm","confirm":"fcf71675-29b4-4c4d-a3bb-aa2d630e4fb7","ts":"2026-09-09T09:13:40.971-04:00","source":{"id":"0","name":"eventBus"}}
{"__type":"$$EventMessageRunner","id":"9dc41df4-7949-4bc2-bf55-3f4e619195f9","ts":"2026-09-09T09:13:40.982-04:00","eventName":"n8n.runner.response.received","message":"n8n.runner.response.received","payload":{"taskId":"767QLMAv","nodeId":"d61afa8b-db4d-44e0-bedd-5359b32ee7bd","workflowId":"fC5E99z5uUn0fKjT","executionId":"74"}}
{"__type":"$$EventMessageConfirm","confirm":"9dc41df4-7949-4bc2-bf55-3f4e619195f9","ts":"2026-09-09T09:13:40.982-04:00","source":{"id":"0","name":"eventBus"}}
{"__type":"$$EventMessageNode","id":"17903f90-879d-47d1-be9a-d4eff161e501","ts":"2026-09-09T09:13:40.983-04:00","eventName":"n8n.node.finished","message":"n8n.node.finished","payload":{"workflowId":"fC5E99z5uUn0fKjT","workflowName":"Accisense alert","executionId":"74","nodeType":"n8n-nodes-base.code","nodeName":"Normalize AI Code","nodeId":"d61afa8b-db4d-44e0-bedd-5359b32ee7bd"}}
{"__type":"$$EventMessageConfirm","confirm":"17903f90-879d-47d1-be9a-d4eff161e501","ts":"2026-09-09T09:13:40.983-04:00","source":{"id":"0","name":"eventBus"}}
{"__type":"$$EventMessageNode","id":"4140b138-849a-464d-b20a-8f1fb00559e0","ts":"2026-09-09T09:13:40.983-04:00","eventName":"n8n.node.started","message":"n8n.node.started","payload":{"workflowId":"fC5E99z5uUn0fKjT","workflowName":"Accisense alert","executionId":"74","nodeType":"n8n-nodes-base.httpRequest","nodeName":"Create Incident","nodeId":"a8982d80-dd7c-4b50-bcc1-9774d5030e50"}}
{"__type":"$$EventMessageConfirm","confirm":"4140b138-849a-464d-b20a-8f1fb00559e0","ts":"2026-09-09T09:13:40.983-04:00","source":{"id":"0","name":"eventBus"}}
{"__type":"$$EventMessageNode","id":"a3cb286a-3e3c-4b97-aeb4-defc9e84a994","ts":"2026-09-09T09:13:43.009-04:00","eventName":"n8n.node.finished","message":"n8n.node.finished","payload":{"workflowId":"fC5E99z5uUn0fKjT","workflowName":"Accisense alert","executionId":"74","nodeType":"n8n-nodes-base.httpRequest","nodeName":"Create Incident","nodeId":"a8982d80-dd7c-4b50-bcc1-9774d5030e50"}}
{"__type":"$$EventMessageConfirm","confirm":"a3cb286a-3e3c-4b97-aeb4-defc9e84a994","ts":"2026-09-09T09:13:43.009-04:00","source":{"id":"0","name":"eventBus"}}
{"__type":"$$EventMessageNode","id":"ccb4d9aa-a9db-4e1e-9b2d-70e340d00383","ts":"2026-09-09T09:13:43.009-04:00","eventName":"n8n.node.started","message":"n8n.node.started","payload":{"workflowId":"fC5E99z5uUn0fKjT","workflowName":"Accisense alert","executionId":"74","nodeType":"n8n-nodes-base.telegram","nodeName":"Send Alert","nodeId":"7c481263-5942-4621-a0e8-799c9e1a6335"}}
{"__type":"$$EventMessageConfirm","confirm":"ccb4d9aa-a9db-4e1e-9b2d-70e340d00383","ts":"2026-09-09T09:13:43.009-04:00","source":{"id":"0","name":"eventBus"}}
{"__type":"$$EventMessageNode","id":"da78c305-9888-4a15-80f7-845bd5b5fc47","ts":"2026-09-09T09:13:44.746-04:00","eventName":"n8n.node.finished","message":"n8n.node.finished","payload":{"workflowId":"fC5E99z5uUn0fKjT","workflowName":"Accisense alert","executionId":"74","nodeType":"n8n-nodes-base.telegram","nodeName":"Send Alert","nodeId":"7c481263-5942-4621-a0e8-799c9e1a6335"}}
{"__type":"$$EventMessageConfirm","confirm":"da78c305-9888-4a15-80f7-845bd5b5fc47","ts":"2026-09-09T09:13:44.746-04:00","source":{"id":"0","name":"eventBus"}}
{"__type":"$$EventMessageNode","id":"d2b8422c-3c2a-4154-b456-514623e09782","ts":"2026-09-09T09:13:44.747-04:00","eventName":"n8n.node.started","message":"n8n.node.started","payload":{"workflowId":"fC5E99z5uUn0fKjT","workflowName":"Accisense alert","executionId":"74","nodeType":"n8n-nodes-base.supabase","nodeName":"Create a row","nodeId":"00c26655-3a8f-471e-a1e0-49c908b3a937"}}
{"__type":"$$EventMessageConfirm","confirm":"d2b8422c-3c2a-4154-b456-514623e09782","ts":"2026-09-09T09:13:44.747-04:00","source":{"id":"0","name":"eventBus"}}
{"__type":"$$EventMessageNode","id":"391e1056-0a0b-4a8d-b4d7-ff348a3ca761","ts":"2026-09-09T09:13:45.463-04:00","eventName":"n8n.node.finished","message":"n8n.node.finished","payload":{"workflowId":"fC5E99z5uUn0fKjT","workflowName":"Accisense alert","executionId":"74","nodeType":"n8n-nodes-base.supabase","nodeName":"Create a row","nodeId":"00c26655-3a8f-471e-a1e0-49c908b3a937"}}
{"__type":"$$EventMessageConfirm","confirm":"391e1056-0a0b-4a8d-b4d7-ff348a3ca761","ts":"2026-09-09T09:13:45.463-04:00","source":{"id":"0","name":"eventBus"}}
{"__type":"$$EventMessageNode","id":"60b95d14-9d48-4ff1-a475-68916fda4de6","ts":"2026-09-09T09:13:45.464-04:00","eventName":"n8n.node.started","message":"n8n.node.started","payload":{"workflowId":"fC5E99z5uUn0fKjT","workflowName":"Accisense alert","executionId":"74","nodeType":"n8n-nodes-base.telegram","nodeName":"Send confirmation/log","nodeId":"c744bd15-731f-4fc0-b570-38a032a54b24"}}
{"__type":"$$EventMessageConfirm","confirm":"60b95d14-9d48-4ff1-a475-68916fda4de6","ts":"2026-09-09T09:13:45.464-04:00","source":{"id":"0","name":"eventBus"}}
{"__type":"$$EventMessageNode","id":"51e06f36-341f-49f9-a3c6-949210661d31","ts":"2026-09-09T09:13:46.797-04:00","eventName":"n8n.node.finished","message":"n8n.node.finished","payload":{"workflowId":"fC5E99z5uUn0fKjT","workflowName":"Accisense alert","executionId":"74","nodeType":"n8n-nodes-base.telegram","nodeName":"Send confirmation/log","nodeId":"c744bd15-731f-4fc0-b570-38a032a54b24"}}
{"__type":"$$EventMessageConfirm","confirm":"51e06f36-341f-49f9-a3c6-949210661d31","ts":"2026-09-09T09:13:46.797-04:00","source":{"id":"0","name":"eventBus"}}
{"__type":"$$EventMessageNode","id":"2bc15c2b-7e79-41f7-b978-5bcf8a525f31","ts":"2026-09-09T09:13:46.798-04:00","eventName":"n8n.node.started","message":"n8n.node.started","payload":{"workflowId":"fC5E99z5uUn0fKjT","workflowName":"Accisense alert","executionId":"74","nodeType":"n8n-nodes-base.wait","nodeName":"Wait for ACK","nodeId":"ca787a9f-9728-483b-bdd3-2b2d7ea9e12f"}}
{"__type":"$$EventMessageConfirm","confirm":"2bc15c2b-7e79-41f7-b978-5bcf8a525f31","ts":"2026-09-09T09:13:46.798-04:00","source":{"id":"0","name":"eventBus"}}
{"__type":"$$EventMessageAudit","id":"0fa0275d-16da-424c-8640-98bdfbb9dd90","ts":"2026-09-09T09:13:48.511-04:00","eventName":"n8n.audit.workflow.executed","message":"n8n.audit.workflow.executed","payload":{"workflowId":"syQ1650RVcPcjzXQ","workflowName":"Accisense Ack","executionId":"75","projectId":"VPeJW2ayhoZgotkV","projectName":"ANURAG SHARMA <anurag.25scse1180671@galgotiasuniversity.ac.in>","source":"webhook"}}
{"__type":"$$EventMessageConfirm","confirm":"0fa0275d-16da-424c-8640-98bdfbb9dd90","ts":"2026-09-09T09:13:48.511-04:00","source":{"id":"0","name":"eventBus"}}
{"__type":"$$EventMessageWorkflow","id":"7b85d1b5-b5ff-4c05-9275-606c4b653b4d","ts":"2026-09-09T09:13:48.512-04:00","eventName":"n8n.workflow.started","message":"n8n.workflow.started","payload":{"executionId":"75","workflowId":"syQ1650RVcPcjzXQ","isManual":false,"mode":"manual","workflowName":"Accisense Ack","projectId":"VPeJW2ayhoZgotkV","projectName":"ANURAG SHARMA <anurag.25scse1180671@galgotiasuniversity.ac.in>"}}
{"__type":"$$EventMessageConfirm","confirm":"7b85d1b5-b5ff-4c05-9275-606c4b653b4d","ts":"2026-09-09T09:13:48.512-04:00","source":{"id":"0","name":"eventBus"}}
{"__type":"$$EventMessageNode","id":"87233284-ffac-4e73-9a73-d766613d2be6","ts":"2026-09-09T09:13:48.537-04:00","eventName":"n8n.node.started","message":"n8n.node.started","payload":{"workflowId":"syQ1650RVcPcjzXQ","workflowName":"Accisense Ack","executionId":"75","nodeType":"n8n-nodes-base.telegramTrigger","nodeName":"On ACK Button","nodeId":"c6dd631b-5579-4cf6-a48b-fbcd8b4ba156"}}
{"__type":"$$EventMessageConfirm","confirm":"87233284-ffac-4e73-9a73-d766613d2be6","ts":"2026-09-09T09:13:48.537-04:00","source":{"id":"0","name":"eventBus"}}
{"__type":"$$EventMessageNode","id":"5c365ba5-717e-412b-8e17-c9145a657fac","ts":"2026-09-09T09:13:48.538-04:00","eventName":"n8n.node.finished","message":"n8n.node.finished","payload":{"workflowId":"syQ1650RVcPcjzXQ","workflowName":"Accisense Ack","executionId":"75","nodeType":"n8n-nodes-base.telegramTrigger","nodeName":"On ACK Button","nodeId":"c6dd631b-5579-4cf6-a48b-fbcd8b4ba156"}}
{"__type":"$$EventMessageConfirm","confirm":"5c365ba5-717e-412b-8e17-c9145a657fac","ts":"2026-09-09T09:13:48.538-04:00","source":{"id":"0","name":"eventBus"}}
{"__type":"$$EventMessageNode","id":"bba812c0-de6b-4a5a-b15a-204bc4dc23c0","ts":"2026-09-09T09:13:48.540-04:00","eventName":"n8n.node.started","message":"n8n.node.started","payload":{"workflowId":"syQ1650RVcPcjzXQ","workflowName":"Accisense Ack","executionId":"75","nodeType":"n8n-nodes-base.telegram","nodeName":"Answer Query a callback","nodeId":"2661019e-153e-4575-a346-44cc88c70061"}}
{"__type":"$$EventMessageConfirm","confirm":"bba812c0-de6b-4a5a-b15a-204bc4dc23c0","ts":"2026-09-09T09:13:48.540-04:00","source":{"id":"0","name":"eventBus"}}
{"__type":"$$EventMessageNode","id":"c845c660-94f3-41dc-8821-703cca0ee130","ts":"2026-09-09T09:13:49.667-04:00","eventName":"n8n.node.finished","message":"n8n.node.finished","payload":{"workflowId":"syQ1650RVcPcjzXQ","workflowName":"Accisense Ack","executionId":"75","nodeType":"n8n-nodes-base.telegram","nodeName":"Answer Query a callback","nodeId":"2661019e-153e-4575-a346-44cc88c70061"}}
{"__type":"$$EventMessageConfirm","confirm":"c845c660-94f3-41dc-8821-703cca0ee130","ts":"2026-09-09T09:13:49.667-04:00","source":{"id":"0","name":"eventBus"}}
{"__type":"$$EventMessageNode","id":"3093355c-c67a-48a8-b688-91e1d7126e61","ts":"2026-09-09T09:13:49.667-04:00","eventName":"n8n.node.started","message":"n8n.node.started","payload":{"workflowId":"syQ1650RVcPcjzXQ","workflowName":"Accisense Ack","executionId":"75","nodeType":"n8n-nodes-base.set","nodeName":"Parse ACK","nodeId":"683cc3f3-95cc-4e0a-bb0a-53169b4c4597"}}
{"__type":"$$EventMessageConfirm","confirm":"3093355c-c67a-48a8-b688-91e1d7126e61","ts":"2026-09-09T09:13:49.667-04:00","source":{"id":"0","name":"eventBus"}}
{"__type":"$$EventMessageNode","id":"77466435-2ca0-4ac9-961a-9f38dc05daad","ts":"2026-09-09T09:13:49.672-04:00","eventName":"n8n.node.finished","message":"n8n.node.finished","payload":{"workflowId":"syQ1650RVcPcjzXQ","workflowName":"Accisense Ack","executionId":"75","nodeType":"n8n-nodes-base.set","nodeName":"Parse ACK","nodeId":"683cc3f3-95cc-4e0a-bb0a-53169b4c4597"}}
{"__type":"$$EventMessageConfirm","confirm":"77466435-2ca0-4ac9-961a-9f38dc05daad","ts":"2026-09-09T09:13:49.672-04:00","source":{"id":"0","name":"eventBus"}}
{"__type":"$$EventMessageNode","id":"2f81a17b-1859-4093-846d-4a48b1e72100","ts":"2026-09-09T09:13:49.673-04:00","eventName":"n8n.node.started","message":"n8n.node.started","payload":{"workflowId":"syQ1650RVcPcjzXQ","workflowName":"Accisense Ack","executionId":"75","nodeType":"n8n-nodes-base.set","nodeName":"Extract AcciSense ID","nodeId":"22008c1d-f023-4a46-ab49-e8a035645aac"}}
{"__type":"$$EventMessageConfirm","confirm":"2f81a17b-1859-4093-846d-4a48b1e72100","ts":"2026-09-09T09:13:49.673-04:00","source":{"id":"0","name":"eventBus"}}
{"__type":"$$EventMessageNode","id":"2ea4d5db-cb7d-473f-9d49-fd9847f56e4d","ts":"2026-09-09T09:13:49.677-04:00","eventName":"n8n.node.finished","message":"n8n.node.finished","payload":{"workflowId":"syQ1650RVcPcjzXQ","workflowName":"Accisense Ack","executionId":"75","nodeType":"n8n-nodes-base.set","nodeName":"Extract AcciSense ID","nodeId":"22008c1d-f023-4a46-ab49-e8a035645aac"}}
{"__type":"$$EventMessageConfirm","confirm":"2ea4d5db-cb7d-473f-9d49-fd9847f56e4d","ts":"2026-09-09T09:13:49.677-04:00","source":{"id":"0","name":"eventBus"}}
{"__type":"$$EventMessageNode","id":"be179f59-3ec0-4339-8ec5-85250cb89917","ts":"2026-09-09T09:13:49.678-04:00","eventName":"n8n.node.started","message":"n8n.node.started","payload":{"workflowId":"syQ1650RVcPcjzXQ","workflowName":"Accisense Ack","executionId":"75","nodeType":"n8n-nodes-base.httpRequest","nodeName":"Acknowledge Incident","nodeId":"a141b20b-15fe-436d-84e8-ff699b266095"}}
{"__type":"$$EventMessageConfirm","confirm":"be179f59-3ec0-4339-8ec5-85250cb89917","ts":"2026-09-09T09:13:49.678-04:00","source":{"id":"0","name":"eventBus"}}
{"__type":"$$EventMessageNode","id":"2bae34d2-d4e7-4add-8c42-0c4ef36c9a57","ts":"2026-09-09T09:13:50.505-04:00","eventName":"n8n.node.finished","message":"n8n.node.finished","payload":{"workflowId":"syQ1650RVcPcjzXQ","workflowName":"Accisense Ack","executionId":"75","nodeType":"n8n-nodes-base.httpRequest","nodeName":"Acknowledge Incident","nodeId":"a141b20b-15fe-436d-84e8-ff699b266095"}}
{"__type":"$$EventMessageConfirm","confirm":"2bae34d2-d4e7-4add-8c42-0c4ef36c9a57","ts":"2026-09-09T09:13:50.505-04:00","source":{"id":"0","name":"eventBus"}}
{"__type":"$$EventMessageNode","id":"1b2fceb2-2d3d-4c4a-89e4-50f48c050e16","ts":"2026-09-09T09:13:50.506-04:00","eventName":"n8n.node.started","message":"n8n.node.started","payload":{"workflowId":"syQ1650RVcPcjzXQ","workflowName":"Accisense Ack","executionId":"75","nodeType":"n8n-nodes-base.supabase","nodeName":"Get many rows","nodeId":"666dfc14-e54f-4d5a-a30c-c0d18601345a"}}
{"__type":"$$EventMessageConfirm","confirm":"1b2fceb2-2d3d-4c4a-89e4-50f48c050e16","ts":"2026-09-09T09:13:50.506-04:00","source":{"id":"0","name":"eventBus"}}
{"__type":"$$EventMessageNode","id":"7c5763d2-7826-4be3-a558-58fd86e7feef","ts":"2026-09-09T09:13:51.711-04:00","eventName":"n8n.node.finished","message":"n8n.node.finished","payload":{"workflowId":"syQ1650RVcPcjzXQ","workflowName":"Accisense Ack","executionId":"75","nodeType":"n8n-nodes-base.supabase","nodeName":"Get many rows","nodeId":"666dfc14-e54f-4d5a-a30c-c0d18601345a"}}
{"__type":"$$EventMessageConfirm","confirm":"7c5763d2-7826-4be3-a558-58fd86e7feef","ts":"2026-09-09T09:13:51.711-04:00","source":{"id":"0","name":"eventBus"}}
{"__type":"$$EventMessageNode","id":"f57b5007-e7c0-4ff5-b10d-744766e8130c","ts":"2026-09-09T09:13:51.711-04:00","eventName":"n8n.node.started","message":"n8n.node.started","payload":{"workflowId":"syQ1650RVcPcjzXQ","workflowName":"Accisense Ack","executionId":"75","nodeType":"n8n-nodes-base.merge","nodeName":"Merge","nodeId":"3f4ac7aa-c27d-4378-a92f-511a8966b11c"}}
{"__type":"$$EventMessageConfirm","confirm":"f57b5007-e7c0-4ff5-b10d-744766e8130c","ts":"2026-09-09T09:13:51.711-04:00","source":{"id":"0","name":"eventBus"}}
{"__type":"$$EventMessageNode","id":"6daae563-ac42-4f29-9858-c602064587fd","ts":"2026-09-09T09:13:51.714-04:00","eventName":"n8n.node.finished","message":"n8n.node.finished","payload":{"workflowId":"syQ1650RVcPcjzXQ","workflowName":"Accisense Ack","executionId":"75","nodeType":"n8n-nodes-base.merge","nodeName":"Merge","nodeId":"3f4ac7aa-c27d-4378-a92f-511a8966b11c"}}
{"__type":"$$EventMessageConfirm","confirm":"6daae563-ac42-4f29-9858-c602064587fd","ts":"2026-09-09T09:13:51.714-04:00","source":{"id":"0","name":"eventBus"}}
{"__type":"$$EventMessageNode","id":"e62c87e8-6f2f-4ea5-bd3f-43b45d9daecf","ts":"2026-09-09T09:13:51.715-04:00","eventName":"n8n.node.started","message":"n8n.node.started","payload":{"workflowId":"syQ1650RVcPcjzXQ","workflowName":"Accisense Ack","executionId":"75","nodeType":"n8n-nodes-base.httpRequest","nodeName":"Update Telegram Message","nodeId":"9710fa08-d09f-4cb7-bf14-984d3edcbc31"}}
{"__type":"$$EventMessageConfirm","confirm":"e62c87e8-6f2f-4ea5-bd3f-43b45d9daecf","ts":"2026-09-09T09:13:51.715-04:00","source":{"id":"0","name":"eventBus"}}
{"__type":"$$EventMessageNode","id":"f7388744-2c92-4f3d-a22e-28c6db9ab5bb","ts":"2026-09-09T09:13:53.147-04:00","eventName":"n8n.node.finished","message":"n8n.node.finished","payload":{"workflowId":"syQ1650RVcPcjzXQ","workflowName":"Accisense Ack","executionId":"75","nodeType":"n8n-nodes-base.httpRequest","nodeName":"Update Telegram Message","nodeId":"9710fa08-d09f-4cb7-bf14-984d3edcbc31"}}
{"__type":"$$EventMessageConfirm","confirm":"f7388744-2c92-4f3d-a22e-28c6db9ab5bb","ts":"2026-09-09T09:13:53.148-04:00","source":{"id":"0","name":"eventBus"}}
{"__type":"$$EventMessageNode","id":"b682627f-2e46-47ee-886b-c327499b0953","ts":"2026-09-09T09:13:53.148-04:00","eventName":"n8n.node.started","message":"n8n.node.started","payload":{"workflowId":"syQ1650RVcPcjzXQ","workflowName":"Accisense Ack","executionId":"75","nodeType":"n8n-nodes-base.telegram","nodeName":"Notify ACK Success","nodeId":"1dd11c85-ceb3-4e48-8372-71f9f0491bda"}}
{"__type":"$$EventMessageConfirm","confirm":"b682627f-2e46-47ee-886b-c327499b0953","ts":"2026-09-09T09:13:53.148-04:00","source":{"id":"0","name":"eventBus"}}
{"__type":"$$EventMessageNode","id":"b7791e15-a304-4d7f-9ce5-b75bb84eded0","ts":"2026-09-09T09:13:54.270-04:00","eventName":"n8n.node.finished","message":"n8n.node.finished","payload":{"workflowId":"syQ1650RVcPcjzXQ","workflowName":"Accisense Ack","executionId":"75","nodeType":"n8n-nodes-base.telegram","nodeName":"Notify ACK Success","nodeId":"1dd11c85-ceb3-4e48-8372-71f9f0491bda"}}
{"__type":"$$EventMessageConfirm","confirm":"b7791e15-a304-4d7f-9ce5-b75bb84eded0","ts":"2026-09-09T09:13:54.270-04:00","source":{"id":"0","name":"eventBus"}}
{"__type":"$$EventMessageNode","id":"b7507232-15da-46e4-bf9d-df9d031800f0","ts":"2026-09-09T09:13:54.271-04:00","eventName":"n8n.node.started","message":"n8n.node.started","payload":{"workflowId":"syQ1650RVcPcjzXQ","workflowName":"Accisense Ack","executionId":"75","nodeType":"n8n-nodes-base.httpRequest","nodeName":"Pinata Success","nodeId":"33637d8b-99aa-40bf-8f73-a5e595a1888d"}}
{"__type":"$$EventMessageConfirm","confirm":"b7507232-15da-46e4-bf9d-df9d031800f0","ts":"2026-09-09T09:13:54.271-04:00","source":{"id":"0","name":"eventBus"}}
{"__type":"$$EventMessageNode","id":"def845bb-a272-4287-b122-f3f2331f20fa","ts":"2026-09-09T09:13:56.525-04:00","eventName":"n8n.node.finished","message":"n8n.node.finished","payload":{"workflowId":"syQ1650RVcPcjzXQ","workflowName":"Accisense Ack","executionId":"75","nodeType":"n8n-nodes-base.httpRequest","nodeName":"Pinata Success","nodeId":"33637d8b-99aa-40bf-8f73-a5e595a1888d"}}
{"__type":"$$EventMessageConfirm","confirm":"def845bb-a272-4287-b122-f3f2331f20fa","ts":"2026-09-09T09:13:56.526-04:00","source":{"id":"0","name":"eventBus"}}
{"__type":"$$EventMessageNode","id":"27f49489-10e2-4101-afb3-212e744aa684","ts":"2026-09-09T09:13:56.526-04:00","eventName":"n8n.node.started","message":"n8n.node.started","payload":{"workflowId":"syQ1650RVcPcjzXQ","workflowName":"Accisense Ack","executionId":"75","nodeType":"n8n-nodes-base.supabase","nodeName":"Update a row","nodeId":"7169901c-f5e6-4501-ada4-3d651cdf4983"}}
{"__type":"$$EventMessageConfirm","confirm":"27f49489-10e2-4101-afb3-212e744aa684","ts":"2026-09-09T09:13:56.526-04:00","source":{"id":"0","name":"eventBus"}}
{"__type":"$$EventMessageNode","id":"512a7de7-571e-41b8-86b4-4745f74eae9d","ts":"2026-09-09T09:13:56.799-04:00","eventName":"n8n.node.finished","message":"n8n.node.finished","payload":{"workflowId":"fC5E99z5uUn0fKjT","workflowName":"Accisense alert","executionId":"74","nodeType":"n8n-nodes-base.wait","nodeName":"Wait for ACK","nodeId":"ca787a9f-9728-483b-bdd3-2b2d7ea9e12f"}}
{"__type":"$$EventMessageConfirm","confirm":"512a7de7-571e-41b8-86b4-4745f74eae9d","ts":"2026-09-09T09:13:56.800-04:00","source":{"id":"0","name":"eventBus"}}
{"__type":"$$EventMessageNode","id":"d385188e-53eb-4ada-a419-2b38ddbe4226","ts":"2026-09-09T09:13:56.800-04:00","eventName":"n8n.node.started","message":"n8n.node.started","payload":{"workflowId":"fC5E99z5uUn0fKjT","workflowName":"Accisense alert","executionId":"74","nodeType":"n8n-nodes-base.httpRequest","nodeName":"Check Status","nodeId":"5dc63647-4c85-425a-a253-e4da96ec3e44"}}
{"__type":"$$EventMessageConfirm","confirm":"d385188e-53eb-4ada-a419-2b38ddbe4226","ts":"2026-09-09T09:13:56.800-04:00","source":{"id":"0","name":"eventBus"}}
{"__type":"$$EventMessageNode","id":"22bfe576-d458-4ed2-a6ea-c1e65d14c984","ts":"2026-09-09T09:13:57.344-04:00","eventName":"n8n.node.finished","message":"n8n.node.finished","payload":{"workflowId":"syQ1650RVcPcjzXQ","workflowName":"Accisense Ack","executionId":"75","nodeType":"n8n-nodes-base.supabase","nodeName":"Update a row","nodeId":"7169901c-f5e6-4501-ada4-3d651cdf4983"}}
{"__type":"$$EventMessageConfirm","confirm":"22bfe576-d458-4ed2-a6ea-c1e65d14c984","ts":"2026-09-09T09:13:57.344-04:00","source":{"id":"0","name":"eventBus"}}
{"__type":"$$EventMessageWorkflow","id":"9324ce8e-f27c-43be-bdbb-73794691c284","ts":"2026-09-09T09:13:57.347-04:00","eventName":"n8n.workflow.success","message":"n8n.workflow.success","payload":{"userId":"c17e4e51-fb03-4a49-8690-2eb153d72420","executionId":"75","success":true,"isManual":true,"mode":"manual","workflowId":"syQ1650RVcPcjzXQ","workflowName":"Accisense Ack","projectId":"VPeJW2ayhoZgotkV","projectName":"ANURAG SHARMA <anurag.25scse1180671@galgotiasuniversity.ac.in>"}}
{"__type":"$$EventMessageConfirm","confirm":"9324ce8e-f27c-43be-bdbb-73794691c284","ts":"2026-09-09T09:13:57.347-04:00","source":{"id":"0","name":"eventBus"}}
{"__type":"$$EventMessageNode","id":"22525244-cd3a-471c-88ae-27fdb565d27d","ts":"2026-09-09T09:13:58.040-04:00","eventName":"n8n.node.finished","message":"n8n.node.finished","payload":{"workflowId":"fC5E99z5uUn0fKjT","workflowName":"Accisense alert","executionId":"74","nodeType":"n8n-nodes-base.httpRequest","nodeName":"Check Status","nodeId":"5dc63647-4c85-425a-a253-e4da96ec3e44"}}
{"__type":"$$EventMessageConfirm","confirm":"22525244-cd3a-471c-88ae-27fdb565d27d","ts":"2026-09-09T09:13:58.041-04:00","source":{"id":"0","name":"eventBus"}}
{"__type":"$$EventMessageNode","id":"4496d142-f809-4a44-b1bc-5d80017d033b","ts":"2026-09-09T09:13:58.041-04:00","eventName":"n8n.node.started","message":"n8n.node.started","payload":{"workflowId":"fC5E99z5uUn0fKjT","workflowName":"Accisense alert","executionId":"74","nodeType":"n8n-nodes-base.if","nodeName":"ACK Received","nodeId":"5b260765-1b6e-478b-b19b-c6bd9f5134a2"}}
{"__type":"$$EventMessageConfirm","confirm":"4496d142-f809-4a44-b1bc-5d80017d033b","ts":"2026-09-09T09:13:58.041-04:00","source":{"id":"0","name":"eventBus"}}
{"__type":"$$EventMessageNode","id":"f61b0715-4910-410b-bea2-40afe7442f5a","ts":"2026-09-09T09:13:58.045-04:00","eventName":"n8n.node.finished","message":"n8n.node.finished","payload":{"workflowId":"fC5E99z5uUn0fKjT","workflowName":"Accisense alert","executionId":"74","nodeType":"n8n-nodes-base.if","nodeName":"ACK Received","nodeId":"5b260765-1b6e-478b-b19b-c6bd9f5134a2"}}
{"__type":"$$EventMessageConfirm","confirm":"f61b0715-4910-410b-bea2-40afe7442f5a","ts":"2026-09-09T09:13:58.045-04:00","source":{"id":"0","name":"eventBus"}}
{"__type":"$$EventMessageNode","id":"09af4deb-ab55-4a6b-a9aa-f27e11a48d64","ts":"2026-09-09T09:13:58.045-04:00","eventName":"n8n.node.started","message":"n8n.node.started","payload":{"workflowId":"fC5E99z5uUn0fKjT","workflowName":"Accisense alert","executionId":"74","nodeType":"n8n-nodes-base.httpRequest","nodeName":"Escalate Incident","nodeId":"f6db980e-4bbc-4852-8053-f3170cc5cfa3"}}
{"__type":"$$EventMessageConfirm","confirm":"09af4deb-ab55-4a6b-a9aa-f27e11a48d64","ts":"2026-09-09T09:13:58.045-04:00","source":{"id":"0","name":"eventBus"}}
{"__type":"$$EventMessageNode","id":"f50d77a2-8396-4ec6-9752-d6d3e4be6426","ts":"2026-09-09T09:13:58.880-04:00","eventName":"n8n.node.finished","message":"n8n.node.finished","payload":{"workflowId":"fC5E99z5uUn0fKjT","workflowName":"Accisense alert","executionId":"74","nodeType":"n8n-nodes-base.httpRequest","nodeName":"Escalate Incident","nodeId":"f6db980e-4bbc-4852-8053-f3170cc5cfa3"}}
{"__type":"$$EventMessageConfirm","confirm":"f50d77a2-8396-4ec6-9752-d6d3e4be6426","ts":"2026-09-09T09:13:58.880-04:00","source":{"id":"0","name":"eventBus"}}
{"__type":"$$EventMessageNode","id":"2994ff5b-1072-4aa9-a54e-2374a6b5037b","ts":"2026-09-09T09:13:58.881-04:00","eventName":"n8n.node.started","message":"n8n.node.started","payload":{"workflowId":"fC5E99z5uUn0fKjT","workflowName":"Accisense alert","executionId":"74","nodeType":"n8n-nodes-base.telegram","nodeName":"Send Escalation Alert","nodeId":"12afa1a4-83f9-4258-ac14-05120d14f0ed"}}
{"__type":"$$EventMessageConfirm","confirm":"2994ff5b-1072-4aa9-a54e-2374a6b5037b","ts":"2026-09-09T09:13:58.881-04:00","source":{"id":"0","name":"eventBus"}}
{"__type":"$$EventMessageNode","id":"750d65cb-921e-4b73-9b98-d4c3fe70c5bd","ts":"2026-09-09T09:14:00.312-04:00","eventName":"n8n.node.finished","message":"n8n.node.finished","payload":{"workflowId":"fC5E99z5uUn0fKjT","workflowName":"Accisense alert","executionId":"74","nodeType":"n8n-nodes-base.telegram","nodeName":"Send Escalation Alert","nodeId":"12afa1a4-83f9-4258-ac14-05120d14f0ed"}}
{"__type":"$$EventMessageConfirm","confirm":"750d65cb-921e-4b73-9b98-d4c3fe70c5bd","ts":"2026-09-09T09:14:00.313-04:00","source":{"id":"0","name":"eventBus"}}
{"__type":"$$EventMessageWorkflow","id":"9d024bad-f0fc-43ab-9e30-a9589e6c6689","ts":"2026-09-09T09:14:00.315-04:00","eventName":"n8n.workflow.success","message":"n8n.workflow.success","payload":{"userId":"c17e4e51-fb03-4a49-8690-2eb153d72420","executionId":"74","success":true,"isManual":true,"mode":"manual","workflowId":"fC5E99z5uUn0fKjT","workflowName":"Accisense alert","projectId":"VPeJW2ayhoZgotkV","projectName":"ANURAG SHARMA <anurag.25scse1180671@galgotiasuniversity.ac.in>"}}
{"__type":"$$EventMessageConfirm","confirm":"9d024bad-f0fc-43ab-9e30-a9589e6c6689","ts":"2026-09-09T09:14:00.315-04:00","source":{"id":"0","name":"eventBus"}}
{"__type":"$$EventMessageAudit","id":"e058a63e-f6d8-4f4f-b1ad-d84ceb594c4b","ts":"2026-09-09T09:15:40.803-04:00","eventName":"n8n.audit.workflow.updated","message":"n8n.audit.workflow.updated","payload":{"userId":"c17e4e51-fb03-4a49-8690-2eb153d72420","_email":"anurag.25scse1180671@galgotiasuniversity.ac.in","_firstName":"ANURAG","_lastName":"SHARMA","globalRole":"global:owner","workflowId":"fC5E99z5uUn0fKjT","workflowName":"Accisense alert"}}
{"__type":"$$EventMessageConfirm","confirm":"e058a63e-f6d8-4f4f-b1ad-d84ceb594c4b","ts":"2026-09-09T09:15:40.803-04:00","source":{"id":"0","name":"eventBus"}}
{"__type":"$$EventMessageAudit","id":"98871e3e-9bbd-4c23-9605-445bfa8ee3ec","ts":"2026-09-09T09:15:46.048-04:00","eventName":"n8n.audit.workflow.updated","message":"n8n.audit.workflow.updated","payload":{"userId":"c17e4e51-fb03-4a49-8690-2eb153d72420","_email":"anurag.25scse1180671@galgotiasuniversity.ac.in","_firstName":"ANURAG","_lastName":"SHARMA","globalRole":"global:owner","workflowId":"fC5E99z5uUn0fKjT","workflowName":"Accisense alert"}}
{"__type":"$$EventMessageConfirm","confirm":"98871e3e-9bbd-4c23-9605-445bfa8ee3ec","ts":"2026-09-09T09:15:46.048-04:00","source":{"id":"0","name":"eventBus"}}
{"__type":"$$EventMessageAudit","id":"45c57b2e-6224-447a-b69d-9d0473fcd336","ts":"2026-09-09T09:15:48.885-04:00","eventName":"n8n.audit.workflow.updated","message":"n8n.audit.workflow.updated","payload":{"userId":"c17e4e51-fb03-4a49-8690-2eb153d72420","_email":"anurag.25scse1180671@galgotiasuniversity.ac.in","_firstName":"ANURAG","_lastName":"SHARMA","globalRole":"global:owner","workflowId":"fC5E99z5uUn0fKjT","workflowName":"Accisense alert"}}
{"__type":"$$EventMessageConfirm","confirm":"45c57b2e-6224-447a-b69d-9d0473fcd336","ts":"2026-09-09T09:15:48.885-04:00","source":{"id":"0","name":"eventBus"}}
{"__type":"$$EventMessageAudit","id":"84828c24-2690-4d52-bbac-0c2acac43a27","ts":"2026-09-09T09:15:58.625-04:00","eventName":"n8n.audit.workflow.executed","message":"n8n.audit.workflow.executed","payload":{"userId":"c17e4e51-fb03-4a49-8690-2eb153d72420","_email":"anurag.25scse1180671@galgotiasuniversity.ac.in","_firstName":"ANURAG","_lastName":"SHARMA","globalRole":"global:owner","workflowId":"fC5E99z5uUn0fKjT","workflowName":"Accisense alert","executionId":"76","projectId":"VPeJW2ayhoZgotkV","projectName":"ANURAG SHARMA <anurag.25scse1180671@galgotiasuniversity.ac.in>","source":"user-manual"}}
{"__type":"$$EventMessageConfirm","confirm":"84828c24-2690-4d52-bbac-0c2acac43a27","ts":"2026-09-09T09:15:58.625-04:00","source":{"id":"0","name":"eventBus"}}
{"__type":"$$EventMessageWorkflow","id":"4e59d180-84b6-4105-845a-4e035582f3d6","ts":"2026-09-09T09:15:58.626-04:00","eventName":"n8n.workflow.started","message":"n8n.workflow.started","payload":{"executionId":"76","workflowId":"fC5E99z5uUn0fKjT","isManual":false,"mode":"manual","workflowName":"Accisense alert","projectId":"VPeJW2ayhoZgotkV","projectName":"ANURAG SHARMA <anurag.25scse1180671@galgotiasuniversity.ac.in>"}}
{"__type":"$$EventMessageConfirm","confirm":"4e59d180-84b6-4105-845a-4e035582f3d6","ts":"2026-09-09T09:15:58.626-04:00","source":{"id":"0","name":"eventBus"}}
{"__type":"$$EventMessageNode","id":"80567bbd-e8d7-4a50-9965-ee258e14b3ba","ts":"2026-09-09T09:15:58.643-04:00","eventName":"n8n.node.started","message":"n8n.node.started","payload":{"workflowId":"fC5E99z5uUn0fKjT","workflowName":"Accisense alert","executionId":"76","nodeType":"n8n-nodes-base.if","nodeName":"ACK Received","nodeId":"5b260765-1b6e-478b-b19b-c6bd9f5134a2"}}
{"__type":"$$EventMessageConfirm","confirm":"80567bbd-e8d7-4a50-9965-ee258e14b3ba","ts":"2026-09-09T09:15:58.643-04:00","source":{"id":"0","name":"eventBus"}}
{"__type":"$$EventMessageNode","id":"2825c869-04e2-49e3-b41b-dbfee5404ac5","ts":"2026-09-09T09:15:58.651-04:00","eventName":"n8n.node.finished","message":"n8n.node.finished","payload":{"workflowId":"fC5E99z5uUn0fKjT","workflowName":"Accisense alert","executionId":"76","nodeType":"n8n-nodes-base.if","nodeName":"ACK Received","nodeId":"5b260765-1b6e-478b-b19b-c6bd9f5134a2"}}
{"__type":"$$EventMessageConfirm","confirm":"2825c869-04e2-49e3-b41b-dbfee5404ac5","ts":"2026-09-09T09:15:58.651-04:00","source":{"id":"0","name":"eventBus"}}
{"__type":"$$EventMessageWorkflow","id":"7760a3eb-d7fa-4a67-8457-107cf6f1edc1","ts":"2026-09-09T09:15:58.658-04:00","eventName":"n8n.workflow.success","message":"n8n.workflow.success","payload":{"userId":"c17e4e51-fb03-4a49-8690-2eb153d72420","executionId":"76","success":true,"isManual":true,"mode":"manual","workflowId":"fC5E99z5uUn0fKjT","workflowName":"Accisense alert","projectId":"VPeJW2ayhoZgotkV","projectName":"ANURAG SHARMA <anurag.25scse1180671@galgotiasuniversity.ac.in>"}}
{"__type":"$$EventMessageConfirm","confirm":"7760a3eb-d7fa-4a67-8457-107cf6f1edc1","ts":"2026-09-09T09:15:58.658-04:00","source":{"id":"0","name":"eventBus"}}
{"__type":"$$EventMessageAudit","id":"32a0fe53-c149-4412-9bae-8bdbbe61c013","ts":"2026-09-09T09:16:18.847-04:00","eventName":"n8n.audit.workflow.executed","message":"n8n.audit.workflow.executed","payload":{"workflowId":"fC5E99z5uUn0fKjT","workflowName":"Accisense alert","executionId":"77","projectId":"VPeJW2ayhoZgotkV","projectName":"ANURAG SHARMA <anurag.25scse1180671@galgotiasuniversity.ac.in>","source":"webhook"}}
{"__type":"$$EventMessageConfirm","confirm":"32a0fe53-c149-4412-9bae-8bdbbe61c013","ts":"2026-09-09T09:16:18.847-04:00","source":{"id":"0","name":"eventBus"}}
{"__type":"$$EventMessageWorkflow","id":"d7278082-cd8b-49ec-8a79-53434e99bc42","ts":"2026-09-09T09:16:18.847-04:00","eventName":"n8n.workflow.started","message":"n8n.workflow.started","payload":{"executionId":"77","workflowId":"fC5E99z5uUn0fKjT","isManual":false,"mode":"manual","workflowName":"Accisense alert","projectId":"VPeJW2ayhoZgotkV","projectName":"ANURAG SHARMA <anurag.25scse1180671@galgotiasuniversity.ac.in>"}}
{"__type":"$$EventMessageConfirm","confirm":"d7278082-cd8b-49ec-8a79-53434e99bc42","ts":"2026-09-09T09:16:18.847-04:00","source":{"id":"0","name":"eventBus"}}
{"__type":"$$EventMessageNode","id":"bb08b4f8-3520-4f79-9172-7e93b3d3603a","ts":"2026-09-09T09:16:18.869-04:00","eventName":"n8n.node.started","message":"n8n.node.started","payload":{"workflowId":"fC5E99z5uUn0fKjT","workflowName":"Accisense alert","executionId":"77","nodeType":"n8n-nodes-base.webhook","nodeName":"Webhook","nodeId":"1132293c-0068-4318-83d9-b3883ab01b5a"}}
{"__type":"$$EventMessageConfirm","confirm":"bb08b4f8-3520-4f79-9172-7e93b3d3603a","ts":"2026-09-09T09:16:18.869-04:00","source":{"id":"0","name":"eventBus"}}
{"__type":"$$EventMessageNode","id":"8fb2e2c1-fad8-4b69-adcb-f6346e315670","ts":"2026-09-09T09:16:18.870-04:00","eventName":"n8n.node.finished","message":"n8n.node.finished","payload":{"workflowId":"fC5E99z5uUn0fKjT","workflowName":"Accisense alert","executionId":"77","nodeType":"n8n-nodes-base.webhook","nodeName":"Webhook","nodeId":"1132293c-0068-4318-83d9-b3883ab01b5a"}}
{"__type":"$$EventMessageConfirm","confirm":"8fb2e2c1-fad8-4b69-adcb-f6346e315670","ts":"2026-09-09T09:16:18.870-04:00","source":{"id":"0","name":"eventBus"}}
{"__type":"$$EventMessageNode","id":"20b8d76c-92ca-4409-95ea-04b0257865d1","ts":"2026-09-09T09:16:18.871-04:00","eventName":"n8n.node.started","message":"n8n.node.started","payload":{"workflowId":"fC5E99z5uUn0fKjT","workflowName":"Accisense alert","executionId":"77","nodeType":"n8n-nodes-base.if","nodeName":"Parse Alert","nodeId":"ae47ab65-f8eb-415b-aafc-fa2cf54d58f9"}}
{"__type":"$$EventMessageConfirm","confirm":"20b8d76c-92ca-4409-95ea-04b0257865d1","ts":"2026-09-09T09:16:18.871-04:00","source":{"id":"0","name":"eventBus"}}
{"__type":"$$EventMessageNode","id":"6f2ac68e-74e5-408d-a306-c7f60bd5321e","ts":"2026-09-09T09:16:18.878-04:00","eventName":"n8n.node.finished","message":"n8n.node.finished","payload":{"workflowId":"fC5E99z5uUn0fKjT","workflowName":"Accisense alert","executionId":"77","nodeType":"n8n-nodes-base.if","nodeName":"Parse Alert","nodeId":"ae47ab65-f8eb-415b-aafc-fa2cf54d58f9"}}
{"__type":"$$EventMessageConfirm","confirm":"6f2ac68e-74e5-408d-a306-c7f60bd5321e","ts":"2026-09-09T09:16:18.878-04:00","source":{"id":"0","name":"eventBus"}}
{"__type":"$$EventMessageNode","id":"a382e458-a54c-45a9-812e-1217f0c9be06","ts":"2026-09-09T09:16:18.878-04:00","eventName":"n8n.node.started","message":"n8n.node.started","payload":{"workflowId":"fC5E99z5uUn0fKjT","workflowName":"Accisense alert","executionId":"77","nodeType":"@n8n/n8n-nodes-langchain.googleGemini","nodeName":"AI Triage","nodeId":"194c44f4-774e-44c0-8867-125d45a66c11"}}
{"__type":"$$EventMessageConfirm","confirm":"a382e458-a54c-45a9-812e-1217f0c9be06","ts":"2026-09-09T09:16:18.878-04:00","source":{"id":"0","name":"eventBus"}}
{"__type":"$$EventMessageNode","id":"1378487f-302c-4f89-a15c-458a3d31b42a","ts":"2026-09-09T09:16:23.676-04:00","eventName":"n8n.node.finished","message":"n8n.node.finished","payload":{"workflowId":"fC5E99z5uUn0fKjT","workflowName":"Accisense alert","executionId":"77","nodeType":"@n8n/n8n-nodes-langchain.googleGemini","nodeName":"AI Triage","nodeId":"194c44f4-774e-44c0-8867-125d45a66c11"}}
{"__type":"$$EventMessageConfirm","confirm":"1378487f-302c-4f89-a15c-458a3d31b42a","ts":"2026-09-09T09:16:23.676-04:00","source":{"id":"0","name":"eventBus"}}
{"__type":"$$EventMessageNode","id":"ed04f819-4f17-4399-887b-111ceb746c56","ts":"2026-09-09T09:16:23.677-04:00","eventName":"n8n.node.started","message":"n8n.node.started","payload":{"workflowId":"fC5E99z5uUn0fKjT","workflowName":"Accisense alert","executionId":"77","nodeType":"n8n-nodes-base.code","nodeName":"Normalize AI Code","nodeId":"d61afa8b-db4d-44e0-bedd-5359b32ee7bd"}}
{"__type":"$$EventMessageConfirm","confirm":"ed04f819-4f17-4399-887b-111ceb746c56","ts":"2026-09-09T09:16:23.677-04:00","source":{"id":"0","name":"eventBus"}}
{"__type":"$$EventMessageRunner","id":"d7ad9218-d72a-41bf-9795-e3805634f909","ts":"2026-09-09T09:16:23.678-04:00","eventName":"n8n.runner.task.requested","message":"n8n.runner.task.requested","payload":{"taskId":"ekylt_uf","nodeId":"d61afa8b-db4d-44e0-bedd-5359b32ee7bd","workflowId":"fC5E99z5uUn0fKjT","executionId":"77"}}
{"__type":"$$EventMessageConfirm","confirm":"d7ad9218-d72a-41bf-9795-e3805634f909","ts":"2026-09-09T09:16:23.678-04:00","source":{"id":"0","name":"eventBus"}}
{"__type":"$$EventMessageRunner","id":"5dd257af-4f9a-403e-8175-d57eaf66cf2a","ts":"2026-09-09T09:16:23.690-04:00","eventName":"n8n.runner.response.received","message":"n8n.runner.response.received","payload":{"taskId":"ekylt_uf","nodeId":"d61afa8b-db4d-44e0-bedd-5359b32ee7bd","workflowId":"fC5E99z5uUn0fKjT","executionId":"77"}}
{"__type":"$$EventMessageConfirm","confirm":"5dd257af-4f9a-403e-8175-d57eaf66cf2a","ts":"2026-09-09T09:16:23.690-04:00","source":{"id":"0","name":"eventBus"}}
{"__type":"$$EventMessageNode","id":"fbc03f2b-306d-4bfb-a619-42224851cc27","ts":"2026-09-09T09:16:23.690-04:00","eventName":"n8n.node.finished","message":"n8n.node.finished","payload":{"workflowId":"fC5E99z5uUn0fKjT","workflowName":"Accisense alert","executionId":"77","nodeType":"n8n-nodes-base.code","nodeName":"Normalize AI Code","nodeId":"d61afa8b-db4d-44e0-bedd-5359b32ee7bd"}}
{"__type":"$$EventMessageConfirm","confirm":"fbc03f2b-306d-4bfb-a619-42224851cc27","ts":"2026-09-09T09:16:23.690-04:00","source":{"id":"0","name":"eventBus"}}
{"__type":"$$EventMessageNode","id":"dca44140-c701-4a40-89da-28dee7f770df","ts":"2026-09-09T09:16:23.691-04:00","eventName":"n8n.node.started","message":"n8n.node.started","payload":{"workflowId":"fC5E99z5uUn0fKjT","workflowName":"Accisense alert","executionId":"77","nodeType":"n8n-nodes-base.httpRequest","nodeName":"Create Incident","nodeId":"a8982d80-dd7c-4b50-bcc1-9774d5030e50"}}
{"__type":"$$EventMessageConfirm","confirm":"dca44140-c701-4a40-89da-28dee7f770df","ts":"2026-09-09T09:16:23.691-04:00","source":{"id":"0","name":"eventBus"}}
{"__type":"$$EventMessageNode","id":"86a10f1b-1c94-4ee4-ab74-545344a41e93","ts":"2026-09-09T09:16:25.620-04:00","eventName":"n8n.node.finished","message":"n8n.node.finished","payload":{"workflowId":"fC5E99z5uUn0fKjT","workflowName":"Accisense alert","executionId":"77","nodeType":"n8n-nodes-base.httpRequest","nodeName":"Create Incident","nodeId":"a8982d80-dd7c-4b50-bcc1-9774d5030e50"}}
{"__type":"$$EventMessageConfirm","confirm":"86a10f1b-1c94-4ee4-ab74-545344a41e93","ts":"2026-09-09T09:16:25.620-04:00","source":{"id":"0","name":"eventBus"}}
{"__type":"$$EventMessageNode","id":"5f5ea7b5-38e7-4f9e-8954-8ee2fbc4072b","ts":"2026-09-09T09:16:25.620-04:00","eventName":"n8n.node.started","message":"n8n.node.started","payload":{"workflowId":"fC5E99z5uUn0fKjT","workflowName":"Accisense alert","executionId":"77","nodeType":"n8n-nodes-base.telegram","nodeName":"Send Alert","nodeId":"7c481263-5942-4621-a0e8-799c9e1a6335"}}
{"__type":"$$EventMessageConfirm","confirm":"5f5ea7b5-38e7-4f9e-8954-8ee2fbc4072b","ts":"2026-09-09T09:16:25.620-04:00","source":{"id":"0","name":"eventBus"}}
{"__type":"$$EventMessageNode","id":"49f6f042-b338-4f31-892d-2ec7d566091e","ts":"2026-09-09T09:16:27.122-04:00","eventName":"n8n.node.finished","message":"n8n.node.finished","payload":{"workflowId":"fC5E99z5uUn0fKjT","workflowName":"Accisense alert","executionId":"77","nodeType":"n8n-nodes-base.telegram","nodeName":"Send Alert","nodeId":"7c481263-5942-4621-a0e8-799c9e1a6335"}}
{"__type":"$$EventMessageConfirm","confirm":"49f6f042-b338-4f31-892d-2ec7d566091e","ts":"2026-09-09T09:16:27.122-04:00","source":{"id":"0","name":"eventBus"}}
{"__type":"$$EventMessageNode","id":"7f0b3d13-92c0-4769-a9da-58bcb6f2b2d7","ts":"2026-09-09T09:16:27.122-04:00","eventName":"n8n.node.started","message":"n8n.node.started","payload":{"workflowId":"fC5E99z5uUn0fKjT","workflowName":"Accisense alert","executionId":"77","nodeType":"n8n-nodes-base.supabase","nodeName":"Create a row","nodeId":"00c26655-3a8f-471e-a1e0-49c908b3a937"}}
{"__type":"$$EventMessageConfirm","confirm":"7f0b3d13-92c0-4769-a9da-58bcb6f2b2d7","ts":"2026-09-09T09:16:27.122-04:00","source":{"id":"0","name":"eventBus"}}
{"__type":"$$EventMessageNode","id":"678ccd1a-7388-476a-a355-007bbb262be0","ts":"2026-09-09T09:16:28.302-04:00","eventName":"n8n.node.finished","message":"n8n.node.finished","payload":{"workflowId":"fC5E99z5uUn0fKjT","workflowName":"Accisense alert","executionId":"77","nodeType":"n8n-nodes-base.supabase","nodeName":"Create a row","nodeId":"00c26655-3a8f-471e-a1e0-49c908b3a937"}}
{"__type":"$$EventMessageConfirm","confirm":"678ccd1a-7388-476a-a355-007bbb262be0","ts":"2026-09-09T09:16:28.302-04:00","source":{"id":"0","name":"eventBus"}}
{"__type":"$$EventMessageNode","id":"12377c2d-e888-4f80-afb9-f865b586be0c","ts":"2026-09-09T09:16:28.303-04:00","eventName":"n8n.node.started","message":"n8n.node.started","payload":{"workflowId":"fC5E99z5uUn0fKjT","workflowName":"Accisense alert","executionId":"77","nodeType":"n8n-nodes-base.telegram","nodeName":"Send confirmation/log","nodeId":"c744bd15-731f-4fc0-b570-38a032a54b24"}}
{"__type":"$$EventMessageConfirm","confirm":"12377c2d-e888-4f80-afb9-f865b586be0c","ts":"2026-09-09T09:16:28.303-04:00","source":{"id":"0","name":"eventBus"}}
{"__type":"$$EventMessageNode","id":"b653bb68-f348-4781-8830-04696269793f","ts":"2026-09-09T09:16:29.481-04:00","eventName":"n8n.node.finished","message":"n8n.node.finished","payload":{"workflowId":"fC5E99z5uUn0fKjT","workflowName":"Accisense alert","executionId":"77","nodeType":"n8n-nodes-base.telegram","nodeName":"Send confirmation/log","nodeId":"c744bd15-731f-4fc0-b570-38a032a54b24"}}
{"__type":"$$EventMessageConfirm","confirm":"b653bb68-f348-4781-8830-04696269793f","ts":"2026-09-09T09:16:29.481-04:00","source":{"id":"0","name":"eventBus"}}
{"__type":"$$EventMessageNode","id":"a65c5283-43bc-4093-b800-ca955c4e55fd","ts":"2026-09-09T09:16:29.481-04:00","eventName":"n8n.node.started","message":"n8n.node.started","payload":{"workflowId":"fC5E99z5uUn0fKjT","workflowName":"Accisense alert","executionId":"77","nodeType":"n8n-nodes-base.wait","nodeName":"Wait for ACK","nodeId":"ca787a9f-9728-483b-bdd3-2b2d7ea9e12f"}}
{"__type":"$$EventMessageConfirm","confirm":"a65c5283-43bc-4093-b800-ca955c4e55fd","ts":"2026-09-09T09:16:29.481-04:00","source":{"id":"0","name":"eventBus"}}
{"__type":"$$EventMessageAudit","id":"5d080be1-5b43-40f8-8f88-fca625d05331","ts":"2026-09-09T09:16:31.068-04:00","eventName":"n8n.audit.workflow.executed","message":"n8n.audit.workflow.executed","payload":{"workflowId":"syQ1650RVcPcjzXQ","workflowName":"Accisense Ack","executionId":"78","projectId":"VPeJW2ayhoZgotkV","projectName":"ANURAG SHARMA <anurag.25scse1180671@galgotiasuniversity.ac.in>","source":"webhook"}}
{"__type":"$$EventMessageConfirm","confirm":"5d080be1-5b43-40f8-8f88-fca625d05331","ts":"2026-09-09T09:16:31.068-04:00","source":{"id":"0","name":"eventBus"}}
{"__type":"$$EventMessageWorkflow","id":"ba72fc20-a10e-482e-8309-96dad3a46d00","ts":"2026-09-09T09:16:31.070-04:00","eventName":"n8n.workflow.started","message":"n8n.workflow.started","payload":{"executionId":"78","workflowId":"syQ1650RVcPcjzXQ","isManual":false,"mode":"manual","workflowName":"Accisense Ack","projectId":"VPeJW2ayhoZgotkV","projectName":"ANURAG SHARMA <anurag.25scse1180671@galgotiasuniversity.ac.in>"}}
{"__type":"$$EventMessageConfirm","confirm":"ba72fc20-a10e-482e-8309-96dad3a46d00","ts":"2026-09-09T09:16:31.070-04:00","source":{"id":"0","name":"eventBus"}}
{"__type":"$$EventMessageNode","id":"44ca83da-1ed0-42ea-a09a-fa206453e3d6","ts":"2026-09-09T09:16:31.095-04:00","eventName":"n8n.node.started","message":"n8n.node.started","payload":{"workflowId":"syQ1650RVcPcjzXQ","workflowName":"Accisense Ack","executionId":"78","nodeType":"n8n-nodes-base.telegramTrigger","nodeName":"On ACK Button","nodeId":"c6dd631b-5579-4cf6-a48b-fbcd8b4ba156"}}
{"__type":"$$EventMessageConfirm","confirm":"44ca83da-1ed0-42ea-a09a-fa206453e3d6","ts":"2026-09-09T09:16:31.096-04:00","source":{"id":"0","name":"eventBus"}}
{"__type":"$$EventMessageNode","id":"496e8fa4-8681-4e85-820e-97d7dfd62d9d","ts":"2026-09-09T09:16:31.097-04:00","eventName":"n8n.node.finished","message":"n8n.node.finished","payload":{"workflowId":"syQ1650RVcPcjzXQ","workflowName":"Accisense Ack","executionId":"78","nodeType":"n8n-nodes-base.telegramTrigger","nodeName":"On ACK Button","nodeId":"c6dd631b-5579-4cf6-a48b-fbcd8b4ba156"}}
{"__type":"$$EventMessageConfirm","confirm":"496e8fa4-8681-4e85-820e-97d7dfd62d9d","ts":"2026-09-09T09:16:31.097-04:00","source":{"id":"0","name":"eventBus"}}
{"__type":"$$EventMessageNode","id":"0374afec-adb4-4665-aac0-e62f09a73591","ts":"2026-09-09T09:16:31.098-04:00","eventName":"n8n.node.started","message":"n8n.node.started","payload":{"workflowId":"syQ1650RVcPcjzXQ","workflowName":"Accisense Ack","executionId":"78","nodeType":"n8n-nodes-base.telegram","nodeName":"Answer Query a callback","nodeId":"2661019e-153e-4575-a346-44cc88c70061"}}
{"__type":"$$EventMessageConfirm","confirm":"0374afec-adb4-4665-aac0-e62f09a73591","ts":"2026-09-09T09:16:31.098-04:00","source":{"id":"0","name":"eventBus"}}
{"__type":"$$EventMessageNode","id":"0cb676c1-c6ef-41a6-a7ec-f29c84b0017c","ts":"2026-09-09T09:16:32.321-04:00","eventName":"n8n.node.finished","message":"n8n.node.finished","payload":{"workflowId":"syQ1650RVcPcjzXQ","workflowName":"Accisense Ack","executionId":"78","nodeType":"n8n-nodes-base.telegram","nodeName":"Answer Query a callback","nodeId":"2661019e-153e-4575-a346-44cc88c70061"}}
{"__type":"$$EventMessageConfirm","confirm":"0cb676c1-c6ef-41a6-a7ec-f29c84b0017c","ts":"2026-09-09T09:16:32.321-04:00","source":{"id":"0","name":"eventBus"}}
{"__type":"$$EventMessageNode","id":"8c8d5f45-8b44-44a3-805d-990417089a8c","ts":"2026-09-09T09:16:32.321-04:00","eventName":"n8n.node.started","message":"n8n.node.started","payload":{"workflowId":"syQ1650RVcPcjzXQ","workflowName":"Accisense Ack","executionId":"78","nodeType":"n8n-nodes-base.set","nodeName":"Parse ACK","nodeId":"683cc3f3-95cc-4e0a-bb0a-53169b4c4597"}}
{"__type":"$$EventMessageConfirm","confirm":"8c8d5f45-8b44-44a3-805d-990417089a8c","ts":"2026-09-09T09:16:32.321-04:00","source":{"id":"0","name":"eventBus"}}
{"__type":"$$EventMessageNode","id":"506074f6-8aef-47bb-b49e-f02e6dbf6745","ts":"2026-09-09T09:16:32.327-04:00","eventName":"n8n.node.finished","message":"n8n.node.finished","payload":{"workflowId":"syQ1650RVcPcjzXQ","workflowName":"Accisense Ack","executionId":"78","nodeType":"n8n-nodes-base.set","nodeName":"Parse ACK","nodeId":"683cc3f3-95cc-4e0a-bb0a-53169b4c4597"}}
{"__type":"$$EventMessageConfirm","confirm":"506074f6-8aef-47bb-b49e-f02e6dbf6745","ts":"2026-09-09T09:16:32.327-04:00","source":{"id":"0","name":"eventBus"}}
{"__type":"$$EventMessageNode","id":"4ee03b8b-966b-4f5c-ba03-580ef67d2ad9","ts":"2026-09-09T09:16:32.328-04:00","eventName":"n8n.node.started","message":"n8n.node.started","payload":{"workflowId":"syQ1650RVcPcjzXQ","workflowName":"Accisense Ack","executionId":"78","nodeType":"n8n-nodes-base.set","nodeName":"Extract AcciSense ID","nodeId":"22008c1d-f023-4a46-ab49-e8a035645aac"}}
{"__type":"$$EventMessageConfirm","confirm":"4ee03b8b-966b-4f5c-ba03-580ef67d2ad9","ts":"2026-09-09T09:16:32.328-04:00","source":{"id":"0","name":"eventBus"}}
{"__type":"$$EventMessageNode","id":"84ed4308-146d-49b4-afaf-5d30ada49d89","ts":"2026-09-09T09:16:32.331-04:00","eventName":"n8n.node.finished","message":"n8n.node.finished","payload":{"workflowId":"syQ1650RVcPcjzXQ","workflowName":"Accisense Ack","executionId":"78","nodeType":"n8n-nodes-base.set","nodeName":"Extract AcciSense ID","nodeId":"22008c1d-f023-4a46-ab49-e8a035645aac"}}
{"__type":"$$EventMessageConfirm","confirm":"84ed4308-146d-49b4-afaf-5d30ada49d89","ts":"2026-09-09T09:16:32.331-04:00","source":{"id":"0","name":"eventBus"}}
{"__type":"$$EventMessageNode","id":"ba318a77-234e-401f-b669-c4afbba1a3f6","ts":"2026-09-09T09:16:32.332-04:00","eventName":"n8n.node.started","message":"n8n.node.started","payload":{"workflowId":"syQ1650RVcPcjzXQ","workflowName":"Accisense Ack","executionId":"78","nodeType":"n8n-nodes-base.httpRequest","nodeName":"Acknowledge Incident","nodeId":"a141b20b-15fe-436d-84e8-ff699b266095"}}
{"__type":"$$EventMessageConfirm","confirm":"ba318a77-234e-401f-b669-c4afbba1a3f6","ts":"2026-09-09T09:16:32.332-04:00","source":{"id":"0","name":"eventBus"}}
{"__type":"$$EventMessageNode","id":"ea95aba8-eeb8-4bce-923b-a74a157751c2","ts":"2026-09-09T09:16:32.856-04:00","eventName":"n8n.node.finished","message":"n8n.node.finished","payload":{"workflowId":"syQ1650RVcPcjzXQ","workflowName":"Accisense Ack","executionId":"78","nodeType":"n8n-nodes-base.httpRequest","nodeName":"Acknowledge Incident","nodeId":"a141b20b-15fe-436d-84e8-ff699b266095"}}
{"__type":"$$EventMessageConfirm","confirm":"ea95aba8-eeb8-4bce-923b-a74a157751c2","ts":"2026-09-09T09:16:32.856-04:00","source":{"id":"0","name":"eventBus"}}
{"__type":"$$EventMessageNode","id":"7cd0734e-ef13-490e-ac43-14585115371c","ts":"2026-09-09T09:16:32.856-04:00","eventName":"n8n.node.started","message":"n8n.node.started","payload":{"workflowId":"syQ1650RVcPcjzXQ","workflowName":"Accisense Ack","executionId":"78","nodeType":"n8n-nodes-base.supabase","nodeName":"Get many rows","nodeId":"666dfc14-e54f-4d5a-a30c-c0d18601345a"}}
{"__type":"$$EventMessageConfirm","confirm":"7cd0734e-ef13-490e-ac43-14585115371c","ts":"2026-09-09T09:16:32.856-04:00","source":{"id":"0","name":"eventBus"}}
{"__type":"$$EventMessageNode","id":"6f75f34e-8d2f-400f-bc46-954d3c133074","ts":"2026-09-09T09:16:33.513-04:00","eventName":"n8n.node.finished","message":"n8n.node.finished","payload":{"workflowId":"syQ1650RVcPcjzXQ","workflowName":"Accisense Ack","executionId":"78","nodeType":"n8n-nodes-base.supabase","nodeName":"Get many rows","nodeId":"666dfc14-e54f-4d5a-a30c-c0d18601345a"}}
{"__type":"$$EventMessageConfirm","confirm":"6f75f34e-8d2f-400f-bc46-954d3c133074","ts":"2026-09-09T09:16:33.513-04:00","source":{"id":"0","name":"eventBus"}}
{"__type":"$$EventMessageNode","id":"30b3ec75-bb9a-417d-bd52-2c6456a9c85f","ts":"2026-09-09T09:16:33.514-04:00","eventName":"n8n.node.started","message":"n8n.node.started","payload":{"workflowId":"syQ1650RVcPcjzXQ","workflowName":"Accisense Ack","executionId":"78","nodeType":"n8n-nodes-base.merge","nodeName":"Merge","nodeId":"3f4ac7aa-c27d-4378-a92f-511a8966b11c"}}
{"__type":"$$EventMessageConfirm","confirm":"30b3ec75-bb9a-417d-bd52-2c6456a9c85f","ts":"2026-09-09T09:16:33.514-04:00","source":{"id":"0","name":"eventBus"}}
{"__type":"$$EventMessageNode","id":"d46fb7a6-1a49-46ed-b52e-9ef7c1f4fbc3","ts":"2026-09-09T09:16:33.517-04:00","eventName":"n8n.node.finished","message":"n8n.node.finished","payload":{"workflowId":"syQ1650RVcPcjzXQ","workflowName":"Accisense Ack","executionId":"78","nodeType":"n8n-nodes-base.merge","nodeName":"Merge","nodeId":"3f4ac7aa-c27d-4378-a92f-511a8966b11c"}}
{"__type":"$$EventMessageConfirm","confirm":"d46fb7a6-1a49-46ed-b52e-9ef7c1f4fbc3","ts":"2026-09-09T09:16:33.517-04:00","source":{"id":"0","name":"eventBus"}}
{"__type":"$$EventMessageNode","id":"f6f64df9-434c-44f6-aa72-4b5e54e7c07d","ts":"2026-09-09T09:16:33.517-04:00","eventName":"n8n.node.started","message":"n8n.node.started","payload":{"workflowId":"syQ1650RVcPcjzXQ","workflowName":"Accisense Ack","executionId":"78","nodeType":"n8n-nodes-base.httpRequest","nodeName":"Update Telegram Message","nodeId":"9710fa08-d09f-4cb7-bf14-984d3edcbc31"}}
{"__type":"$$EventMessageConfirm","confirm":"f6f64df9-434c-44f6-aa72-4b5e54e7c07d","ts":"2026-09-09T09:16:33.517-04:00","source":{"id":"0","name":"eventBus"}}
{"__type":"$$EventMessageNode","id":"2394f8dd-33ea-486b-9d77-042a5475c956","ts":"2026-09-09T09:16:34.835-04:00","eventName":"n8n.node.finished","message":"n8n.node.finished","payload":{"workflowId":"syQ1650RVcPcjzXQ","workflowName":"Accisense Ack","executionId":"78","nodeType":"n8n-nodes-base.httpRequest","nodeName":"Update Telegram Message","nodeId":"9710fa08-d09f-4cb7-bf14-984d3edcbc31"}}
{"__type":"$$EventMessageConfirm","confirm":"2394f8dd-33ea-486b-9d77-042a5475c956","ts":"2026-09-09T09:16:34.835-04:00","source":{"id":"0","name":"eventBus"}}
{"__type":"$$EventMessageNode","id":"c01bcb30-5191-4a7d-b481-3ada80ccf2c6","ts":"2026-09-09T09:16:34.836-04:00","eventName":"n8n.node.started","message":"n8n.node.started","payload":{"workflowId":"syQ1650RVcPcjzXQ","workflowName":"Accisense Ack","executionId":"78","nodeType":"n8n-nodes-base.telegram","nodeName":"Notify ACK Success","nodeId":"1dd11c85-ceb3-4e48-8372-71f9f0491bda"}}
{"__type":"$$EventMessageConfirm","confirm":"c01bcb30-5191-4a7d-b481-3ada80ccf2c6","ts":"2026-09-09T09:16:34.836-04:00","source":{"id":"0","name":"eventBus"}}
{"__type":"$$EventMessageNode","id":"49fb7b5c-7173-4d14-85d0-3d3862e4368e","ts":"2026-09-09T09:16:36.370-04:00","eventName":"n8n.node.finished","message":"n8n.node.finished","payload":{"workflowId":"syQ1650RVcPcjzXQ","workflowName":"Accisense Ack","executionId":"78","nodeType":"n8n-nodes-base.telegram","nodeName":"Notify ACK Success","nodeId":"1dd11c85-ceb3-4e48-8372-71f9f0491bda"}}
{"__type":"$$EventMessageConfirm","confirm":"49fb7b5c-7173-4d14-85d0-3d3862e4368e","ts":"2026-09-09T09:16:36.370-04:00","source":{"id":"0","name":"eventBus"}}
{"__type":"$$EventMessageNode","id":"57f66aec-c100-4b83-a1a1-9c9e8a437b1f","ts":"2026-09-09T09:16:36.371-04:00","eventName":"n8n.node.started","message":"n8n.node.started","payload":{"workflowId":"syQ1650RVcPcjzXQ","workflowName":"Accisense Ack","executionId":"78","nodeType":"n8n-nodes-base.httpRequest","nodeName":"Pinata Success","nodeId":"33637d8b-99aa-40bf-8f73-a5e595a1888d"}}
{"__type":"$$EventMessageConfirm","confirm":"57f66aec-c100-4b83-a1a1-9c9e8a437b1f","ts":"2026-09-09T09:16:36.371-04:00","source":{"id":"0","name":"eventBus"}}
{"__type":"$$EventMessageNode","id":"62f92892-1567-4674-9369-4804afaa8067","ts":"2026-09-09T09:16:38.419-04:00","eventName":"n8n.node.finished","message":"n8n.node.finished","payload":{"workflowId":"syQ1650RVcPcjzXQ","workflowName":"Accisense Ack","executionId":"78","nodeType":"n8n-nodes-base.httpRequest","nodeName":"Pinata Success","nodeId":"33637d8b-99aa-40bf-8f73-a5e595a1888d"}}
{"__type":"$$EventMessageConfirm","confirm":"62f92892-1567-4674-9369-4804afaa8067","ts":"2026-09-09T09:16:38.419-04:00","source":{"id":"0","name":"eventBus"}}
{"__type":"$$EventMessageNode","id":"394316eb-bf23-4efb-afeb-ad05f6d84080","ts":"2026-09-09T09:16:38.420-04:00","eventName":"n8n.node.started","message":"n8n.node.started","payload":{"workflowId":"syQ1650RVcPcjzXQ","workflowName":"Accisense Ack","executionId":"78","nodeType":"n8n-nodes-base.supabase","nodeName":"Update a row","nodeId":"7169901c-f5e6-4501-ada4-3d651cdf4983"}}
{"__type":"$$EventMessageConfirm","confirm":"394316eb-bf23-4efb-afeb-ad05f6d84080","ts":"2026-09-09T09:16:38.420-04:00","source":{"id":"0","name":"eventBus"}}
{"__type":"$$EventMessageNode","id":"22926cce-6760-4305-94ef-fcbcad9145c1","ts":"2026-09-09T09:16:39.033-04:00","eventName":"n8n.node.finished","message":"n8n.node.finished","payload":{"workflowId":"syQ1650RVcPcjzXQ","workflowName":"Accisense Ack","executionId":"78","nodeType":"n8n-nodes-base.supabase","nodeName":"Update a row","nodeId":"7169901c-f5e6-4501-ada4-3d651cdf4983"}}
{"__type":"$$EventMessageConfirm","confirm":"22926cce-6760-4305-94ef-fcbcad9145c1","ts":"2026-09-09T09:16:39.033-04:00","source":{"id":"0","name":"eventBus"}}
{"__type":"$$EventMessageWorkflow","id":"c074f87a-9c71-4e28-8108-503b77b1203f","ts":"2026-09-09T09:16:39.036-04:00","eventName":"n8n.workflow.success","message":"n8n.workflow.success","payload":{"userId":"c17e4e51-fb03-4a49-8690-2eb153d72420","executionId":"78","success":true,"isManual":true,"mode":"manual","workflowId":"syQ1650RVcPcjzXQ","workflowName":"Accisense Ack","projectId":"VPeJW2ayhoZgotkV","projectName":"ANURAG SHARMA <anurag.25scse1180671@galgotiasuniversity.ac.in>"}}
{"__type":"$$EventMessageConfirm","confirm":"c074f87a-9c71-4e28-8108-503b77b1203f","ts":"2026-09-09T09:16:39.036-04:00","source":{"id":"0","name":"eventBus"}}
{"__type":"$$EventMessageNode","id":"138de0a1-f449-4265-9c19-86f2eb2d28f7","ts":"2026-09-09T09:16:39.483-04:00","eventName":"n8n.node.finished","message":"n8n.node.finished","payload":{"workflowId":"fC5E99z5uUn0fKjT","workflowName":"Accisense alert","executionId":"77","nodeType":"n8n-nodes-base.wait","nodeName":"Wait for ACK","nodeId":"ca787a9f-9728-483b-bdd3-2b2d7ea9e12f"}}
{"__type":"$$EventMessageConfirm","confirm":"138de0a1-f449-4265-9c19-86f2eb2d28f7","ts":"2026-09-09T09:16:39.483-04:00","source":{"id":"0","name":"eventBus"}}
{"__type":"$$EventMessageNode","id":"9f8d8a5b-8184-4357-a8f5-6bd8720f98e4","ts":"2026-09-09T09:16:39.483-04:00","eventName":"n8n.node.started","message":"n8n.node.started","payload":{"workflowId":"fC5E99z5uUn0fKjT","workflowName":"Accisense alert","executionId":"77","nodeType":"n8n-nodes-base.httpRequest","nodeName":"Check Status","nodeId":"5dc63647-4c85-425a-a253-e4da96ec3e44"}}
{"__type":"$$EventMessageConfirm","confirm":"9f8d8a5b-8184-4357-a8f5-6bd8720f98e4","ts":"2026-09-09T09:16:39.483-04:00","source":{"id":"0","name":"eventBus"}}
{"__type":"$$EventMessageNode","id":"825290e9-1d06-4a5f-8009-0e5050c2b8db","ts":"2026-09-09T09:16:40.164-04:00","eventName":"n8n.node.finished","message":"n8n.node.finished","payload":{"workflowId":"fC5E99z5uUn0fKjT","workflowName":"Accisense alert","executionId":"77","nodeType":"n8n-nodes-base.httpRequest","nodeName":"Check Status","nodeId":"5dc63647-4c85-425a-a253-e4da96ec3e44"}}
{"__type":"$$EventMessageConfirm","confirm":"825290e9-1d06-4a5f-8009-0e5050c2b8db","ts":"2026-09-09T09:16:40.164-04:00","source":{"id":"0","name":"eventBus"}}
{"__type":"$$EventMessageNode","id":"28cbf5d7-5b49-494b-a7fe-d0de11d913bd","ts":"2026-09-09T09:16:40.164-04:00","eventName":"n8n.node.started","message":"n8n.node.started","payload":{"workflowId":"fC5E99z5uUn0fKjT","workflowName":"Accisense alert","executionId":"77","nodeType":"n8n-nodes-base.if","nodeName":"ACK Received","nodeId":"5b260765-1b6e-478b-b19b-c6bd9f5134a2"}}
{"__type":"$$EventMessageConfirm","confirm":"28cbf5d7-5b49-494b-a7fe-d0de11d913bd","ts":"2026-09-09T09:16:40.164-04:00","source":{"id":"0","name":"eventBus"}}
{"__type":"$$EventMessageNode","id":"0f534c0a-c7fa-4567-bac9-d63ae50da00e","ts":"2026-09-09T09:16:40.166-04:00","eventName":"n8n.node.finished","message":"n8n.node.finished","payload":{"workflowId":"fC5E99z5uUn0fKjT","workflowName":"Accisense alert","executionId":"77","nodeType":"n8n-nodes-base.if","nodeName":"ACK Received","nodeId":"5b260765-1b6e-478b-b19b-c6bd9f5134a2"}}
{"__type":"$$EventMessageConfirm","confirm":"0f534c0a-c7fa-4567-bac9-d63ae50da00e","ts":"2026-09-09T09:16:40.166-04:00","source":{"id":"0","name":"eventBus"}}
{"__type":"$$EventMessageWorkflow","id":"41b9f13b-eb80-429e-8101-e0b61a8bd1ed","ts":"2026-09-09T09:16:40.169-04:00","eventName":"n8n.workflow.success","message":"n8n.workflow.success","payload":{"userId":"c17e4e51-fb03-4a49-8690-2eb153d72420","executionId":"77","success":true,"isManual":true,"mode":"manual","workflowId":"fC5E99z5uUn0fKjT","workflowName":"Accisense alert","projectId":"VPeJW2ayhoZgotkV","projectName":"ANURAG SHARMA <anurag.25scse1180671@galgotiasuniversity.ac.in>"}}
{"__type":"$$EventMessageConfirm","confirm":"41b9f13b-eb80-429e-8101-e0b61a8bd1ed","ts":"2026-09-09T09:16:40.169-04:00","source":{"id":"0","name":"eventBus"}}
{"__type":"$$EventMessageAudit","id":"a6ad8fdb-b154-4af2-b457-c650307544e6","ts":"2026-09-09T10:57:34.792-04:00","eventName":"n8n.audit.workflow.updated","message":"n8n.audit.workflow.updated","payload":{"userId":"c17e4e51-fb03-4a49-8690-2eb153d72420","_email":"anurag.25scse1180671@galgotiasuniversity.ac.in","_firstName":"ANURAG","_lastName":"SHARMA","globalRole":"global:owner","workflowId":"fC5E99z5uUn0fKjT","workflowName":"Accisense alert"}}
{"__type":"$$EventMessageConfirm","confirm":"a6ad8fdb-b154-4af2-b457-c650307544e6","ts":"2026-09-09T10:57:34.792-04:00","source":{"id":"0","name":"eventBus"}}
{"__type":"$$EventMessageAudit","id":"28103922-57a9-47df-a5f1-49e24d9d09ec","ts":"2026-09-09T10:58:23.460-04:00","eventName":"n8n.audit.workflow.updated","message":"n8n.audit.workflow.updated","payload":{"userId":"c17e4e51-fb03-4a49-8690-2eb153d72420","_email":"anurag.25scse1180671@galgotiasuniversity.ac.in","_firstName":"ANURAG","_lastName":"SHARMA","globalRole":"global:owner","workflowId":"fC5E99z5uUn0fKjT","workflowName":"Accisense alert"}}
{"__type":"$$EventMessageConfirm","confirm":"28103922-57a9-47df-a5f1-49e24d9d09ec","ts":"2026-09-09T10:58:23.460-04:00","source":{"id":"0","name":"eventBus"}}
{"__type":"$$EventMessageAudit","id":"1c484982-a1e2-4851-a9a4-6d9914520ed4","ts":"2026-09-09T10:58:40.701-04:00","eventName":"n8n.audit.workflow.updated","message":"n8n.audit.workflow.updated","payload":{"userId":"c17e4e51-fb03-4a49-8690-2eb153d72420","_email":"anurag.25scse1180671@galgotiasuniversity.ac.in","_firstName":"ANURAG","_lastName":"SHARMA","globalRole":"global:owner","workflowId":"fC5E99z5uUn0fKjT","workflowName":"Accisense alert"}}
{"__type":"$$EventMessageConfirm","confirm":"1c484982-a1e2-4851-a9a4-6d9914520ed4","ts":"2026-09-09T10:58:40.702-04:00","source":{"id":"0","name":"eventBus"}}
{"__type":"$$EventMessageAudit","id":"42f658e1-cf0d-4426-b0fe-62e6a03e7368","ts":"2026-09-09T10:58:43.405-04:00","eventName":"n8n.audit.workflow.updated","message":"n8n.audit.workflow.updated","payload":{"userId":"c17e4e51-fb03-4a49-8690-2eb153d72420","_email":"anurag.25scse1180671@galgotiasuniversity.ac.in","_firstName":"ANURAG","_lastName":"SHARMA","globalRole":"global:owner","workflowId":"fC5E99z5uUn0fKjT","workflowName":"Accisense alert"}}
{"__type":"$$EventMessageConfirm","confirm":"42f658e1-cf0d-4426-b0fe-62e6a03e7368","ts":"2026-09-09T10:58:43.406-04:00","source":{"id":"0","name":"eventBus"}}
{"__type":"$$EventMessageAudit","id":"a482eeb6-339e-4595-ab91-c6e9e1fff507","ts":"2026-09-09T10:58:46.935-04:00","eventName":"n8n.audit.workflow.updated","message":"n8n.audit.workflow.updated","payload":{"userId":"c17e4e51-fb03-4a49-8690-2eb153d72420","_email":"anurag.25scse1180671@galgotiasuniversity.ac.in","_firstName":"ANURAG","_lastName":"SHARMA","globalRole":"global:owner","workflowId":"fC5E99z5uUn0fKjT","workflowName":"Accisense alert"}}
{"__type":"$$EventMessageConfirm","confirm":"a482eeb6-339e-4595-ab91-c6e9e1fff507","ts":"2026-09-09T10:58:46.936-04:00","source":{"id":"0","name":"eventBus"}}
{"__type":"$$EventMessageAudit","id":"34d86f57-c47f-42f4-be02-f38da7c32bb8","ts":"2026-09-09T10:58:50.886-04:00","eventName":"n8n.audit.workflow.updated","message":"n8n.audit.workflow.updated","payload":{"userId":"c17e4e51-fb03-4a49-8690-2eb153d72420","_email":"anurag.25scse1180671@galgotiasuniversity.ac.in","_firstName":"ANURAG","_lastName":"SHARMA","globalRole":"global:owner","workflowId":"fC5E99z5uUn0fKjT","workflowName":"Accisense alert"}}
{"__type":"$$EventMessageConfirm","confirm":"34d86f57-c47f-42f4-be02-f38da7c32bb8","ts":"2026-09-09T10:58:50.886-04:00","source":{"id":"0","name":"eventBus"}}
{"__type":"$$EventMessageAudit","id":"e000c950-a890-42e6-9771-4dcea96cd735","ts":"2026-09-09T10:59:21.794-04:00","eventName":"n8n.audit.workflow.updated","message":"n8n.audit.workflow.updated","payload":{"userId":"c17e4e51-fb03-4a49-8690-2eb153d72420","_email":"anurag.25scse1180671@galgotiasuniversity.ac.in","_firstName":"ANURAG","_lastName":"SHARMA","globalRole":"global:owner","workflowId":"fC5E99z5uUn0fKjT","workflowName":"Accisense alert"}}
{"__type":"$$EventMessageConfirm","confirm":"e000c950-a890-42e6-9771-4dcea96cd735","ts":"2026-09-09T10:59:21.794-04:00","source":{"id":"0","name":"eventBus"}}
{"__type":"$$EventMessageAudit","id":"2e146eeb-daeb-4425-a7e1-4937f39526d3","ts":"2026-09-09T11:00:05.852-04:00","eventName":"n8n.audit.workflow.executed","message":"n8n.audit.workflow.executed","payload":{"userId":"c17e4e51-fb03-4a49-8690-2eb153d72420","_email":"anurag.25scse1180671@galgotiasuniversity.ac.in","_firstName":"ANURAG","_lastName":"SHARMA","globalRole":"global:owner","workflowId":"fC5E99z5uUn0fKjT","workflowName":"Accisense alert","executionId":"79","projectId":"VPeJW2ayhoZgotkV","projectName":"ANURAG SHARMA <anurag.25scse1180671@galgotiasuniversity.ac.in>","source":"user-manual"}}
{"__type":"$$EventMessageConfirm","confirm":"2e146eeb-daeb-4425-a7e1-4937f39526d3","ts":"2026-09-09T11:00:05.852-04:00","source":{"id":"0","name":"eventBus"}}
{"__type":"$$EventMessageWorkflow","id":"149a29b8-fa59-4012-9d74-76dd9c40b9ae","ts":"2026-09-09T11:00:05.853-04:00","eventName":"n8n.workflow.started","message":"n8n.workflow.started","payload":{"executionId":"79","workflowId":"fC5E99z5uUn0fKjT","isManual":false,"mode":"manual","workflowName":"Accisense alert","projectId":"VPeJW2ayhoZgotkV","projectName":"ANURAG SHARMA <anurag.25scse1180671@galgotiasuniversity.ac.in>"}}
{"__type":"$$EventMessageConfirm","confirm":"149a29b8-fa59-4012-9d74-76dd9c40b9ae","ts":"2026-09-09T11:00:05.853-04:00","source":{"id":"0","name":"eventBus"}}
{"__type":"$$EventMessageNode","id":"7e66125b-0469-4122-b903-e7056cbe9349","ts":"2026-09-09T11:00:05.862-04:00","eventName":"n8n.node.started","message":"n8n.node.started","payload":{"workflowId":"fC5E99z5uUn0fKjT","workflowName":"Accisense alert","executionId":"79","nodeType":"n8n-nodes-base.code","nodeName":"Normalize AI Code","nodeId":"d61afa8b-db4d-44e0-bedd-5359b32ee7bd"}}
{"__type":"$$EventMessageConfirm","confirm":"7e66125b-0469-4122-b903-e7056cbe9349","ts":"2026-09-09T11:00:05.862-04:00","source":{"id":"0","name":"eventBus"}}
{"__type":"$$EventMessageRunner","id":"7e0093e4-93de-42e6-9c1e-c85fb62fec5f","ts":"2026-09-09T11:00:05.871-04:00","eventName":"n8n.runner.task.requested","message":"n8n.runner.task.requested","payload":{"taskId":"efGDBNRf","nodeId":"d61afa8b-db4d-44e0-bedd-5359b32ee7bd","workflowId":"fC5E99z5uUn0fKjT","executionId":"79"}}
{"__type":"$$EventMessageConfirm","confirm":"7e0093e4-93de-42e6-9c1e-c85fb62fec5f","ts":"2026-09-09T11:00:05.871-04:00","source":{"id":"0","name":"eventBus"}}
{"__type":"$$EventMessageRunner","id":"f3357039-796a-4c86-b47c-371a36f9d795","ts":"2026-09-09T11:00:05.935-04:00","eventName":"n8n.runner.response.received","message":"n8n.runner.response.received","payload":{"taskId":"efGDBNRf","nodeId":"d61afa8b-db4d-44e0-bedd-5359b32ee7bd","workflowId":"fC5E99z5uUn0fKjT","executionId":"79"}}
{"__type":"$$EventMessageConfirm","confirm":"f3357039-796a-4c86-b47c-371a36f9d795","ts":"2026-09-09T11:00:05.935-04:00","source":{"id":"0","name":"eventBus"}}
{"__type":"$$EventMessageNode","id":"d9e80fa3-37f8-43b2-bfc8-bfe000f3e94c","ts":"2026-09-09T11:00:05.936-04:00","eventName":"n8n.node.finished","message":"n8n.node.finished","payload":{"workflowId":"fC5E99z5uUn0fKjT","workflowName":"Accisense alert","executionId":"79","nodeType":"n8n-nodes-base.code","nodeName":"Normalize AI Code","nodeId":"d61afa8b-db4d-44e0-bedd-5359b32ee7bd"}}
{"__type":"$$EventMessageConfirm","confirm":"d9e80fa3-37f8-43b2-bfc8-bfe000f3e94c","ts":"2026-09-09T11:00:05.936-04:00","source":{"id":"0","name":"eventBus"}}
{"__type":"$$EventMessageWorkflow","id":"0b4045df-30b4-4741-89e9-ee9142bbcb89","ts":"2026-09-09T11:00:05.939-04:00","eventName":"n8n.workflow.success","message":"n8n.workflow.success","payload":{"userId":"c17e4e51-fb03-4a49-8690-2eb153d72420","executionId":"79","success":true,"isManual":true,"mode":"manual","workflowId":"fC5E99z5uUn0fKjT","workflowName":"Accisense alert","projectId":"VPeJW2ayhoZgotkV","projectName":"ANURAG SHARMA <anurag.25scse1180671@galgotiasuniversity.ac.in>"}}
{"__type":"$$EventMessageConfirm","confirm":"0b4045df-30b4-4741-89e9-ee9142bbcb89","ts":"2026-09-09T11:00:05.939-04:00","source":{"id":"0","name":"eventBus"}}
{"__type":"$$EventMessageAudit","id":"d104b14d-fa6e-491c-8d3e-f3a26b67b899","ts":"2026-09-09T11:01:20.318-04:00","eventName":"n8n.audit.workflow.updated","message":"n8n.audit.workflow.updated","payload":{"userId":"c17e4e51-fb03-4a49-8690-2eb153d72420","_email":"anurag.25scse1180671@galgotiasuniversity.ac.in","_firstName":"ANURAG","_lastName":"SHARMA","globalRole":"global:owner","workflowId":"fC5E99z5uUn0fKjT","workflowName":"Accisense alert"}}
{"__type":"$$EventMessageConfirm","confirm":"d104b14d-fa6e-491c-8d3e-f3a26b67b899","ts":"2026-09-09T11:01:20.318-04:00","source":{"id":"0","name":"eventBus"}}
{"__type":"$$EventMessageAudit","id":"a573c2ef-04ae-4fb4-ae3f-cbbc1ff77fd5","ts":"2026-09-09T11:01:31.537-04:00","eventName":"n8n.audit.workflow.updated","message":"n8n.audit.workflow.updated","payload":{"userId":"c17e4e51-fb03-4a49-8690-2eb153d72420","_email":"anurag.25scse1180671@galgotiasuniversity.ac.in","_firstName":"ANURAG","_lastName":"SHARMA","globalRole":"global:owner","workflowId":"fC5E99z5uUn0fKjT","workflowName":"Accisense alert"}}
{"__type":"$$EventMessageConfirm","confirm":"a573c2ef-04ae-4fb4-ae3f-cbbc1ff77fd5","ts":"2026-09-09T11:01:31.537-04:00","source":{"id":"0","name":"eventBus"}}
{"__type":"$$EventMessageAudit","id":"c1591272-7b1b-4dce-8b6f-70a563b98d76","ts":"2026-09-09T11:01:44.119-04:00","eventName":"n8n.audit.workflow.updated","message":"n8n.audit.workflow.updated","payload":{"userId":"c17e4e51-fb03-4a49-8690-2eb153d72420","_email":"anurag.25scse1180671@galgotiasuniversity.ac.in","_firstName":"ANURAG","_lastName":"SHARMA","globalRole":"global:owner","workflowId":"fC5E99z5uUn0fKjT","workflowName":"Accisense alert"}}
{"__type":"$$EventMessageConfirm","confirm":"c1591272-7b1b-4dce-8b6f-70a563b98d76","ts":"2026-09-09T11:01:44.119-04:00","source":{"id":"0","name":"eventBus"}}
{"__type":"$$EventMessageAudit","id":"9a8b36dd-d7fd-4649-bf58-adf2b8dbfdcb","ts":"2026-09-09T11:01:48.550-04:00","eventName":"n8n.audit.workflow.updated","message":"n8n.audit.workflow.updated","payload":{"userId":"c17e4e51-fb03-4a49-8690-2eb153d72420","_email":"anurag.25scse1180671@galgotiasuniversity.ac.in","_firstName":"ANURAG","_lastName":"SHARMA","globalRole":"global:owner","workflowId":"fC5E99z5uUn0fKjT","workflowName":"Accisense alert"}}
{"__type":"$$EventMessageConfirm","confirm":"9a8b36dd-d7fd-4649-bf58-adf2b8dbfdcb","ts":"2026-09-09T11:01:48.550-04:00","source":{"id":"0","name":"eventBus"}}
{"__type":"$$EventMessageAudit","id":"de466b43-3aa8-4c9f-b866-5d6e62f56b64","ts":"2026-09-09T11:01:50.210-04:00","eventName":"n8n.audit.workflow.updated","message":"n8n.audit.workflow.updated","payload":{"userId":"c17e4e51-fb03-4a49-8690-2eb153d72420","_email":"anurag.25scse1180671@galgotiasuniversity.ac.in","_firstName":"ANURAG","_lastName":"SHARMA","globalRole":"global:owner","workflowId":"fC5E99z5uUn0fKjT","workflowName":"Accisense alert"}}
{"__type":"$$EventMessageConfirm","confirm":"de466b43-3aa8-4c9f-b866-5d6e62f56b64","ts":"2026-09-09T11:01:50.211-04:00","source":{"id":"0","name":"eventBus"}}
{"__type":"$$EventMessageAudit","id":"c29019ed-4a92-427e-9671-b3dc2895f2e9","ts":"2026-09-09T11:01:55.025-04:00","eventName":"n8n.audit.workflow.updated","message":"n8n.audit.workflow.updated","payload":{"userId":"c17e4e51-fb03-4a49-8690-2eb153d72420","_email":"anurag.25scse1180671@galgotiasuniversity.ac.in","_firstName":"ANURAG","_lastName":"SHARMA","globalRole":"global:owner","workflowId":"fC5E99z5uUn0fKjT","workflowName":"Accisense alert"}}
{"__type":"$$EventMessageConfirm","confirm":"c29019ed-4a92-427e-9671-b3dc2895f2e9","ts":"2026-09-09T11:01:55.025-04:00","source":{"id":"0","name":"eventBus"}}
{"__type":"$$EventMessageAudit","id":"3430c71e-a51e-42fe-81a8-e3d9386897de","ts":"2026-09-09T11:01:58.419-04:00","eventName":"n8n.audit.workflow.updated","message":"n8n.audit.workflow.updated","payload":{"userId":"c17e4e51-fb03-4a49-8690-2eb153d72420","_email":"anurag.25scse1180671@galgotiasuniversity.ac.in","_firstName":"ANURAG","_lastName":"SHARMA","globalRole":"global:owner","workflowId":"fC5E99z5uUn0fKjT","workflowName":"Accisense alert"}}
{"__type":"$$EventMessageConfirm","confirm":"3430c71e-a51e-42fe-81a8-e3d9386897de","ts":"2026-09-09T11:01:58.419-04:00","source":{"id":"0","name":"eventBus"}}
{"__type":"$$EventMessageAudit","id":"809c7165-58ea-40c4-b4cb-bebb19ee1c01","ts":"2026-09-09T11:02:02.890-04:00","eventName":"n8n.audit.workflow.updated","message":"n8n.audit.workflow.updated","payload":{"userId":"c17e4e51-fb03-4a49-8690-2eb153d72420","_email":"anurag.25scse1180671@galgotiasuniversity.ac.in","_firstName":"ANURAG","_lastName":"SHARMA","globalRole":"global:owner","workflowId":"fC5E99z5uUn0fKjT","workflowName":"Accisense alert"}}
{"__type":"$$EventMessageConfirm","confirm":"809c7165-58ea-40c4-b4cb-bebb19ee1c01","ts":"2026-09-09T11:02:02.890-04:00","source":{"id":"0","name":"eventBus"}}
{"__type":"$$EventMessageAudit","id":"3b07e45f-4e9f-4c11-b4b3-f944c1c58ba6","ts":"2026-09-09T11:02:21.737-04:00","eventName":"n8n.audit.workflow.updated","message":"n8n.audit.workflow.updated","payload":{"userId":"c17e4e51-fb03-4a49-8690-2eb153d72420","_email":"anurag.25scse1180671@galgotiasuniversity.ac.in","_firstName":"ANURAG","_lastName":"SHARMA","globalRole":"global:owner","workflowId":"fC5E99z5uUn0fKjT","workflowName":"Accisense alert"}}
{"__type":"$$EventMessageConfirm","confirm":"3b07e45f-4e9f-4c11-b4b3-f944c1c58ba6","ts":"2026-09-09T11:02:21.737-04:00","source":{"id":"0","name":"eventBus"}}
{"__type":"$$EventMessageAudit","id":"250d7df4-7bfc-4af8-b67f-a18f682c2e3f","ts":"2026-09-09T11:02:40.776-04:00","eventName":"n8n.audit.workflow.updated","message":"n8n.audit.workflow.updated","payload":{"userId":"c17e4e51-fb03-4a49-8690-2eb153d72420","_email":"anurag.25scse1180671@galgotiasuniversity.ac.in","_firstName":"ANURAG","_lastName":"SHARMA","globalRole":"global:owner","workflowId":"fC5E99z5uUn0fKjT","workflowName":"Accisense alert"}}
{"__type":"$$EventMessageConfirm","confirm":"250d7df4-7bfc-4af8-b67f-a18f682c2e3f","ts":"2026-09-09T11:02:40.777-04:00","source":{"id":"0","name":"eventBus"}}
{"__type":"$$EventMessageAudit","id":"94cb7139-fadc-4958-a18f-0824350be595","ts":"2026-09-09T11:03:21.396-04:00","eventName":"n8n.audit.workflow.updated","message":"n8n.audit.workflow.updated","payload":{"userId":"c17e4e51-fb03-4a49-8690-2eb153d72420","_email":"anurag.25scse1180671@galgotiasuniversity.ac.in","_firstName":"ANURAG","_lastName":"SHARMA","globalRole":"global:owner","workflowId":"fC5E99z5uUn0fKjT","workflowName":"Accisense alert"}}
{"__type":"$$EventMessageConfirm","confirm":"94cb7139-fadc-4958-a18f-0824350be595","ts":"2026-09-09T11:03:21.396-04:00","source":{"id":"0","name":"eventBus"}}
{"__type":"$$EventMessageAudit","id":"97e86819-4ec0-4cad-a21a-1c53d42b9296","ts":"2026-09-09T11:03:39.039-04:00","eventName":"n8n.audit.workflow.updated","message":"n8n.audit.workflow.updated","payload":{"userId":"c17e4e51-fb03-4a49-8690-2eb153d72420","_email":"anurag.25scse1180671@galgotiasuniversity.ac.in","_firstName":"ANURAG","_lastName":"SHARMA","globalRole":"global:owner","workflowId":"fC5E99z5uUn0fKjT","workflowName":"Accisense alert"}}
{"__type":"$$EventMessageConfirm","confirm":"97e86819-4ec0-4cad-a21a-1c53d42b9296","ts":"2026-09-09T11:03:39.039-04:00","source":{"id":"0","name":"eventBus"}}
{"__type":"$$EventMessageAudit","id":"9a709c75-a62e-405f-a6ad-878f60f01f05","ts":"2026-09-09T11:03:47.126-04:00","eventName":"n8n.audit.workflow.updated","message":"n8n.audit.workflow.updated","payload":{"userId":"c17e4e51-fb03-4a49-8690-2eb153d72420","_email":"anurag.25scse1180671@galgotiasuniversity.ac.in","_firstName":"ANURAG","_lastName":"SHARMA","globalRole":"global:owner","workflowId":"fC5E99z5uUn0fKjT","workflowName":"Accisense alert"}}
{"__type":"$$EventMessageConfirm","confirm":"9a709c75-a62e-405f-a6ad-878f60f01f05","ts":"2026-09-09T11:03:47.126-04:00","source":{"id":"0","name":"eventBus"}}
{"__type":"$$EventMessageAudit","id":"9fc593ee-1ab0-4d45-b592-e3b6b883142f","ts":"2026-09-09T11:04:21.018-04:00","eventName":"n8n.audit.workflow.updated","message":"n8n.audit.workflow.updated","payload":{"userId":"c17e4e51-fb03-4a49-8690-2eb153d72420","_email":"anurag.25scse1180671@galgotiasuniversity.ac.in","_firstName":"ANURAG","_lastName":"SHARMA","globalRole":"global:owner","workflowId":"fC5E99z5uUn0fKjT","workflowName":"Accisense alert"}}
{"__type":"$$EventMessageConfirm","confirm":"9fc593ee-1ab0-4d45-b592-e3b6b883142f","ts":"2026-09-09T11:04:21.018-04:00","source":{"id":"0","name":"eventBus"}}
{"__type":"$$EventMessageAudit","id":"d7602b84-8dc8-4833-8439-fa9a0ddf16f4","ts":"2026-09-09T11:04:33.869-04:00","eventName":"n8n.audit.workflow.updated","message":"n8n.audit.workflow.updated","payload":{"userId":"c17e4e51-fb03-4a49-8690-2eb153d72420","_email":"anurag.25scse1180671@galgotiasuniversity.ac.in","_firstName":"ANURAG","_lastName":"SHARMA","globalRole":"global:owner","workflowId":"fC5E99z5uUn0fKjT","workflowName":"Accisense alert"}}
{"__type":"$$EventMessageConfirm","confirm":"d7602b84-8dc8-4833-8439-fa9a0ddf16f4","ts":"2026-09-09T11:04:33.869-04:00","source":{"id":"0","name":"eventBus"}}
{"__type":"$$EventMessageAudit","id":"cb69475d-4e09-4c58-a9ae-c9a939e2282c","ts":"2026-09-09T11:04:39.872-04:00","eventName":"n8n.audit.workflow.updated","message":"n8n.audit.workflow.updated","payload":{"userId":"c17e4e51-fb03-4a49-8690-2eb153d72420","_email":"anurag.25scse1180671@galgotiasuniversity.ac.in","_firstName":"ANURAG","_lastName":"SHARMA","globalRole":"global:owner","workflowId":"fC5E99z5uUn0fKjT","workflowName":"Accisense alert"}}
{"__type":"$$EventMessageConfirm","confirm":"cb69475d-4e09-4c58-a9ae-c9a939e2282c","ts":"2026-09-09T11:04:39.872-04:00","source":{"id":"0","name":"eventBus"}}
{"__type":"$$EventMessageAudit","id":"9eb47e92-34e3-4714-84e5-83328bbc5f16","ts":"2026-09-09T11:04:41.560-04:00","eventName":"n8n.audit.workflow.updated","message":"n8n.audit.workflow.updated","payload":{"userId":"c17e4e51-fb03-4a49-8690-2eb153d72420","_email":"anurag.25scse1180671@galgotiasuniversity.ac.in","_firstName":"ANURAG","_lastName":"SHARMA","globalRole":"global:owner","workflowId":"fC5E99z5uUn0fKjT","workflowName":"Accisense alert"}}
{"__type":"$$EventMessageConfirm","confirm":"9eb47e92-34e3-4714-84e5-83328bbc5f16","ts":"2026-09-09T11:04:41.560-04:00","source":{"id":"0","name":"eventBus"}}
{"__type":"$$EventMessageAudit","id":"2d0b208c-a346-4fe4-bde0-7a2f366ed9ec","ts":"2026-09-09T11:04:43.435-04:00","eventName":"n8n.audit.workflow.updated","message":"n8n.audit.workflow.updated","payload":{"userId":"c17e4e51-fb03-4a49-8690-2eb153d72420","_email":"anurag.25scse1180671@galgotiasuniversity.ac.in","_firstName":"ANURAG","_lastName":"SHARMA","globalRole":"global:owner","workflowId":"fC5E99z5uUn0fKjT","workflowName":"Accisense alert"}}
{"__type":"$$EventMessageConfirm","confirm":"2d0b208c-a346-4fe4-bde0-7a2f366ed9ec","ts":"2026-09-09T11:04:43.436-04:00","source":{"id":"0","name":"eventBus"}}
{"__type":"$$EventMessageAudit","id":"37d5c6af-9810-4bf5-aeb3-47ff8d90caa3","ts":"2026-09-09T11:04:46.822-04:00","eventName":"n8n.audit.workflow.updated","message":"n8n.audit.workflow.updated","payload":{"userId":"c17e4e51-fb03-4a49-8690-2eb153d72420","_email":"anurag.25scse1180671@galgotiasuniversity.ac.in","_firstName":"ANURAG","_lastName":"SHARMA","globalRole":"global:owner","workflowId":"fC5E99z5uUn0fKjT","workflowName":"Accisense alert"}}
{"__type":"$$EventMessageConfirm","confirm":"37d5c6af-9810-4bf5-aeb3-47ff8d90caa3","ts":"2026-09-09T11:04:46.822-04:00","source":{"id":"0","name":"eventBus"}}
{"__type":"$$EventMessageAudit","id":"025ba4fc-0af2-4a0d-ae73-43827230dc51","ts":"2026-09-09T11:04:48.955-04:00","eventName":"n8n.audit.workflow.updated","message":"n8n.audit.workflow.updated","payload":{"userId":"c17e4e51-fb03-4a49-8690-2eb153d72420","_email":"anurag.25scse1180671@galgotiasuniversity.ac.in","_firstName":"ANURAG","_lastName":"SHARMA","globalRole":"global:owner","workflowId":"fC5E99z5uUn0fKjT","workflowName":"Accisense alert"}}
{"__type":"$$EventMessageConfirm","confirm":"025ba4fc-0af2-4a0d-ae73-43827230dc51","ts":"2026-09-09T11:04:48.955-04:00","source":{"id":"0","name":"eventBus"}}
{"__type":"$$EventMessageAudit","id":"e06f8892-ab69-4738-a8eb-fc0773a560d8","ts":"2026-09-09T11:05:12.663-04:00","eventName":"n8n.audit.workflow.updated","message":"n8n.audit.workflow.updated","payload":{"userId":"c17e4e51-fb03-4a49-8690-2eb153d72420","_email":"anurag.25scse1180671@galgotiasuniversity.ac.in","_firstName":"ANURAG","_lastName":"SHARMA","globalRole":"global:owner","workflowId":"fC5E99z5uUn0fKjT","workflowName":"Accisense alert"}}
{"__type":"$$EventMessageConfirm","confirm":"e06f8892-ab69-4738-a8eb-fc0773a560d8","ts":"2026-09-09T11:05:12.663-04:00","source":{"id":"0","name":"eventBus"}}
{"__type":"$$EventMessageAudit","id":"5134847e-99b3-4287-ae00-f3f686d842c2","ts":"2026-09-09T11:05:15.321-04:00","eventName":"n8n.audit.workflow.updated","message":"n8n.audit.workflow.updated","payload":{"userId":"c17e4e51-fb03-4a49-8690-2eb153d72420","_email":"anurag.25scse1180671@galgotiasuniversity.ac.in","_firstName":"ANURAG","_lastName":"SHARMA","globalRole":"global:owner","workflowId":"fC5E99z5uUn0fKjT","workflowName":"Accisense alert"}}
{"__type":"$$EventMessageConfirm","confirm":"5134847e-99b3-4287-ae00-f3f686d842c2","ts":"2026-09-09T11:05:15.321-04:00","source":{"id":"0","name":"eventBus"}}
{"__type":"$$EventMessageAudit","id":"92a96407-43ee-4de4-8c26-808c73052bd9","ts":"2026-09-09T11:05:17.929-04:00","eventName":"n8n.audit.workflow.updated","message":"n8n.audit.workflow.updated","payload":{"userId":"c17e4e51-fb03-4a49-8690-2eb153d72420","_email":"anurag.25scse1180671@galgotiasuniversity.ac.in","_firstName":"ANURAG","_lastName":"SHARMA","globalRole":"global:owner","workflowId":"fC5E99z5uUn0fKjT","workflowName":"Accisense alert"}}
{"__type":"$$EventMessageConfirm","confirm":"92a96407-43ee-4de4-8c26-808c73052bd9","ts":"2026-09-09T11:05:17.929-04:00","source":{"id":"0","name":"eventBus"}}
{"__type":"$$EventMessageAudit","id":"379a23c1-0ad9-4a01-ad51-6d8b2ba31503","ts":"2026-09-09T11:05:37.106-04:00","eventName":"n8n.audit.workflow.updated","message":"n8n.audit.workflow.updated","payload":{"userId":"c17e4e51-fb03-4a49-8690-2eb153d72420","_email":"anurag.25scse1180671@galgotiasuniversity.ac.in","_firstName":"ANURAG","_lastName":"SHARMA","globalRole":"global:owner","workflowId":"fC5E99z5uUn0fKjT","workflowName":"Accisense alert"}}
{"__type":"$$EventMessageConfirm","confirm":"379a23c1-0ad9-4a01-ad51-6d8b2ba31503","ts":"2026-09-09T11:05:37.107-04:00","source":{"id":"0","name":"eventBus"}}
{"__type":"$$EventMessageAudit","id":"7564cfce-6bdb-43b6-838f-b982fd0445a0","ts":"2026-09-09T11:05:39.164-04:00","eventName":"n8n.audit.workflow.updated","message":"n8n.audit.workflow.updated","payload":{"userId":"c17e4e51-fb03-4a49-8690-2eb153d72420","_email":"anurag.25scse1180671@galgotiasuniversity.ac.in","_firstName":"ANURAG","_lastName":"SHARMA","globalRole":"global:owner","workflowId":"fC5E99z5uUn0fKjT","workflowName":"Accisense alert"}}
{"__type":"$$EventMessageConfirm","confirm":"7564cfce-6bdb-43b6-838f-b982fd0445a0","ts":"2026-09-09T11:05:39.164-04:00","source":{"id":"0","name":"eventBus"}}
{"__type":"$$EventMessageAudit","id":"9ae19d17-730d-4853-979c-8e84029c42b2","ts":"2026-09-09T11:05:48.064-04:00","eventName":"n8n.audit.workflow.updated","message":"n8n.audit.workflow.updated","payload":{"userId":"c17e4e51-fb03-4a49-8690-2eb153d72420","_email":"anurag.25scse1180671@galgotiasuniversity.ac.in","_firstName":"ANURAG","_lastName":"SHARMA","globalRole":"global:owner","workflowId":"fC5E99z5uUn0fKjT","workflowName":"Accisense alert"}}
{"__type":"$$EventMessageConfirm","confirm":"9ae19d17-730d-4853-979c-8e84029c42b2","ts":"2026-09-09T11:05:48.064-04:00","source":{"id":"0","name":"eventBus"}}
{"__type":"$$EventMessageAudit","id":"fe423ff2-5d20-4ac5-a252-d74d914b8c7d","ts":"2026-09-09T11:06:05.129-04:00","eventName":"n8n.audit.workflow.executed","message":"n8n.audit.workflow.executed","payload":{"userId":"c17e4e51-fb03-4a49-8690-2eb153d72420","_email":"anurag.25scse1180671@galgotiasuniversity.ac.in","_firstName":"ANURAG","_lastName":"SHARMA","globalRole":"global:owner","workflowId":"fC5E99z5uUn0fKjT","workflowName":"Accisense alert","executionId":"80","projectId":"VPeJW2ayhoZgotkV","projectName":"ANURAG SHARMA <anurag.25scse1180671@galgotiasuniversity.ac.in>","source":"user-manual"}}
{"__type":"$$EventMessageConfirm","confirm":"fe423ff2-5d20-4ac5-a252-d74d914b8c7d","ts":"2026-09-09T11:06:05.129-04:00","source":{"id":"0","name":"eventBus"}}
{"__type":"$$EventMessageWorkflow","id":"fea3f229-a08c-48dd-b9e0-ef11cef3e374","ts":"2026-09-09T11:06:05.130-04:00","eventName":"n8n.workflow.started","message":"n8n.workflow.started","payload":{"executionId":"80","workflowId":"fC5E99z5uUn0fKjT","isManual":false,"mode":"manual","workflowName":"Accisense alert","projectId":"VPeJW2ayhoZgotkV","projectName":"ANURAG SHARMA <anurag.25scse1180671@galgotiasuniversity.ac.in>"}}
{"__type":"$$EventMessageConfirm","confirm":"fea3f229-a08c-48dd-b9e0-ef11cef3e374","ts":"2026-09-09T11:06:05.130-04:00","source":{"id":"0","name":"eventBus"}}
{"__type":"$$EventMessageNode","id":"04ba928b-14b5-41b1-a411-f5a457afc0e6","ts":"2026-09-09T11:06:05.149-04:00","eventName":"n8n.node.started","message":"n8n.node.started","payload":{"workflowId":"fC5E99z5uUn0fKjT","workflowName":"Accisense alert","executionId":"80","nodeType":"n8n-nodes-base.httpRequest","nodeName":"Create Incident","nodeId":"a8982d80-dd7c-4b50-bcc1-9774d5030e50"}}
{"__type":"$$EventMessageConfirm","confirm":"04ba928b-14b5-41b1-a411-f5a457afc0e6","ts":"2026-09-09T11:06:05.149-04:00","source":{"id":"0","name":"eventBus"}}
{"__type":"$$EventMessageNode","id":"f2f814d5-3e92-4f02-94f4-73e30913deb6","ts":"2026-09-09T11:06:06.995-04:00","eventName":"n8n.node.finished","message":"n8n.node.finished","payload":{"workflowId":"fC5E99z5uUn0fKjT","workflowName":"Accisense alert","executionId":"80","nodeType":"n8n-nodes-base.httpRequest","nodeName":"Create Incident","nodeId":"a8982d80-dd7c-4b50-bcc1-9774d5030e50"}}
{"__type":"$$EventMessageConfirm","confirm":"f2f814d5-3e92-4f02-94f4-73e30913deb6","ts":"2026-09-09T11:06:06.995-04:00","source":{"id":"0","name":"eventBus"}}
{"__type":"$$EventMessageWorkflow","id":"5ab015f1-af7e-408a-b2b5-db9ada1af403","ts":"2026-09-09T11:06:06.998-04:00","eventName":"n8n.workflow.success","message":"n8n.workflow.success","payload":{"userId":"c17e4e51-fb03-4a49-8690-2eb153d72420","executionId":"80","success":true,"isManual":true,"mode":"manual","workflowId":"fC5E99z5uUn0fKjT","workflowName":"Accisense alert","projectId":"VPeJW2ayhoZgotkV","projectName":"ANURAG SHARMA <anurag.25scse1180671@galgotiasuniversity.ac.in>"}}
{"__type":"$$EventMessageConfirm","confirm":"5ab015f1-af7e-408a-b2b5-db9ada1af403","ts":"2026-09-09T11:06:06.998-04:00","source":{"id":"0","name":"eventBus"}}
{"__type":"$$EventMessageAudit","id":"57b83f40-8ab1-4b8d-941a-7a569fc1f14b","ts":"2026-09-09T11:06:31.973-04:00","eventName":"n8n.audit.workflow.updated","message":"n8n.audit.workflow.updated","payload":{"userId":"c17e4e51-fb03-4a49-8690-2eb153d72420","_email":"anurag.25scse1180671@galgotiasuniversity.ac.in","_firstName":"ANURAG","_lastName":"SHARMA","globalRole":"global:owner","workflowId":"fC5E99z5uUn0fKjT","workflowName":"Accisense alert"}}
{"__type":"$$EventMessageConfirm","confirm":"57b83f40-8ab1-4b8d-941a-7a569fc1f14b","ts":"2026-09-09T11:06:31.974-04:00","source":{"id":"0","name":"eventBus"}}
{"__type":"$$EventMessageAudit","id":"d764fb3c-86d6-4d75-93a1-e864770412cc","ts":"2026-09-09T11:07:06.915-04:00","eventName":"n8n.audit.workflow.updated","message":"n8n.audit.workflow.updated","payload":{"userId":"c17e4e51-fb03-4a49-8690-2eb153d72420","_email":"anurag.25scse1180671@galgotiasuniversity.ac.in","_firstName":"ANURAG","_lastName":"SHARMA","globalRole":"global:owner","workflowId":"fC5E99z5uUn0fKjT","workflowName":"Accisense alert"}}
{"__type":"$$EventMessageConfirm","confirm":"d764fb3c-86d6-4d75-93a1-e864770412cc","ts":"2026-09-09T11:07:06.915-04:00","source":{"id":"0","name":"eventBus"}}
{"__type":"$$EventMessageAudit","id":"153f5f35-faf2-4e2d-8966-a5b3c8d05c35","ts":"2026-09-09T11:07:15.817-04:00","eventName":"n8n.audit.workflow.updated","message":"n8n.audit.workflow.updated","payload":{"userId":"c17e4e51-fb03-4a49-8690-2eb153d72420","_email":"anurag.25scse1180671@galgotiasuniversity.ac.in","_firstName":"ANURAG","_lastName":"SHARMA","globalRole":"global:owner","workflowId":"fC5E99z5uUn0fKjT","workflowName":"Accisense alert"}}
{"__type":"$$EventMessageConfirm","confirm":"153f5f35-faf2-4e2d-8966-a5b3c8d05c35","ts":"2026-09-09T11:07:15.817-04:00","source":{"id":"0","name":"eventBus"}}
{"__type":"$$EventMessageAudit","id":"011cc24f-8a94-40da-9c8f-fd89f8520b53","ts":"2026-09-09T11:07:33.599-04:00","eventName":"n8n.audit.workflow.updated","message":"n8n.audit.workflow.updated","payload":{"userId":"c17e4e51-fb03-4a49-8690-2eb153d72420","_email":"anurag.25scse1180671@galgotiasuniversity.ac.in","_firstName":"ANURAG","_lastName":"SHARMA","globalRole":"global:owner","workflowId":"fC5E99z5uUn0fKjT","workflowName":"Accisense alert"}}
{"__type":"$$EventMessageConfirm","confirm":"011cc24f-8a94-40da-9c8f-fd89f8520b53","ts":"2026-09-09T11:07:33.599-04:00","source":{"id":"0","name":"eventBus"}}
{"__type":"$$EventMessageAudit","id":"3d2cc51f-a9c1-4e09-b357-56f816005018","ts":"2026-09-09T11:07:37.620-04:00","eventName":"n8n.audit.workflow.updated","message":"n8n.audit.workflow.updated","payload":{"userId":"c17e4e51-fb03-4a49-8690-2eb153d72420","_email":"anurag.25scse1180671@galgotiasuniversity.ac.in","_firstName":"ANURAG","_lastName":"SHARMA","globalRole":"global:owner","workflowId":"fC5E99z5uUn0fKjT","workflowName":"Accisense alert"}}
{"__type":"$$EventMessageConfirm","confirm":"3d2cc51f-a9c1-4e09-b357-56f816005018","ts":"2026-09-09T11:07:37.620-04:00","source":{"id":"0","name":"eventBus"}}
{"__type":"$$EventMessageAudit","id":"55636121-56ff-43ce-9fb6-ee8c3dbfab0d","ts":"2026-09-09T11:07:46.831-04:00","eventName":"n8n.audit.workflow.updated","message":"n8n.audit.workflow.updated","payload":{"userId":"c17e4e51-fb03-4a49-8690-2eb153d72420","_email":"anurag.25scse1180671@galgotiasuniversity.ac.in","_firstName":"ANURAG","_lastName":"SHARMA","globalRole":"global:owner","workflowId":"fC5E99z5uUn0fKjT","workflowName":"Accisense alert"}}
{"__type":"$$EventMessageConfirm","confirm":"55636121-56ff-43ce-9fb6-ee8c3dbfab0d","ts":"2026-09-09T11:07:46.831-04:00","source":{"id":"0","name":"eventBus"}}
{"__type":"$$EventMessageAudit","id":"d3303c17-d918-4b05-b5d8-22a51ebd3e48","ts":"2026-09-09T11:07:48.739-04:00","eventName":"n8n.audit.workflow.updated","message":"n8n.audit.workflow.updated","payload":{"userId":"c17e4e51-fb03-4a49-8690-2eb153d72420","_email":"anurag.25scse1180671@galgotiasuniversity.ac.in","_firstName":"ANURAG","_lastName":"SHARMA","globalRole":"global:owner","workflowId":"fC5E99z5uUn0fKjT","workflowName":"Accisense alert"}}
{"__type":"$$EventMessageConfirm","confirm":"d3303c17-d918-4b05-b5d8-22a51ebd3e48","ts":"2026-09-09T11:07:48.739-04:00","source":{"id":"0","name":"eventBus"}}
{"__type":"$$EventMessageAudit","id":"0e2ad156-117e-41f3-98c7-567f88ac5da9","ts":"2026-09-09T11:07:51.566-04:00","eventName":"n8n.audit.workflow.updated","message":"n8n.audit.workflow.updated","payload":{"userId":"c17e4e51-fb03-4a49-8690-2eb153d72420","_email":"anurag.25scse1180671@galgotiasuniversity.ac.in","_firstName":"ANURAG","_lastName":"SHARMA","globalRole":"global:owner","workflowId":"fC5E99z5uUn0fKjT","workflowName":"Accisense alert"}}
{"__type":"$$EventMessageConfirm","confirm":"0e2ad156-117e-41f3-98c7-567f88ac5da9","ts":"2026-09-09T11:07:51.566-04:00","source":{"id":"0","name":"eventBus"}}
{"__type":"$$EventMessageAudit","id":"ca8badb8-9e9d-4c70-9a08-fb0b533fc392","ts":"2026-09-09T11:07:53.320-04:00","eventName":"n8n.audit.workflow.updated","message":"n8n.audit.workflow.updated","payload":{"userId":"c17e4e51-fb03-4a49-8690-2eb153d72420","_email":"anurag.25scse1180671@galgotiasuniversity.ac.in","_firstName":"ANURAG","_lastName":"SHARMA","globalRole":"global:owner","workflowId":"fC5E99z5uUn0fKjT","workflowName":"Accisense alert"}}
{"__type":"$$EventMessageConfirm","confirm":"ca8badb8-9e9d-4c70-9a08-fb0b533fc392","ts":"2026-09-09T11:07:53.320-04:00","source":{"id":"0","name":"eventBus"}}
{"__type":"$$EventMessageAudit","id":"eba636cf-354f-4ddd-97d3-f10ddd2aa06b","ts":"2026-09-09T11:08:09.374-04:00","eventName":"n8n.audit.workflow.updated","message":"n8n.audit.workflow.updated","payload":{"userId":"c17e4e51-fb03-4a49-8690-2eb153d72420","_email":"anurag.25scse1180671@galgotiasuniversity.ac.in","_firstName":"ANURAG","_lastName":"SHARMA","globalRole":"global:owner","workflowId":"fC5E99z5uUn0fKjT","workflowName":"Accisense alert"}}
{"__type":"$$EventMessageConfirm","confirm":"eba636cf-354f-4ddd-97d3-f10ddd2aa06b","ts":"2026-09-09T11:08:09.374-04:00","source":{"id":"0","name":"eventBus"}}
{"__type":"$$EventMessageAudit","id":"39020a24-fbff-4835-8687-2978cb3987a8","ts":"2026-09-09T11:08:11.700-04:00","eventName":"n8n.audit.workflow.updated","message":"n8n.audit.workflow.updated","payload":{"userId":"c17e4e51-fb03-4a49-8690-2eb153d72420","_email":"anurag.25scse1180671@galgotiasuniversity.ac.in","_firstName":"ANURAG","_lastName":"SHARMA","globalRole":"global:owner","workflowId":"fC5E99z5uUn0fKjT","workflowName":"Accisense alert"}}
{"__type":"$$EventMessageConfirm","confirm":"39020a24-fbff-4835-8687-2978cb3987a8","ts":"2026-09-09T11:08:11.700-04:00","source":{"id":"0","name":"eventBus"}}
{"__type":"$$EventMessageAudit","id":"1c7f5750-c569-4168-83d9-a40ef2229feb","ts":"2026-09-09T11:08:13.769-04:00","eventName":"n8n.audit.workflow.updated","message":"n8n.audit.workflow.updated","payload":{"userId":"c17e4e51-fb03-4a49-8690-2eb153d72420","_email":"anurag.25scse1180671@galgotiasuniversity.ac.in","_firstName":"ANURAG","_lastName":"SHARMA","globalRole":"global:owner","workflowId":"fC5E99z5uUn0fKjT","workflowName":"Accisense alert"}}
{"__type":"$$EventMessageConfirm","confirm":"1c7f5750-c569-4168-83d9-a40ef2229feb","ts":"2026-09-09T11:08:13.769-04:00","source":{"id":"0","name":"eventBus"}}
{"__type":"$$EventMessageAudit","id":"e0190db0-62b4-4468-a4e5-227c63d22398","ts":"2026-09-09T11:08:15.432-04:00","eventName":"n8n.audit.workflow.updated","message":"n8n.audit.workflow.updated","payload":{"userId":"c17e4e51-fb03-4a49-8690-2eb153d72420","_email":"anurag.25scse1180671@galgotiasuniversity.ac.in","_firstName":"ANURAG","_lastName":"SHARMA","globalRole":"global:owner","workflowId":"fC5E99z5uUn0fKjT","workflowName":"Accisense alert"}}
{"__type":"$$EventMessageConfirm","confirm":"e0190db0-62b4-4468-a4e5-227c63d22398","ts":"2026-09-09T11:08:15.432-04:00","source":{"id":"0","name":"eventBus"}}
{"__type":"$$EventMessageAudit","id":"c693708a-cb72-4195-81b7-b9b984807a2b","ts":"2026-09-09T11:08:40.777-04:00","eventName":"n8n.audit.workflow.updated","message":"n8n.audit.workflow.updated","payload":{"userId":"c17e4e51-fb03-4a49-8690-2eb153d72420","_email":"anurag.25scse1180671@galgotiasuniversity.ac.in","_firstName":"ANURAG","_lastName":"SHARMA","globalRole":"global:owner","workflowId":"fC5E99z5uUn0fKjT","workflowName":"Accisense alert"}}
{"__type":"$$EventMessageConfirm","confirm":"c693708a-cb72-4195-81b7-b9b984807a2b","ts":"2026-09-09T11:08:40.777-04:00","source":{"id":"0","name":"eventBus"}}
{"__type":"$$EventMessageAudit","id":"fcdc4e85-6d69-408d-be2c-1e5a76ebfed0","ts":"2026-09-09T11:08:43.631-04:00","eventName":"n8n.audit.workflow.updated","message":"n8n.audit.workflow.updated","payload":{"userId":"c17e4e51-fb03-4a49-8690-2eb153d72420","_email":"anurag.25scse1180671@galgotiasuniversity.ac.in","_firstName":"ANURAG","_lastName":"SHARMA","globalRole":"global:owner","workflowId":"fC5E99z5uUn0fKjT","workflowName":"Accisense alert"}}
{"__type":"$$EventMessageConfirm","confirm":"fcdc4e85-6d69-408d-be2c-1e5a76ebfed0","ts":"2026-09-09T11:08:43.631-04:00","source":{"id":"0","name":"eventBus"}}
{"__type":"$$EventMessageAudit","id":"1109070f-ae7c-4051-af7f-8d4d82f92d88","ts":"2026-09-09T11:08:45.520-04:00","eventName":"n8n.audit.workflow.updated","message":"n8n.audit.workflow.updated","payload":{"userId":"c17e4e51-fb03-4a49-8690-2eb153d72420","_email":"anurag.25scse1180671@galgotiasuniversity.ac.in","_firstName":"ANURAG","_lastName":"SHARMA","globalRole":"global:owner","workflowId":"fC5E99z5uUn0fKjT","workflowName":"Accisense alert"}}
{"__type":"$$EventMessageConfirm","confirm":"1109070f-ae7c-4051-af7f-8d4d82f92d88","ts":"2026-09-09T11:08:45.520-04:00","source":{"id":"0","name":"eventBus"}}
{"__type":"$$EventMessageAudit","id":"91a325cb-671b-4a9c-b263-ff741916d5f6","ts":"2026-09-09T11:08:56.195-04:00","eventName":"n8n.audit.workflow.updated","message":"n8n.audit.workflow.updated","payload":{"userId":"c17e4e51-fb03-4a49-8690-2eb153d72420","_email":"anurag.25scse1180671@galgotiasuniversity.ac.in","_firstName":"ANURAG","_lastName":"SHARMA","globalRole":"global:owner","workflowId":"fC5E99z5uUn0fKjT","workflowName":"Accisense alert"}}
{"__type":"$$EventMessageConfirm","confirm":"91a325cb-671b-4a9c-b263-ff741916d5f6","ts":"2026-09-09T11:08:56.196-04:00","source":{"id":"0","name":"eventBus"}}
{"__type":"$$EventMessageAudit","id":"9608870b-0647-446b-95eb-3b7ba9482927","ts":"2026-09-09T11:08:58.096-04:00","eventName":"n8n.audit.workflow.updated","message":"n8n.audit.workflow.updated","payload":{"userId":"c17e4e51-fb03-4a49-8690-2eb153d72420","_email":"anurag.25scse1180671@galgotiasuniversity.ac.in","_firstName":"ANURAG","_lastName":"SHARMA","globalRole":"global:owner","workflowId":"fC5E99z5uUn0fKjT","workflowName":"Accisense alert"}}
{"__type":"$$EventMessageConfirm","confirm":"9608870b-0647-446b-95eb-3b7ba9482927","ts":"2026-09-09T11:08:58.096-04:00","source":{"id":"0","name":"eventBus"}}
{"__type":"$$EventMessageAudit","id":"c18a5e39-9c12-4fa9-a74c-2fc74089fb5f","ts":"2026-09-09T11:09:00.646-04:00","eventName":"n8n.audit.workflow.updated","message":"n8n.audit.workflow.updated","payload":{"userId":"c17e4e51-fb03-4a49-8690-2eb153d72420","_email":"anurag.25scse1180671@galgotiasuniversity.ac.in","_firstName":"ANURAG","_lastName":"SHARMA","globalRole":"global:owner","workflowId":"fC5E99z5uUn0fKjT","workflowName":"Accisense alert"}}
{"__type":"$$EventMessageConfirm","confirm":"c18a5e39-9c12-4fa9-a74c-2fc74089fb5f","ts":"2026-09-09T11:09:00.646-04:00","source":{"id":"0","name":"eventBus"}}
{"__type":"$$EventMessageAudit","id":"e6bf5a40-6c9b-4439-aad1-40f8f153a232","ts":"2026-09-09T11:09:03.435-04:00","eventName":"n8n.audit.workflow.updated","message":"n8n.audit.workflow.updated","payload":{"userId":"c17e4e51-fb03-4a49-8690-2eb153d72420","_email":"anurag.25scse1180671@galgotiasuniversity.ac.in","_firstName":"ANURAG","_lastName":"SHARMA","globalRole":"global:owner","workflowId":"fC5E99z5uUn0fKjT","workflowName":"Accisense alert"}}
{"__type":"$$EventMessageConfirm","confirm":"e6bf5a40-6c9b-4439-aad1-40f8f153a232","ts":"2026-09-09T11:09:03.435-04:00","source":{"id":"0","name":"eventBus"}}
{"__type":"$$EventMessageAudit","id":"2a757d5a-7f13-4e98-b8e6-ba7f594d3056","ts":"2026-09-09T11:09:05.691-04:00","eventName":"n8n.audit.workflow.updated","message":"n8n.audit.workflow.updated","payload":{"userId":"c17e4e51-fb03-4a49-8690-2eb153d72420","_email":"anurag.25scse1180671@galgotiasuniversity.ac.in","_firstName":"ANURAG","_lastName":"SHARMA","globalRole":"global:owner","workflowId":"fC5E99z5uUn0fKjT","workflowName":"Accisense alert"}}
{"__type":"$$EventMessageConfirm","confirm":"2a757d5a-7f13-4e98-b8e6-ba7f594d3056","ts":"2026-09-09T11:09:05.691-04:00","source":{"id":"0","name":"eventBus"}}
{"__type":"$$EventMessageAudit","id":"0ea0c7b9-76ce-4e42-ac93-f18df3c96e1a","ts":"2026-09-09T11:09:14.053-04:00","eventName":"n8n.audit.workflow.updated","message":"n8n.audit.workflow.updated","payload":{"userId":"c17e4e51-fb03-4a49-8690-2eb153d72420","_email":"anurag.25scse1180671@galgotiasuniversity.ac.in","_firstName":"ANURAG","_lastName":"SHARMA","globalRole":"global:owner","workflowId":"fC5E99z5uUn0fKjT","workflowName":"Accisense alert"}}
{"__type":"$$EventMessageConfirm","confirm":"0ea0c7b9-76ce-4e42-ac93-f18df3c96e1a","ts":"2026-09-09T11:09:14.053-04:00","source":{"id":"0","name":"eventBus"}}
{"__type":"$$EventMessageAudit","id":"4b75c5c0-5bd9-4cb4-970a-78a5a851fdda","ts":"2026-09-09T11:09:15.685-04:00","eventName":"n8n.audit.workflow.updated","message":"n8n.audit.workflow.updated","payload":{"userId":"c17e4e51-fb03-4a49-8690-2eb153d72420","_email":"anurag.25scse1180671@galgotiasuniversity.ac.in","_firstName":"ANURAG","_lastName":"SHARMA","globalRole":"global:owner","workflowId":"fC5E99z5uUn0fKjT","workflowName":"Accisense alert"}}
{"__type":"$$EventMessageConfirm","confirm":"4b75c5c0-5bd9-4cb4-970a-78a5a851fdda","ts":"2026-09-09T11:09:15.685-04:00","source":{"id":"0","name":"eventBus"}}
{"__type":"$$EventMessageAudit","id":"00cab8c4-6ddd-4b1e-b601-1833f2eeda4b","ts":"2026-09-09T11:09:17.675-04:00","eventName":"n8n.audit.workflow.updated","message":"n8n.audit.workflow.updated","payload":{"userId":"c17e4e51-fb03-4a49-8690-2eb153d72420","_email":"anurag.25scse1180671@galgotiasuniversity.ac.in","_firstName":"ANURAG","_lastName":"SHARMA","globalRole":"global:owner","workflowId":"fC5E99z5uUn0fKjT","workflowName":"Accisense alert"}}
{"__type":"$$EventMessageConfirm","confirm":"00cab8c4-6ddd-4b1e-b601-1833f2eeda4b","ts":"2026-09-09T11:09:17.675-04:00","source":{"id":"0","name":"eventBus"}}
{"__type":"$$EventMessageAudit","id":"a1a3404a-1fd8-4ea3-92bc-e9189fc3d9b0","ts":"2026-09-09T11:09:42.586-04:00","eventName":"n8n.audit.workflow.updated","message":"n8n.audit.workflow.updated","payload":{"userId":"c17e4e51-fb03-4a49-8690-2eb153d72420","_email":"anurag.25scse1180671@galgotiasuniversity.ac.in","_firstName":"ANURAG","_lastName":"SHARMA","globalRole":"global:owner","workflowId":"fC5E99z5uUn0fKjT","workflowName":"Accisense alert"}}
{"__type":"$$EventMessageConfirm","confirm":"a1a3404a-1fd8-4ea3-92bc-e9189fc3d9b0","ts":"2026-09-09T11:09:42.586-04:00","source":{"id":"0","name":"eventBus"}}
{"__type":"$$EventMessageAudit","id":"7b05e06d-5ecc-4c9f-9c56-fbd5b352a387","ts":"2026-09-09T11:09:49.514-04:00","eventName":"n8n.audit.workflow.updated","message":"n8n.audit.workflow.updated","payload":{"userId":"c17e4e51-fb03-4a49-8690-2eb153d72420","_email":"anurag.25scse1180671@galgotiasuniversity.ac.in","_firstName":"ANURAG","_lastName":"SHARMA","globalRole":"global:owner","workflowId":"fC5E99z5uUn0fKjT","workflowName":"Accisense alert"}}
{"__type":"$$EventMessageConfirm","confirm":"7b05e06d-5ecc-4c9f-9c56-fbd5b352a387","ts":"2026-09-09T11:09:49.514-04:00","source":{"id":"0","name":"eventBus"}}
{"__type":"$$EventMessageAudit","id":"6e55fef5-f59a-45fb-8ae5-bc982420190d","ts":"2026-09-09T11:09:52.918-04:00","eventName":"n8n.audit.workflow.updated","message":"n8n.audit.workflow.updated","payload":{"userId":"c17e4e51-fb03-4a49-8690-2eb153d72420","_email":"anurag.25scse1180671@galgotiasuniversity.ac.in","_firstName":"ANURAG","_lastName":"SHARMA","globalRole":"global:owner","workflowId":"fC5E99z5uUn0fKjT","workflowName":"Accisense alert"}}
{"__type":"$$EventMessageConfirm","confirm":"6e55fef5-f59a-45fb-8ae5-bc982420190d","ts":"2026-09-09T11:09:52.918-04:00","source":{"id":"0","name":"eventBus"}}
{"__type":"$$EventMessageAudit","id":"3a181b96-0899-451d-8121-e6a675e7eba5","ts":"2026-09-09T11:09:55.365-04:00","eventName":"n8n.audit.workflow.updated","message":"n8n.audit.workflow.updated","payload":{"userId":"c17e4e51-fb03-4a49-8690-2eb153d72420","_email":"anurag.25scse1180671@galgotiasuniversity.ac.in","_firstName":"ANURAG","_lastName":"SHARMA","globalRole":"global:owner","workflowId":"fC5E99z5uUn0fKjT","workflowName":"Accisense alert"}}
{"__type":"$$EventMessageConfirm","confirm":"3a181b96-0899-451d-8121-e6a675e7eba5","ts":"2026-09-09T11:09:55.365-04:00","source":{"id":"0","name":"eventBus"}}
{"__type":"$$EventMessageAudit","id":"1711ac3b-c819-451f-b255-f3bd146fcd8e","ts":"2026-09-09T11:10:07.170-04:00","eventName":"n8n.audit.workflow.updated","message":"n8n.audit.workflow.updated","payload":{"userId":"c17e4e51-fb03-4a49-8690-2eb153d72420","_email":"anurag.25scse1180671@galgotiasuniversity.ac.in","_firstName":"ANURAG","_lastName":"SHARMA","globalRole":"global:owner","workflowId":"fC5E99z5uUn0fKjT","workflowName":"Accisense alert"}}
{"__type":"$$EventMessageConfirm","confirm":"1711ac3b-c819-451f-b255-f3bd146fcd8e","ts":"2026-09-09T11:10:07.170-04:00","source":{"id":"0","name":"eventBus"}}
{"__type":"$$EventMessageAudit","id":"fba72b08-1cfb-447f-b8c8-9bc325d74801","ts":"2026-09-09T11:10:18.939-04:00","eventName":"n8n.audit.workflow.updated","message":"n8n.audit.workflow.updated","payload":{"userId":"c17e4e51-fb03-4a49-8690-2eb153d72420","_email":"anurag.25scse1180671@galgotiasuniversity.ac.in","_firstName":"ANURAG","_lastName":"SHARMA","globalRole":"global:owner","workflowId":"fC5E99z5uUn0fKjT","workflowName":"Accisense alert"}}
{"__type":"$$EventMessageConfirm","confirm":"fba72b08-1cfb-447f-b8c8-9bc325d74801","ts":"2026-09-09T11:10:18.939-04:00","source":{"id":"0","name":"eventBus"}}
{"__type":"$$EventMessageAudit","id":"b2a0e46e-611d-4e48-8935-6f33f6330f2d","ts":"2026-09-09T11:10:20.955-04:00","eventName":"n8n.audit.workflow.updated","message":"n8n.audit.workflow.updated","payload":{"userId":"c17e4e51-fb03-4a49-8690-2eb153d72420","_email":"anurag.25scse1180671@galgotiasuniversity.ac.in","_firstName":"ANURAG","_lastName":"SHARMA","globalRole":"global:owner","workflowId":"fC5E99z5uUn0fKjT","workflowName":"Accisense alert"}}
{"__type":"$$EventMessageConfirm","confirm":"b2a0e46e-611d-4e48-8935-6f33f6330f2d","ts":"2026-09-09T11:10:20.955-04:00","source":{"id":"0","name":"eventBus"}}
{"__type":"$$EventMessageAudit","id":"98211042-5d53-4f95-8d9a-0f1889b66a28","ts":"2026-09-09T11:11:52.757-04:00","eventName":"n8n.audit.workflow.updated","message":"n8n.audit.workflow.updated","payload":{"userId":"c17e4e51-fb03-4a49-8690-2eb153d72420","_email":"anurag.25scse1180671@galgotiasuniversity.ac.in","_firstName":"ANURAG","_lastName":"SHARMA","globalRole":"global:owner","workflowId":"fC5E99z5uUn0fKjT","workflowName":"Accisense alert"}}
{"__type":"$$EventMessageConfirm","confirm":"98211042-5d53-4f95-8d9a-0f1889b66a28","ts":"2026-09-09T11:11:52.757-04:00","source":{"id":"0","name":"eventBus"}}
{"__type":"$$EventMessageAudit","id":"e841bc79-f58f-44ee-b533-b1615bc9863b","ts":"2026-09-09T11:12:35.200-04:00","eventName":"n8n.audit.workflow.updated","message":"n8n.audit.workflow.updated","payload":{"userId":"c17e4e51-fb03-4a49-8690-2eb153d72420","_email":"anurag.25scse1180671@galgotiasuniversity.ac.in","_firstName":"ANURAG","_lastName":"SHARMA","globalRole":"global:owner","workflowId":"fC5E99z5uUn0fKjT","workflowName":"Accisense alert"}}
{"__type":"$$EventMessageConfirm","confirm":"e841bc79-f58f-44ee-b533-b1615bc9863b","ts":"2026-09-09T11:12:35.200-04:00","source":{"id":"0","name":"eventBus"}}
{"__type":"$$EventMessageAudit","id":"05037d24-3d9f-4388-ba04-a2d26ae01405","ts":"2026-09-09T11:12:47.765-04:00","eventName":"n8n.audit.workflow.executed","message":"n8n.audit.workflow.executed","payload":{"userId":"c17e4e51-fb03-4a49-8690-2eb153d72420","_email":"anurag.25scse1180671@galgotiasuniversity.ac.in","_firstName":"ANURAG","_lastName":"SHARMA","globalRole":"global:owner","workflowId":"fC5E99z5uUn0fKjT","workflowName":"Accisense alert","executionId":"81","projectId":"VPeJW2ayhoZgotkV","projectName":"ANURAG SHARMA <anurag.25scse1180671@galgotiasuniversity.ac.in>","source":"user-manual"}}
{"__type":"$$EventMessageConfirm","confirm":"05037d24-3d9f-4388-ba04-a2d26ae01405","ts":"2026-09-09T11:12:47.765-04:00","source":{"id":"0","name":"eventBus"}}
{"__type":"$$EventMessageWorkflow","id":"27d6668a-801a-492f-a9a6-65c227590d17","ts":"2026-09-09T11:12:47.767-04:00","eventName":"n8n.workflow.started","message":"n8n.workflow.started","payload":{"executionId":"81","workflowId":"fC5E99z5uUn0fKjT","isManual":false,"mode":"manual","workflowName":"Accisense alert","projectId":"VPeJW2ayhoZgotkV","projectName":"ANURAG SHARMA <anurag.25scse1180671@galgotiasuniversity.ac.in>"}}
{"__type":"$$EventMessageConfirm","confirm":"27d6668a-801a-492f-a9a6-65c227590d17","ts":"2026-09-09T11:12:47.767-04:00","source":{"id":"0","name":"eventBus"}}
{"__type":"$$EventMessageNode","id":"8fca104b-3a1f-4519-8e61-e1b40982b8e2","ts":"2026-09-09T11:12:47.788-04:00","eventName":"n8n.node.started","message":"n8n.node.started","payload":{"workflowId":"fC5E99z5uUn0fKjT","workflowName":"Accisense alert","executionId":"81","nodeType":"n8n-nodes-base.code","nodeName":"Normalize AI Triage Code","nodeId":"d61afa8b-db4d-44e0-bedd-5359b32ee7bd"}}
{"__type":"$$EventMessageConfirm","confirm":"8fca104b-3a1f-4519-8e61-e1b40982b8e2","ts":"2026-09-09T11:12:47.788-04:00","source":{"id":"0","name":"eventBus"}}
{"__type":"$$EventMessageRunner","id":"f34e8a38-029f-43e8-94a6-4dd82ee670bb","ts":"2026-09-09T11:12:47.794-04:00","eventName":"n8n.runner.task.requested","message":"n8n.runner.task.requested","payload":{"taskId":"xvwUzEME","nodeId":"d61afa8b-db4d-44e0-bedd-5359b32ee7bd","workflowId":"fC5E99z5uUn0fKjT","executionId":"81"}}
{"__type":"$$EventMessageConfirm","confirm":"f34e8a38-029f-43e8-94a6-4dd82ee670bb","ts":"2026-09-09T11:12:47.794-04:00","source":{"id":"0","name":"eventBus"}}
{"__type":"$$EventMessageRunner","id":"b39edb77-dfa8-4c57-a42b-38212c50a14a","ts":"2026-09-09T11:12:47.832-04:00","eventName":"n8n.runner.response.received","message":"n8n.runner.response.received","payload":{"taskId":"xvwUzEME","nodeId":"d61afa8b-db4d-44e0-bedd-5359b32ee7bd","workflowId":"fC5E99z5uUn0fKjT","executionId":"81"}}
{"__type":"$$EventMessageConfirm","confirm":"b39edb77-dfa8-4c57-a42b-38212c50a14a","ts":"2026-09-09T11:12:47.833-04:00","source":{"id":"0","name":"eventBus"}}
{"__type":"$$EventMessageNode","id":"53d30248-bc34-4f4a-8324-180caffe77a6","ts":"2026-09-09T11:12:47.834-04:00","eventName":"n8n.node.finished","message":"n8n.node.finished","payload":{"workflowId":"fC5E99z5uUn0fKjT","workflowName":"Accisense alert","executionId":"81","nodeType":"n8n-nodes-base.code","nodeName":"Normalize AI Triage Code","nodeId":"d61afa8b-db4d-44e0-bedd-5359b32ee7bd"}}
{"__type":"$$EventMessageConfirm","confirm":"53d30248-bc34-4f4a-8324-180caffe77a6","ts":"2026-09-09T11:12:47.834-04:00","source":{"id":"0","name":"eventBus"}}
{"__type":"$$EventMessageWorkflow","id":"07df053f-ee30-4bb7-8408-68fa39f14633","ts":"2026-09-09T11:12:47.839-04:00","eventName":"n8n.workflow.success","message":"n8n.workflow.success","payload":{"userId":"c17e4e51-fb03-4a49-8690-2eb153d72420","executionId":"81","success":true,"isManual":true,"mode":"manual","workflowId":"fC5E99z5uUn0fKjT","workflowName":"Accisense alert","projectId":"VPeJW2ayhoZgotkV","projectName":"ANURAG SHARMA <anurag.25scse1180671@galgotiasuniversity.ac.in>"}}
{"__type":"$$EventMessageConfirm","confirm":"07df053f-ee30-4bb7-8408-68fa39f14633","ts":"2026-09-09T11:12:47.839-04:00","source":{"id":"0","name":"eventBus"}}
{"__type":"$$EventMessageAudit","id":"ec5f0f54-af08-408a-a7b1-e150ea0592ff","ts":"2026-09-09T11:15:26.990-04:00","eventName":"n8n.audit.workflow.executed","message":"n8n.audit.workflow.executed","payload":{"userId":"c17e4e51-fb03-4a49-8690-2eb153d72420","_email":"anurag.25scse1180671@galgotiasuniversity.ac.in","_firstName":"ANURAG","_lastName":"SHARMA","globalRole":"global:owner","workflowId":"fC5E99z5uUn0fKjT","workflowName":"Accisense alert","executionId":"82","projectId":"VPeJW2ayhoZgotkV","projectName":"ANURAG SHARMA <anurag.25scse1180671@galgotiasuniversity.ac.in>","source":"user-manual"}}
{"__type":"$$EventMessageConfirm","confirm":"ec5f0f54-af08-408a-a7b1-e150ea0592ff","ts":"2026-09-09T11:15:26.990-04:00","source":{"id":"0","name":"eventBus"}}
{"__type":"$$EventMessageWorkflow","id":"6037b587-1bcc-4e02-bd9d-d2eacaf700f5","ts":"2026-09-09T11:15:26.990-04:00","eventName":"n8n.workflow.started","message":"n8n.workflow.started","payload":{"executionId":"82","workflowId":"fC5E99z5uUn0fKjT","isManual":false,"mode":"manual","workflowName":"Accisense alert","projectId":"VPeJW2ayhoZgotkV","projectName":"ANURAG SHARMA <anurag.25scse1180671@galgotiasuniversity.ac.in>"}}
{"__type":"$$EventMessageConfirm","confirm":"6037b587-1bcc-4e02-bd9d-d2eacaf700f5","ts":"2026-09-09T11:15:26.990-04:00","source":{"id":"0","name":"eventBus"}}
{"__type":"$$EventMessageNode","id":"938f0ec3-418b-4210-b5e4-ed80458a8256","ts":"2026-09-09T11:15:27.009-04:00","eventName":"n8n.node.started","message":"n8n.node.started","payload":{"workflowId":"fC5E99z5uUn0fKjT","workflowName":"Accisense alert","executionId":"82","nodeType":"n8n-nodes-base.httpRequest","nodeName":"Create Incident","nodeId":"a8982d80-dd7c-4b50-bcc1-9774d5030e50"}}
{"__type":"$$EventMessageConfirm","confirm":"938f0ec3-418b-4210-b5e4-ed80458a8256","ts":"2026-09-09T11:15:27.010-04:00","source":{"id":"0","name":"eventBus"}}
{"__type":"$$EventMessageNode","id":"1582e738-e9b6-4eb9-9a61-f39bd8b23a6f","ts":"2026-09-09T11:15:30.535-04:00","eventName":"n8n.node.finished","message":"n8n.node.finished","payload":{"workflowId":"fC5E99z5uUn0fKjT","workflowName":"Accisense alert","executionId":"82","nodeType":"n8n-nodes-base.httpRequest","nodeName":"Create Incident","nodeId":"a8982d80-dd7c-4b50-bcc1-9774d5030e50"}}
{"__type":"$$EventMessageConfirm","confirm":"1582e738-e9b6-4eb9-9a61-f39bd8b23a6f","ts":"2026-09-09T11:15:30.535-04:00","source":{"id":"0","name":"eventBus"}}
{"__type":"$$EventMessageWorkflow","id":"2e783e09-10a7-4055-855e-d9ab264a6c8d","ts":"2026-09-09T11:15:30.540-04:00","eventName":"n8n.workflow.success","message":"n8n.workflow.success","payload":{"userId":"c17e4e51-fb03-4a49-8690-2eb153d72420","executionId":"82","success":true,"isManual":true,"mode":"manual","workflowId":"fC5E99z5uUn0fKjT","workflowName":"Accisense alert","projectId":"VPeJW2ayhoZgotkV","projectName":"ANURAG SHARMA <anurag.25scse1180671@galgotiasuniversity.ac.in>"}}
{"__type":"$$EventMessageConfirm","confirm":"2e783e09-10a7-4055-855e-d9ab264a6c8d","ts":"2026-09-09T11:15:30.540-04:00","source":{"id":"0","name":"eventBus"}}
{"__type":"$$EventMessageAudit","id":"e5362d91-2bfe-40fb-b9bf-5e31f041084d","ts":"2026-09-09T11:17:47.779-04:00","eventName":"n8n.audit.workflow.executed","message":"n8n.audit.workflow.executed","payload":{"userId":"c17e4e51-fb03-4a49-8690-2eb153d72420","_email":"anurag.25scse1180671@galgotiasuniversity.ac.in","_firstName":"ANURAG","_lastName":"SHARMA","globalRole":"global:owner","workflowId":"fC5E99z5uUn0fKjT","workflowName":"Accisense alert","executionId":"83","projectId":"VPeJW2ayhoZgotkV","projectName":"ANURAG SHARMA <anurag.25scse1180671@galgotiasuniversity.ac.in>","source":"user-manual"}}
{"__type":"$$EventMessageConfirm","confirm":"e5362d91-2bfe-40fb-b9bf-5e31f041084d","ts":"2026-09-09T11:17:47.779-04:00","source":{"id":"0","name":"eventBus"}}
{"__type":"$$EventMessageWorkflow","id":"ad1c18f1-2f31-47b5-866b-ee52c45e0860","ts":"2026-09-09T11:17:47.780-04:00","eventName":"n8n.workflow.started","message":"n8n.workflow.started","payload":{"executionId":"83","workflowId":"fC5E99z5uUn0fKjT","isManual":false,"mode":"manual","workflowName":"Accisense alert","projectId":"VPeJW2ayhoZgotkV","projectName":"ANURAG SHARMA <anurag.25scse1180671@galgotiasuniversity.ac.in>"}}
{"__type":"$$EventMessageConfirm","confirm":"ad1c18f1-2f31-47b5-866b-ee52c45e0860","ts":"2026-09-09T11:17:47.780-04:00","source":{"id":"0","name":"eventBus"}}
{"__type":"$$EventMessageNode","id":"c2916627-d090-440c-8f4b-08529b7c0ae3","ts":"2026-09-09T11:17:47.796-04:00","eventName":"n8n.node.started","message":"n8n.node.started","payload":{"workflowId":"fC5E99z5uUn0fKjT","workflowName":"Accisense alert","executionId":"83","nodeType":"n8n-nodes-base.switch","nodeName":"Severity Router","nodeId":"b8f8fd53-3dc7-4f85-bc31-0aeaecf6f663"}}
{"__type":"$$EventMessageConfirm","confirm":"c2916627-d090-440c-8f4b-08529b7c0ae3","ts":"2026-09-09T11:17:47.796-04:00","source":{"id":"0","name":"eventBus"}}
{"__type":"$$EventMessageNode","id":"ff71cf46-323d-4f7f-ae5e-b5856c1c3c0d","ts":"2026-09-09T11:17:47.862-04:00","eventName":"n8n.node.finished","message":"n8n.node.finished","payload":{"workflowId":"fC5E99z5uUn0fKjT","workflowName":"Accisense alert","executionId":"83","nodeType":"n8n-nodes-base.switch","nodeName":"Severity Router","nodeId":"b8f8fd53-3dc7-4f85-bc31-0aeaecf6f663"}}
{"__type":"$$EventMessageConfirm","confirm":"ff71cf46-323d-4f7f-ae5e-b5856c1c3c0d","ts":"2026-09-09T11:17:47.862-04:00","source":{"id":"0","name":"eventBus"}}
{"__type":"$$EventMessageWorkflow","id":"6a6f66c8-dd0f-4c53-9498-bc4436c1babb","ts":"2026-09-09T11:17:47.865-04:00","eventName":"n8n.workflow.success","message":"n8n.workflow.success","payload":{"userId":"c17e4e51-fb03-4a49-8690-2eb153d72420","executionId":"83","success":true,"isManual":true,"mode":"manual","workflowId":"fC5E99z5uUn0fKjT","workflowName":"Accisense alert","projectId":"VPeJW2ayhoZgotkV","projectName":"ANURAG SHARMA <anurag.25scse1180671@galgotiasuniversity.ac.in>"}}
{"__type":"$$EventMessageConfirm","confirm":"6a6f66c8-dd0f-4c53-9498-bc4436c1babb","ts":"2026-09-09T11:17:47.865-04:00","source":{"id":"0","name":"eventBus"}}
{"__type":"$$EventMessageAudit","id":"17686c68-03ac-4c35-8780-3b60f8829bbc","ts":"2026-09-09T11:19:07.040-04:00","eventName":"n8n.audit.workflow.updated","message":"n8n.audit.workflow.updated","payload":{"userId":"c17e4e51-fb03-4a49-8690-2eb153d72420","_email":"anurag.25scse1180671@galgotiasuniversity.ac.in","_firstName":"ANURAG","_lastName":"SHARMA","globalRole":"global:owner","workflowId":"fC5E99z5uUn0fKjT","workflowName":"Accisense alert"}}
{"__type":"$$EventMessageConfirm","confirm":"17686c68-03ac-4c35-8780-3b60f8829bbc","ts":"2026-09-09T11:19:07.041-04:00","source":{"id":"0","name":"eventBus"}}
{"__type":"$$EventMessageAudit","id":"16f642d6-0c69-477c-a8bd-1c5cb385608f","ts":"2026-09-09T11:19:21.233-04:00","eventName":"n8n.audit.workflow.updated","message":"n8n.audit.workflow.updated","payload":{"userId":"c17e4e51-fb03-4a49-8690-2eb153d72420","_email":"anurag.25scse1180671@galgotiasuniversity.ac.in","_firstName":"ANURAG","_lastName":"SHARMA","globalRole":"global:owner","workflowId":"fC5E99z5uUn0fKjT","workflowName":"Accisense alert"}}
{"__type":"$$EventMessageConfirm","confirm":"16f642d6-0c69-477c-a8bd-1c5cb385608f","ts":"2026-09-09T11:19:21.233-04:00","source":{"id":"0","name":"eventBus"}}
{"__type":"$$EventMessageAudit","id":"1ff3f244-e91e-4afd-baef-7121e37bc34d","ts":"2026-09-09T11:19:27.024-04:00","eventName":"n8n.audit.workflow.updated","message":"n8n.audit.workflow.updated","payload":{"userId":"c17e4e51-fb03-4a49-8690-2eb153d72420","_email":"anurag.25scse1180671@galgotiasuniversity.ac.in","_firstName":"ANURAG","_lastName":"SHARMA","globalRole":"global:owner","workflowId":"fC5E99z5uUn0fKjT","workflowName":"Accisense alert"}}
{"__type":"$$EventMessageConfirm","confirm":"1ff3f244-e91e-4afd-baef-7121e37bc34d","ts":"2026-09-09T11:19:27.024-04:00","source":{"id":"0","name":"eventBus"}}
{"__type":"$$EventMessageAudit","id":"35e38d4c-ee53-4337-a4ff-65f952204891","ts":"2026-09-09T11:19:44.209-04:00","eventName":"n8n.audit.workflow.updated","message":"n8n.audit.workflow.updated","payload":{"userId":"c17e4e51-fb03-4a49-8690-2eb153d72420","_email":"anurag.25scse1180671@galgotiasuniversity.ac.in","_firstName":"ANURAG","_lastName":"SHARMA","globalRole":"global:owner","workflowId":"fC5E99z5uUn0fKjT","workflowName":"Accisense alert"}}
{"__type":"$$EventMessageConfirm","confirm":"35e38d4c-ee53-4337-a4ff-65f952204891","ts":"2026-09-09T11:19:44.209-04:00","source":{"id":"0","name":"eventBus"}}
{"__type":"$$EventMessageAudit","id":"48e74a9a-550e-4ef0-8ad1-e4785a13d2ef","ts":"2026-09-09T11:19:50.036-04:00","eventName":"n8n.audit.workflow.updated","message":"n8n.audit.workflow.updated","payload":{"userId":"c17e4e51-fb03-4a49-8690-2eb153d72420","_email":"anurag.25scse1180671@galgotiasuniversity.ac.in","_firstName":"ANURAG","_lastName":"SHARMA","globalRole":"global:owner","workflowId":"fC5E99z5uUn0fKjT","workflowName":"Accisense alert"}}
{"__type":"$$EventMessageConfirm","confirm":"48e74a9a-550e-4ef0-8ad1-e4785a13d2ef","ts":"2026-09-09T11:19:50.036-04:00","source":{"id":"0","name":"eventBus"}}
{"__type":"$$EventMessageAudit","id":"c6dd251b-fa91-48d3-879e-00d804b7b72b","ts":"2026-09-09T11:19:57.553-04:00","eventName":"n8n.audit.workflow.updated","message":"n8n.audit.workflow.updated","payload":{"userId":"c17e4e51-fb03-4a49-8690-2eb153d72420","_email":"anurag.25scse1180671@galgotiasuniversity.ac.in","_firstName":"ANURAG","_lastName":"SHARMA","globalRole":"global:owner","workflowId":"fC5E99z5uUn0fKjT","workflowName":"Accisense alert"}}
{"__type":"$$EventMessageConfirm","confirm":"c6dd251b-fa91-48d3-879e-00d804b7b72b","ts":"2026-09-09T11:19:57.553-04:00","source":{"id":"0","name":"eventBus"}}
{"__type":"$$EventMessageAudit","id":"c9692f9a-a87d-448a-9aee-804375a0fe44","ts":"2026-09-09T11:20:01.888-04:00","eventName":"n8n.audit.workflow.updated","message":"n8n.audit.workflow.updated","payload":{"userId":"c17e4e51-fb03-4a49-8690-2eb153d72420","_email":"anurag.25scse1180671@galgotiasuniversity.ac.in","_firstName":"ANURAG","_lastName":"SHARMA","globalRole":"global:owner","workflowId":"fC5E99z5uUn0fKjT","workflowName":"Accisense alert"}}
{"__type":"$$EventMessageConfirm","confirm":"c9692f9a-a87d-448a-9aee-804375a0fe44","ts":"2026-09-09T11:20:01.888-04:00","source":{"id":"0","name":"eventBus"}}
{"__type":"$$EventMessageAudit","id":"1f233c49-870e-4578-b47c-2b96d11c65a6","ts":"2026-09-09T11:20:04.275-04:00","eventName":"n8n.audit.workflow.updated","message":"n8n.audit.workflow.updated","payload":{"userId":"c17e4e51-fb03-4a49-8690-2eb153d72420","_email":"anurag.25scse1180671@galgotiasuniversity.ac.in","_firstName":"ANURAG","_lastName":"SHARMA","globalRole":"global:owner","workflowId":"fC5E99z5uUn0fKjT","workflowName":"Accisense alert"}}
{"__type":"$$EventMessageConfirm","confirm":"1f233c49-870e-4578-b47c-2b96d11c65a6","ts":"2026-09-09T11:20:04.275-04:00","source":{"id":"0","name":"eventBus"}}
{"__type":"$$EventMessageAudit","id":"94effb32-cb41-468d-b579-45b0f64a122d","ts":"2026-09-09T11:20:08.197-04:00","eventName":"n8n.audit.workflow.updated","message":"n8n.audit.workflow.updated","payload":{"userId":"c17e4e51-fb03-4a49-8690-2eb153d72420","_email":"anurag.25scse1180671@galgotiasuniversity.ac.in","_firstName":"ANURAG","_lastName":"SHARMA","globalRole":"global:owner","workflowId":"fC5E99z5uUn0fKjT","workflowName":"Accisense alert"}}
{"__type":"$$EventMessageConfirm","confirm":"94effb32-cb41-468d-b579-45b0f64a122d","ts":"2026-09-09T11:20:08.197-04:00","source":{"id":"0","name":"eventBus"}}
{"__type":"$$EventMessageAudit","id":"51b070f9-1ad7-41a4-a851-048c29c9bb29","ts":"2026-09-09T11:20:15.302-04:00","eventName":"n8n.audit.workflow.updated","message":"n8n.audit.workflow.updated","payload":{"userId":"c17e4e51-fb03-4a49-8690-2eb153d72420","_email":"anurag.25scse1180671@galgotiasuniversity.ac.in","_firstName":"ANURAG","_lastName":"SHARMA","globalRole":"global:owner","workflowId":"fC5E99z5uUn0fKjT","workflowName":"Accisense alert"}}
{"__type":"$$EventMessageConfirm","confirm":"51b070f9-1ad7-41a4-a851-048c29c9bb29","ts":"2026-09-09T11:20:15.302-04:00","source":{"id":"0","name":"eventBus"}}
{"__type":"$$EventMessageAudit","id":"d0c9b63d-7369-4487-82d7-8ea1e20f94f1","ts":"2026-09-09T11:20:17.925-04:00","eventName":"n8n.audit.workflow.updated","message":"n8n.audit.workflow.updated","payload":{"userId":"c17e4e51-fb03-4a49-8690-2eb153d72420","_email":"anurag.25scse1180671@galgotiasuniversity.ac.in","_firstName":"ANURAG","_lastName":"SHARMA","globalRole":"global:owner","workflowId":"fC5E99z5uUn0fKjT","workflowName":"Accisense alert"}}
{"__type":"$$EventMessageConfirm","confirm":"d0c9b63d-7369-4487-82d7-8ea1e20f94f1","ts":"2026-09-09T11:20:17.925-04:00","source":{"id":"0","name":"eventBus"}}
{"__type":"$$EventMessageAudit","id":"a45412a1-f6c8-4d83-a131-b72809d8d047","ts":"2026-09-09T11:20:32.513-04:00","eventName":"n8n.audit.workflow.updated","message":"n8n.audit.workflow.updated","payload":{"userId":"c17e4e51-fb03-4a49-8690-2eb153d72420","_email":"anurag.25scse1180671@galgotiasuniversity.ac.in","_firstName":"ANURAG","_lastName":"SHARMA","globalRole":"global:owner","workflowId":"fC5E99z5uUn0fKjT","workflowName":"Accisense alert"}}
{"__type":"$$EventMessageConfirm","confirm":"a45412a1-f6c8-4d83-a131-b72809d8d047","ts":"2026-09-09T11:20:32.513-04:00","source":{"id":"0","name":"eventBus"}}
{"__type":"$$EventMessageAudit","id":"c230ea6f-df08-4cbe-b9af-6bc1b4ec3a43","ts":"2026-09-09T11:20:35.082-04:00","eventName":"n8n.audit.workflow.updated","message":"n8n.audit.workflow.updated","payload":{"userId":"c17e4e51-fb03-4a49-8690-2eb153d72420","_email":"anurag.25scse1180671@galgotiasuniversity.ac.in","_firstName":"ANURAG","_lastName":"SHARMA","globalRole":"global:owner","workflowId":"fC5E99z5uUn0fKjT","workflowName":"Accisense alert"}}
{"__type":"$$EventMessageConfirm","confirm":"c230ea6f-df08-4cbe-b9af-6bc1b4ec3a43","ts":"2026-09-09T11:20:35.082-04:00","source":{"id":"0","name":"eventBus"}}
{"__type":"$$EventMessageAudit","id":"80bdf6bf-8b1a-4690-b593-53fdee75e9fa","ts":"2026-09-09T11:20:47.618-04:00","eventName":"n8n.audit.workflow.updated","message":"n8n.audit.workflow.updated","payload":{"userId":"c17e4e51-fb03-4a49-8690-2eb153d72420","_email":"anurag.25scse1180671@galgotiasuniversity.ac.in","_firstName":"ANURAG","_lastName":"SHARMA","globalRole":"global:owner","workflowId":"fC5E99z5uUn0fKjT","workflowName":"Accisense alert"}}
{"__type":"$$EventMessageConfirm","confirm":"80bdf6bf-8b1a-4690-b593-53fdee75e9fa","ts":"2026-09-09T11:20:47.618-04:00","source":{"id":"0","name":"eventBus"}}
{"__type":"$$EventMessageAudit","id":"7b280bc1-53b0-4d76-97d4-e386b932ea32","ts":"2026-09-09T11:20:50.447-04:00","eventName":"n8n.audit.workflow.updated","message":"n8n.audit.workflow.updated","payload":{"userId":"c17e4e51-fb03-4a49-8690-2eb153d72420","_email":"anurag.25scse1180671@galgotiasuniversity.ac.in","_firstName":"ANURAG","_lastName":"SHARMA","globalRole":"global:owner","workflowId":"fC5E99z5uUn0fKjT","workflowName":"Accisense alert"}}
{"__type":"$$EventMessageConfirm","confirm":"7b280bc1-53b0-4d76-97d4-e386b932ea32","ts":"2026-09-09T11:20:50.447-04:00","source":{"id":"0","name":"eventBus"}}
{"__type":"$$EventMessageAudit","id":"125e09e3-8230-4cc9-b705-8f7a6e89b5f7","ts":"2026-09-09T11:20:53.690-04:00","eventName":"n8n.audit.workflow.updated","message":"n8n.audit.workflow.updated","payload":{"userId":"c17e4e51-fb03-4a49-8690-2eb153d72420","_email":"anurag.25scse1180671@galgotiasuniversity.ac.in","_firstName":"ANURAG","_lastName":"SHARMA","globalRole":"global:owner","workflowId":"fC5E99z5uUn0fKjT","workflowName":"Accisense alert"}}
{"__type":"$$EventMessageConfirm","confirm":"125e09e3-8230-4cc9-b705-8f7a6e89b5f7","ts":"2026-09-09T11:20:53.690-04:00","source":{"id":"0","name":"eventBus"}}
{"__type":"$$EventMessageAudit","id":"08198d8e-5646-46cb-972e-f08fffff77aa","ts":"2026-09-09T11:20:57.323-04:00","eventName":"n8n.audit.workflow.updated","message":"n8n.audit.workflow.updated","payload":{"userId":"c17e4e51-fb03-4a49-8690-2eb153d72420","_email":"anurag.25scse1180671@galgotiasuniversity.ac.in","_firstName":"ANURAG","_lastName":"SHARMA","globalRole":"global:owner","workflowId":"fC5E99z5uUn0fKjT","workflowName":"Accisense alert"}}
{"__type":"$$EventMessageConfirm","confirm":"08198d8e-5646-46cb-972e-f08fffff77aa","ts":"2026-09-09T11:20:57.323-04:00","source":{"id":"0","name":"eventBus"}}
{"__type":"$$EventMessageAudit","id":"5d683d3f-092e-44e6-b3b4-a326fa264d9c","ts":"2026-09-09T11:21:02.096-04:00","eventName":"n8n.audit.workflow.updated","message":"n8n.audit.workflow.updated","payload":{"userId":"c17e4e51-fb03-4a49-8690-2eb153d72420","_email":"anurag.25scse1180671@galgotiasuniversity.ac.in","_firstName":"ANURAG","_lastName":"SHARMA","globalRole":"global:owner","workflowId":"fC5E99z5uUn0fKjT","workflowName":"Accisense alert"}}
{"__type":"$$EventMessageConfirm","confirm":"5d683d3f-092e-44e6-b3b4-a326fa264d9c","ts":"2026-09-09T11:21:02.096-04:00","source":{"id":"0","name":"eventBus"}}
{"__type":"$$EventMessageAudit","id":"fddd2730-bf01-4e36-8e51-c88ccaf872a5","ts":"2026-09-09T11:21:14.603-04:00","eventName":"n8n.audit.workflow.updated","message":"n8n.audit.workflow.updated","payload":{"userId":"c17e4e51-fb03-4a49-8690-2eb153d72420","_email":"anurag.25scse1180671@galgotiasuniversity.ac.in","_firstName":"ANURAG","_lastName":"SHARMA","globalRole":"global:owner","workflowId":"fC5E99z5uUn0fKjT","workflowName":"Accisense alert"}}
{"__type":"$$EventMessageConfirm","confirm":"fddd2730-bf01-4e36-8e51-c88ccaf872a5","ts":"2026-09-09T11:21:14.603-04:00","source":{"id":"0","name":"eventBus"}}
{"__type":"$$EventMessageAudit","id":"30dcf88b-5552-43a5-ab65-9b2ca755cb2f","ts":"2026-09-09T11:21:17.555-04:00","eventName":"n8n.audit.workflow.updated","message":"n8n.audit.workflow.updated","payload":{"userId":"c17e4e51-fb03-4a49-8690-2eb153d72420","_email":"anurag.25scse1180671@galgotiasuniversity.ac.in","_firstName":"ANURAG","_lastName":"SHARMA","globalRole":"global:owner","workflowId":"fC5E99z5uUn0fKjT","workflowName":"Accisense alert"}}
{"__type":"$$EventMessageConfirm","confirm":"30dcf88b-5552-43a5-ab65-9b2ca755cb2f","ts":"2026-09-09T11:21:17.555-04:00","source":{"id":"0","name":"eventBus"}}
{"__type":"$$EventMessageAudit","id":"17916c5b-b857-4f09-8018-fefc03e3c323","ts":"2026-09-09T11:21:22.100-04:00","eventName":"n8n.audit.workflow.updated","message":"n8n.audit.workflow.updated","payload":{"userId":"c17e4e51-fb03-4a49-8690-2eb153d72420","_email":"anurag.25scse1180671@galgotiasuniversity.ac.in","_firstName":"ANURAG","_lastName":"SHARMA","globalRole":"global:owner","workflowId":"fC5E99z5uUn0fKjT","workflowName":"Accisense alert"}}
{"__type":"$$EventMessageConfirm","confirm":"17916c5b-b857-4f09-8018-fefc03e3c323","ts":"2026-09-09T11:21:22.100-04:00","source":{"id":"0","name":"eventBus"}}
{"__type":"$$EventMessageAudit","id":"a2e4710b-5daa-43eb-a480-58c92f8dc041","ts":"2026-09-09T11:21:24.344-04:00","eventName":"n8n.audit.workflow.updated","message":"n8n.audit.workflow.updated","payload":{"userId":"c17e4e51-fb03-4a49-8690-2eb153d72420","_email":"anurag.25scse1180671@galgotiasuniversity.ac.in","_firstName":"ANURAG","_lastName":"SHARMA","globalRole":"global:owner","workflowId":"fC5E99z5uUn0fKjT","workflowName":"Accisense alert"}}
{"__type":"$$EventMessageConfirm","confirm":"a2e4710b-5daa-43eb-a480-58c92f8dc041","ts":"2026-09-09T11:21:24.344-04:00","source":{"id":"0","name":"eventBus"}}
{"__type":"$$EventMessageAudit","id":"52828015-7319-42ae-a931-d58a016049b9","ts":"2026-09-09T11:21:41.580-04:00","eventName":"n8n.audit.workflow.updated","message":"n8n.audit.workflow.updated","payload":{"userId":"c17e4e51-fb03-4a49-8690-2eb153d72420","_email":"anurag.25scse1180671@galgotiasuniversity.ac.in","_firstName":"ANURAG","_lastName":"SHARMA","globalRole":"global:owner","workflowId":"fC5E99z5uUn0fKjT","workflowName":"Accisense alert"}}
{"__type":"$$EventMessageConfirm","confirm":"52828015-7319-42ae-a931-d58a016049b9","ts":"2026-09-09T11:21:41.580-04:00","source":{"id":"0","name":"eventBus"}}
{"__type":"$$EventMessageAudit","id":"95827c94-6e5c-4bb7-9d4a-b9e384c7c79a","ts":"2026-09-09T11:21:43.737-04:00","eventName":"n8n.audit.workflow.updated","message":"n8n.audit.workflow.updated","payload":{"userId":"c17e4e51-fb03-4a49-8690-2eb153d72420","_email":"anurag.25scse1180671@galgotiasuniversity.ac.in","_firstName":"ANURAG","_lastName":"SHARMA","globalRole":"global:owner","workflowId":"fC5E99z5uUn0fKjT","workflowName":"Accisense alert"}}
{"__type":"$$EventMessageConfirm","confirm":"95827c94-6e5c-4bb7-9d4a-b9e384c7c79a","ts":"2026-09-09T11:21:43.737-04:00","source":{"id":"0","name":"eventBus"}}
{"__type":"$$EventMessageAudit","id":"275b6ef7-66d8-4e37-93c3-c3aa1db8ccbe","ts":"2026-09-09T11:21:50.407-04:00","eventName":"n8n.audit.workflow.updated","message":"n8n.audit.workflow.updated","payload":{"userId":"c17e4e51-fb03-4a49-8690-2eb153d72420","_email":"anurag.25scse1180671@galgotiasuniversity.ac.in","_firstName":"ANURAG","_lastName":"SHARMA","globalRole":"global:owner","workflowId":"fC5E99z5uUn0fKjT","workflowName":"Accisense alert"}}
{"__type":"$$EventMessageConfirm","confirm":"275b6ef7-66d8-4e37-93c3-c3aa1db8ccbe","ts":"2026-09-09T11:21:50.408-04:00","source":{"id":"0","name":"eventBus"}}
{"__type":"$$EventMessageAudit","id":"c15dce56-3185-42b2-99fd-961f90d81650","ts":"2026-09-09T11:21:53.592-04:00","eventName":"n8n.audit.workflow.updated","message":"n8n.audit.workflow.updated","payload":{"userId":"c17e4e51-fb03-4a49-8690-2eb153d72420","_email":"anurag.25scse1180671@galgotiasuniversity.ac.in","_firstName":"ANURAG","_lastName":"SHARMA","globalRole":"global:owner","workflowId":"fC5E99z5uUn0fKjT","workflowName":"Accisense alert"}}
{"__type":"$$EventMessageConfirm","confirm":"c15dce56-3185-42b2-99fd-961f90d81650","ts":"2026-09-09T11:21:53.593-04:00","source":{"id":"0","name":"eventBus"}}
{"__type":"$$EventMessageAudit","id":"bdbbc59a-5338-47a9-b550-4e9b530ba908","ts":"2026-09-09T11:22:14.348-04:00","eventName":"n8n.audit.workflow.executed","message":"n8n.audit.workflow.executed","payload":{"userId":"c17e4e51-fb03-4a49-8690-2eb153d72420","_email":"anurag.25scse1180671@galgotiasuniversity.ac.in","_firstName":"ANURAG","_lastName":"SHARMA","globalRole":"global:owner","workflowId":"fC5E99z5uUn0fKjT","workflowName":"Accisense alert","executionId":"84","projectId":"VPeJW2ayhoZgotkV","projectName":"ANURAG SHARMA <anurag.25scse1180671@galgotiasuniversity.ac.in>","source":"user-manual"}}
{"__type":"$$EventMessageConfirm","confirm":"bdbbc59a-5338-47a9-b550-4e9b530ba908","ts":"2026-09-09T11:22:14.349-04:00","source":{"id":"0","name":"eventBus"}}
{"__type":"$$EventMessageWorkflow","id":"fa88f580-ad29-4b9b-8543-c1ac3f80238d","ts":"2026-09-09T11:22:14.350-04:00","eventName":"n8n.workflow.started","message":"n8n.workflow.started","payload":{"executionId":"84","workflowId":"fC5E99z5uUn0fKjT","isManual":false,"mode":"manual","workflowName":"Accisense alert","projectId":"VPeJW2ayhoZgotkV","projectName":"ANURAG SHARMA <anurag.25scse1180671@galgotiasuniversity.ac.in>"}}
{"__type":"$$EventMessageConfirm","confirm":"fa88f580-ad29-4b9b-8543-c1ac3f80238d","ts":"2026-09-09T11:22:14.350-04:00","source":{"id":"0","name":"eventBus"}}
{"__type":"$$EventMessageNode","id":"6904e9df-9399-4ba9-ab79-15309c1b60f8","ts":"2026-09-09T11:22:14.372-04:00","eventName":"n8n.node.started","message":"n8n.node.started","payload":{"workflowId":"fC5E99z5uUn0fKjT","workflowName":"Accisense alert","executionId":"84","nodeType":"n8n-nodes-base.telegram","nodeName":"Send Alert","nodeId":"7c481263-5942-4621-a0e8-799c9e1a6335"}}
{"__type":"$$EventMessageConfirm","confirm":"6904e9df-9399-4ba9-ab79-15309c1b60f8","ts":"2026-09-09T11:22:14.372-04:00","source":{"id":"0","name":"eventBus"}}
{"__type":"$$EventMessageNode","id":"3edec9b6-767f-488f-ab9e-f6d39c6a4b7e","ts":"2026-09-09T11:22:15.636-04:00","eventName":"n8n.node.finished","message":"n8n.node.finished","payload":{"workflowId":"fC5E99z5uUn0fKjT","workflowName":"Accisense alert","executionId":"84","nodeType":"n8n-nodes-base.telegram","nodeName":"Send Alert","nodeId":"7c481263-5942-4621-a0e8-799c9e1a6335"}}
{"__type":"$$EventMessageConfirm","confirm":"3edec9b6-767f-488f-ab9e-f6d39c6a4b7e","ts":"2026-09-09T11:22:15.637-04:00","source":{"id":"0","name":"eventBus"}}
{"__type":"$$EventMessageNode","id":"255af088-aa86-4ea3-b5c1-29bc7b275885","ts":"2026-09-09T11:22:15.637-04:00","eventName":"n8n.node.started","message":"n8n.node.started","payload":{"workflowId":"fC5E99z5uUn0fKjT","workflowName":"Accisense alert","executionId":"84","nodeType":"n8n-nodes-base.telegram","nodeName":"Send Alert","nodeId":"7c481263-5942-4621-a0e8-799c9e1a6335"}}
{"__type":"$$EventMessageConfirm","confirm":"255af088-aa86-4ea3-b5c1-29bc7b275885","ts":"2026-09-09T11:22:15.637-04:00","source":{"id":"0","name":"eventBus"}}
{"__type":"$$EventMessageNode","id":"cc0e5725-2a14-4681-94d1-2e46ee94b183","ts":"2026-09-09T11:22:15.637-04:00","eventName":"n8n.node.started","message":"n8n.node.started","payload":{"workflowId":"fC5E99z5uUn0fKjT","workflowName":"Accisense alert","executionId":"84","nodeType":"n8n-nodes-base.telegram","nodeName":"Send Alert","nodeId":"7c481263-5942-4621-a0e8-799c9e1a6335"}}
{"__type":"$$EventMessageConfirm","confirm":"cc0e5725-2a14-4681-94d1-2e46ee94b183","ts":"2026-09-09T11:22:15.638-04:00","source":{"id":"0","name":"eventBus"}}
{"__type":"$$EventMessageNode","id":"214fd04e-9d3e-418e-a872-4f9957be3c18","ts":"2026-09-09T11:22:15.638-04:00","eventName":"n8n.node.started","message":"n8n.node.started","payload":{"workflowId":"fC5E99z5uUn0fKjT","workflowName":"Accisense alert","executionId":"84","nodeType":"n8n-nodes-base.telegram","nodeName":"Send Alert","nodeId":"7c481263-5942-4621-a0e8-799c9e1a6335"}}
{"__type":"$$EventMessageConfirm","confirm":"214fd04e-9d3e-418e-a872-4f9957be3c18","ts":"2026-09-09T11:22:15.638-04:00","source":{"id":"0","name":"eventBus"}}
{"__type":"$$EventMessageWorkflow","id":"96456406-1684-4019-99d0-43e37314d994","ts":"2026-09-09T11:22:15.641-04:00","eventName":"n8n.workflow.success","message":"n8n.workflow.success","payload":{"userId":"c17e4e51-fb03-4a49-8690-2eb153d72420","executionId":"84","success":true,"isManual":true,"mode":"manual","workflowId":"fC5E99z5uUn0fKjT","workflowName":"Accisense alert","projectId":"VPeJW2ayhoZgotkV","projectName":"ANURAG SHARMA <anurag.25scse1180671@galgotiasuniversity.ac.in>"}}
{"__type":"$$EventMessageConfirm","confirm":"96456406-1684-4019-99d0-43e37314d994","ts":"2026-09-09T11:22:15.641-04:00","source":{"id":"0","name":"eventBus"}}
{"__type":"$$EventMessageAudit","id":"47f0af71-304c-4206-8455-961db1123328","ts":"2026-09-09T11:23:07.422-04:00","eventName":"n8n.audit.workflow.updated","message":"n8n.audit.workflow.updated","payload":{"userId":"c17e4e51-fb03-4a49-8690-2eb153d72420","_email":"anurag.25scse1180671@galgotiasuniversity.ac.in","_firstName":"ANURAG","_lastName":"SHARMA","globalRole":"global:owner","workflowId":"fC5E99z5uUn0fKjT","workflowName":"Accisense alert"}}
{"__type":"$$EventMessageConfirm","confirm":"47f0af71-304c-4206-8455-961db1123328","ts":"2026-09-09T11:23:07.422-04:00","source":{"id":"0","name":"eventBus"}}
{"__type":"$$EventMessageAudit","id":"2e2146a0-411a-4287-a003-12f233b152af","ts":"2026-09-09T11:23:36.448-04:00","eventName":"n8n.audit.workflow.updated","message":"n8n.audit.workflow.updated","payload":{"userId":"c17e4e51-fb03-4a49-8690-2eb153d72420","_email":"anurag.25scse1180671@galgotiasuniversity.ac.in","_firstName":"ANURAG","_lastName":"SHARMA","globalRole":"global:owner","workflowId":"fC5E99z5uUn0fKjT","workflowName":"Accisense alert"}}
{"__type":"$$EventMessageConfirm","confirm":"2e2146a0-411a-4287-a003-12f233b152af","ts":"2026-09-09T11:23:36.448-04:00","source":{"id":"0","name":"eventBus"}}
{"__type":"$$EventMessageAudit","id":"204bf830-eb5b-4e91-bc78-99955e05aa71","ts":"2026-09-09T12:39:43.131-04:00","eventName":"n8n.audit.workflow.updated","message":"n8n.audit.workflow.updated","payload":{"userId":"c17e4e51-fb03-4a49-8690-2eb153d72420","_email":"anurag.25scse1180671@galgotiasuniversity.ac.in","_firstName":"ANURAG","_lastName":"SHARMA","globalRole":"global:owner","workflowId":"fC5E99z5uUn0fKjT","workflowName":"Accisense alert"}}
{"__type":"$$EventMessageConfirm","confirm":"204bf830-eb5b-4e91-bc78-99955e05aa71","ts":"2026-09-09T12:39:43.132-04:00","source":{"id":"0","name":"eventBus"}}
{"__type":"$$EventMessageAudit","id":"8f81e8ac-6ae2-4fff-ad8d-0905c80f23be","ts":"2026-09-09T12:40:04.739-04:00","eventName":"n8n.audit.workflow.updated","message":"n8n.audit.workflow.updated","payload":{"userId":"c17e4e51-fb03-4a49-8690-2eb153d72420","_email":"anurag.25scse1180671@galgotiasuniversity.ac.in","_firstName":"ANURAG","_lastName":"SHARMA","globalRole":"global:owner","workflowId":"fC5E99z5uUn0fKjT","workflowName":"Accisense alert"}}
{"__type":"$$EventMessageConfirm","confirm":"8f81e8ac-6ae2-4fff-ad8d-0905c80f23be","ts":"2026-09-09T12:40:04.739-04:00","source":{"id":"0","name":"eventBus"}}
{"__type":"$$EventMessageAudit","id":"6a64f9ba-daa1-4fcd-8898-a4a800e76c42","ts":"2026-09-09T12:40:07.429-04:00","eventName":"n8n.audit.workflow.updated","message":"n8n.audit.workflow.updated","payload":{"userId":"c17e4e51-fb03-4a49-8690-2eb153d72420","_email":"anurag.25scse1180671@galgotiasuniversity.ac.in","_firstName":"ANURAG","_lastName":"SHARMA","globalRole":"global:owner","workflowId":"fC5E99z5uUn0fKjT","workflowName":"Accisense alert"}}
{"__type":"$$EventMessageConfirm","confirm":"6a64f9ba-daa1-4fcd-8898-a4a800e76c42","ts":"2026-09-09T12:40:07.430-04:00","source":{"id":"0","name":"eventBus"}}
{"__type":"$$EventMessageAudit","id":"a5ad5465-e839-4852-adec-4e2fa0bb8577","ts":"2026-09-09T12:51:50.198-04:00","eventName":"n8n.audit.workflow.updated","message":"n8n.audit.workflow.updated","payload":{"userId":"c17e4e51-fb03-4a49-8690-2eb153d72420","_email":"anurag.25scse1180671@galgotiasuniversity.ac.in","_firstName":"ANURAG","_lastName":"SHARMA","globalRole":"global:owner","workflowId":"fC5E99z5uUn0fKjT","workflowName":"Accisense alert"}}
{"__type":"$$EventMessageConfirm","confirm":"a5ad5465-e839-4852-adec-4e2fa0bb8577","ts":"2026-09-09T12:51:50.199-04:00","source":{"id":"0","name":"eventBus"}}
{"__type":"$$EventMessageAudit","id":"088c4d60-accb-425a-a305-506f3ea951ab","ts":"2026-09-09T12:51:58.634-04:00","eventName":"n8n.audit.workflow.updated","message":"n8n.audit.workflow.updated","payload":{"userId":"c17e4e51-fb03-4a49-8690-2eb153d72420","_email":"anurag.25scse1180671@galgotiasuniversity.ac.in","_firstName":"ANURAG","_lastName":"SHARMA","globalRole":"global:owner","workflowId":"fC5E99z5uUn0fKjT","workflowName":"Accisense alert"}}
{"__type":"$$EventMessageConfirm","confirm":"088c4d60-accb-425a-a305-506f3ea951ab","ts":"2026-09-09T12:51:58.634-04:00","source":{"id":"0","name":"eventBus"}}
{"__type":"$$EventMessageAudit","id":"236e8d9a-c2fd-4bcf-9416-795f7c2699ee","ts":"2026-09-09T12:52:34.541-04:00","eventName":"n8n.audit.workflow.updated","message":"n8n.audit.workflow.updated","payload":{"userId":"c17e4e51-fb03-4a49-8690-2eb153d72420","_email":"anurag.25scse1180671@galgotiasuniversity.ac.in","_firstName":"ANURAG","_lastName":"SHARMA","globalRole":"global:owner","workflowId":"fC5E99z5uUn0fKjT","workflowName":"Accisense alert"}}
{"__type":"$$EventMessageConfirm","confirm":"236e8d9a-c2fd-4bcf-9416-795f7c2699ee","ts":"2026-09-09T12:52:34.542-04:00","source":{"id":"0","name":"eventBus"}}
{"__type":"$$EventMessageAudit","id":"0c1ea9d8-c71e-4df1-9ef4-221c2c8cbdb7","ts":"2026-09-09T12:52:37.164-04:00","eventName":"n8n.audit.workflow.updated","message":"n8n.audit.workflow.updated","payload":{"userId":"c17e4e51-fb03-4a49-8690-2eb153d72420","_email":"anurag.25scse1180671@galgotiasuniversity.ac.in","_firstName":"ANURAG","_lastName":"SHARMA","globalRole":"global:owner","workflowId":"fC5E99z5uUn0fKjT","workflowName":"Accisense alert"}}
{"__type":"$$EventMessageConfirm","confirm":"0c1ea9d8-c71e-4df1-9ef4-221c2c8cbdb7","ts":"2026-09-09T12:52:37.164-04:00","source":{"id":"0","name":"eventBus"}}
{"__type":"$$EventMessageAudit","id":"d8743738-7f83-4ddf-aee3-0d5fbca25bdb","ts":"2026-09-09T12:52:41.099-04:00","eventName":"n8n.audit.workflow.updated","message":"n8n.audit.workflow.updated","payload":{"userId":"c17e4e51-fb03-4a49-8690-2eb153d72420","_email":"anurag.25scse1180671@galgotiasuniversity.ac.in","_firstName":"ANURAG","_lastName":"SHARMA","globalRole":"global:owner","workflowId":"fC5E99z5uUn0fKjT","workflowName":"Accisense alert"}}
{"__type":"$$EventMessageConfirm","confirm":"d8743738-7f83-4ddf-aee3-0d5fbca25bdb","ts":"2026-09-09T12:52:41.100-04:00","source":{"id":"0","name":"eventBus"}}
{"__type":"$$EventMessageAudit","id":"0fadfa38-f56d-4c4d-ad0c-3b1546971bd6","ts":"2026-09-09T12:52:45.654-04:00","eventName":"n8n.audit.workflow.updated","message":"n8n.audit.workflow.updated","payload":{"userId":"c17e4e51-fb03-4a49-8690-2eb153d72420","_email":"anurag.25scse1180671@galgotiasuniversity.ac.in","_firstName":"ANURAG","_lastName":"SHARMA","globalRole":"global:owner","workflowId":"fC5E99z5uUn0fKjT","workflowName":"Accisense alert"}}
{"__type":"$$EventMessageConfirm","confirm":"0fadfa38-f56d-4c4d-ad0c-3b1546971bd6","ts":"2026-09-09T12:52:45.654-04:00","source":{"id":"0","name":"eventBus"}}
{"__type":"$$EventMessageAudit","id":"c81bede0-0f66-4eda-bf38-1b9314cacc0d","ts":"2026-09-09T12:52:49.086-04:00","eventName":"n8n.audit.workflow.updated","message":"n8n.audit.workflow.updated","payload":{"userId":"c17e4e51-fb03-4a49-8690-2eb153d72420","_email":"anurag.25scse1180671@galgotiasuniversity.ac.in","_firstName":"ANURAG","_lastName":"SHARMA","globalRole":"global:owner","workflowId":"fC5E99z5uUn0fKjT","workflowName":"Accisense alert"}}
{"__type":"$$EventMessageConfirm","confirm":"c81bede0-0f66-4eda-bf38-1b9314cacc0d","ts":"2026-09-09T12:52:49.087-04:00","source":{"id":"0","name":"eventBus"}}
{"__type":"$$EventMessageAudit","id":"9c26e310-4754-4740-90d8-fe03dc5983e1","ts":"2026-09-09T13:03:31.182-04:00","eventName":"n8n.audit.workflow.updated","message":"n8n.audit.workflow.updated","payload":{"userId":"c17e4e51-fb03-4a49-8690-2eb153d72420","_email":"anurag.25scse1180671@galgotiasuniversity.ac.in","_firstName":"ANURAG","_lastName":"SHARMA","globalRole":"global:owner","workflowId":"fC5E99z5uUn0fKjT","workflowName":"Accisense alert"}}
{"__type":"$$EventMessageConfirm","confirm":"9c26e310-4754-4740-90d8-fe03dc5983e1","ts":"2026-09-09T13:03:31.182-04:00","source":{"id":"0","name":"eventBus"}}
{"__type":"$$EventMessageAudit","id":"bf219726-4838-4f4a-8c30-6262c8577a7b","ts":"2026-09-09T13:03:34.262-04:00","eventName":"n8n.audit.workflow.updated","message":"n8n.audit.workflow.updated","payload":{"userId":"c17e4e51-fb03-4a49-8690-2eb153d72420","_email":"anurag.25scse1180671@galgotiasuniversity.ac.in","_firstName":"ANURAG","_lastName":"SHARMA","globalRole":"global:owner","workflowId":"fC5E99z5uUn0fKjT","workflowName":"Accisense alert"}}
{"__type":"$$EventMessageConfirm","confirm":"bf219726-4838-4f4a-8c30-6262c8577a7b","ts":"2026-09-09T13:03:34.263-04:00","source":{"id":"0","name":"eventBus"}}
{"__type":"$$EventMessageAudit","id":"141492bf-6752-4a79-9d4a-43805e058b7d","ts":"2026-09-09T13:03:42.468-04:00","eventName":"n8n.audit.workflow.updated","message":"n8n.audit.workflow.updated","payload":{"userId":"c17e4e51-fb03-4a49-8690-2eb153d72420","_email":"anurag.25scse1180671@galgotiasuniversity.ac.in","_firstName":"ANURAG","_lastName":"SHARMA","globalRole":"global:owner","workflowId":"fC5E99z5uUn0fKjT","workflowName":"Accisense alert"}}
{"__type":"$$EventMessageConfirm","confirm":"141492bf-6752-4a79-9d4a-43805e058b7d","ts":"2026-09-09T13:03:42.469-04:00","source":{"id":"0","name":"eventBus"}}
{"__type":"$$EventMessageAudit","id":"b9a2e836-fbc6-40a0-81c2-2b3cc06e9199","ts":"2026-09-09T13:04:23.150-04:00","eventName":"n8n.audit.workflow.updated","message":"n8n.audit.workflow.updated","payload":{"userId":"c17e4e51-fb03-4a49-8690-2eb153d72420","_email":"anurag.25scse1180671@galgotiasuniversity.ac.in","_firstName":"ANURAG","_lastName":"SHARMA","globalRole":"global:owner","workflowId":"fC5E99z5uUn0fKjT","workflowName":"Accisense alert"}}
{"__type":"$$EventMessageConfirm","confirm":"b9a2e836-fbc6-40a0-81c2-2b3cc06e9199","ts":"2026-09-09T13:04:23.150-04:00","source":{"id":"0","name":"eventBus"}}
{"__type":"$$EventMessageAudit","id":"b8b716bf-4e20-4ea3-9d26-1d4d59351622","ts":"2026-09-09T13:04:40.886-04:00","eventName":"n8n.audit.workflow.updated","message":"n8n.audit.workflow.updated","payload":{"userId":"c17e4e51-fb03-4a49-8690-2eb153d72420","_email":"anurag.25scse1180671@galgotiasuniversity.ac.in","_firstName":"ANURAG","_lastName":"SHARMA","globalRole":"global:owner","workflowId":"fC5E99z5uUn0fKjT","workflowName":"Accisense alert"}}
{"__type":"$$EventMessageConfirm","confirm":"b8b716bf-4e20-4ea3-9d26-1d4d59351622","ts":"2026-09-09T13:04:40.887-04:00","source":{"id":"0","name":"eventBus"}}
{"__type":"$$EventMessageAudit","id":"6f6f696e-c451-49e0-8553-2ed8833fb4d6","ts":"2026-09-09T13:20:28.433-04:00","eventName":"n8n.audit.user.credentials.created","message":"n8n.audit.user.credentials.created","payload":{"userId":"c17e4e51-fb03-4a49-8690-2eb153d72420","_email":"anurag.25scse1180671@galgotiasuniversity.ac.in","_firstName":"ANURAG","_lastName":"SHARMA","globalRole":"global:owner","credentialType":"smtp","credentialId":"ptZvGLuWMGxD72kP","publicApi":false,"projectId":"VPeJW2ayhoZgotkV","projectType":"personal","isDynamic":false,"usesExternalSecrets":false,"jweEnabled":false,"supportsManagedAuth":false,"usesManagedAuth":false}}
{"__type":"$$EventMessageConfirm","confirm":"6f6f696e-c451-49e0-8553-2ed8833fb4d6","ts":"2026-09-09T13:20:28.433-04:00","source":{"id":"0","name":"eventBus"}}
{"__type":"$$EventMessageAudit","id":"40223646-1d44-46fb-9bfc-da653791941d","ts":"2026-09-09T13:20:30.311-04:00","eventName":"n8n.audit.workflow.updated","message":"n8n.audit.workflow.updated","payload":{"userId":"c17e4e51-fb03-4a49-8690-2eb153d72420","_email":"anurag.25scse1180671@galgotiasuniversity.ac.in","_firstName":"ANURAG","_lastName":"SHARMA","globalRole":"global:owner","workflowId":"fC5E99z5uUn0fKjT","workflowName":"Accisense alert"}}
{"__type":"$$EventMessageConfirm","confirm":"40223646-1d44-46fb-9bfc-da653791941d","ts":"2026-09-09T13:20:30.311-04:00","source":{"id":"0","name":"eventBus"}}
{"__type":"$$EventMessageAudit","id":"9c3d6553-4b87-4cef-9656-6cbbfdf5620d","ts":"2026-09-09T13:20:48.125-04:00","eventName":"n8n.audit.workflow.updated","message":"n8n.audit.workflow.updated","payload":{"userId":"c17e4e51-fb03-4a49-8690-2eb153d72420","_email":"anurag.25scse1180671@galgotiasuniversity.ac.in","_firstName":"ANURAG","_lastName":"SHARMA","globalRole":"global:owner","workflowId":"fC5E99z5uUn0fKjT","workflowName":"Accisense alert"}}
{"__type":"$$EventMessageConfirm","confirm":"9c3d6553-4b87-4cef-9656-6cbbfdf5620d","ts":"2026-09-09T13:20:48.125-04:00","source":{"id":"0","name":"eventBus"}}
{"__type":"$$EventMessageAudit","id":"1d271775-eb7e-4188-8ceb-bb9563169c5f","ts":"2026-09-09T13:20:53.337-04:00","eventName":"n8n.audit.workflow.updated","message":"n8n.audit.workflow.updated","payload":{"userId":"c17e4e51-fb03-4a49-8690-2eb153d72420","_email":"anurag.25scse1180671@galgotiasuniversity.ac.in","_firstName":"ANURAG","_lastName":"SHARMA","globalRole":"global:owner","workflowId":"fC5E99z5uUn0fKjT","workflowName":"Accisense alert"}}
{"__type":"$$EventMessageConfirm","confirm":"1d271775-eb7e-4188-8ceb-bb9563169c5f","ts":"2026-09-09T13:20:53.338-04:00","source":{"id":"0","name":"eventBus"}}
{"__type":"$$EventMessageAudit","id":"8bd78a43-3a81-4c55-bd3b-f1550f4d6da5","ts":"2026-09-09T13:21:12.150-04:00","eventName":"n8n.audit.workflow.updated","message":"n8n.audit.workflow.updated","payload":{"userId":"c17e4e51-fb03-4a49-8690-2eb153d72420","_email":"anurag.25scse1180671@galgotiasuniversity.ac.in","_firstName":"ANURAG","_lastName":"SHARMA","globalRole":"global:owner","workflowId":"fC5E99z5uUn0fKjT","workflowName":"Accisense alert"}}
{"__type":"$$EventMessageConfirm","confirm":"8bd78a43-3a81-4c55-bd3b-f1550f4d6da5","ts":"2026-09-09T13:21:12.150-04:00","source":{"id":"0","name":"eventBus"}}
{"__type":"$$EventMessageAudit","id":"efc43a3b-f3fb-418b-92af-f2786a66125a","ts":"2026-09-09T13:21:44.477-04:00","eventName":"n8n.audit.workflow.updated","message":"n8n.audit.workflow.updated","payload":{"userId":"c17e4e51-fb03-4a49-8690-2eb153d72420","_email":"anurag.25scse1180671@galgotiasuniversity.ac.in","_firstName":"ANURAG","_lastName":"SHARMA","globalRole":"global:owner","workflowId":"fC5E99z5uUn0fKjT","workflowName":"Accisense alert"}}
{"__type":"$$EventMessageConfirm","confirm":"efc43a3b-f3fb-418b-92af-f2786a66125a","ts":"2026-09-09T13:21:44.478-04:00","source":{"id":"0","name":"eventBus"}}
{"__type":"$$EventMessageAudit","id":"a2e11859-62c2-45b5-b4ea-f9900a81702f","ts":"2026-09-09T13:22:39.731-04:00","eventName":"n8n.audit.workflow.updated","message":"n8n.audit.workflow.updated","payload":{"userId":"c17e4e51-fb03-4a49-8690-2eb153d72420","_email":"anurag.25scse1180671@galgotiasuniversity.ac.in","_firstName":"ANURAG","_lastName":"SHARMA","globalRole":"global:owner","workflowId":"fC5E99z5uUn0fKjT","workflowName":"Accisense alert"}}
{"__type":"$$EventMessageConfirm","confirm":"a2e11859-62c2-45b5-b4ea-f9900a81702f","ts":"2026-09-09T13:22:39.731-04:00","source":{"id":"0","name":"eventBus"}}
{"__type":"$$EventMessageAudit","id":"3d34da5e-1bb7-40c5-bbd7-a5e6ae06eec8","ts":"2026-09-09T13:23:07.768-04:00","eventName":"n8n.audit.workflow.updated","message":"n8n.audit.workflow.updated","payload":{"userId":"c17e4e51-fb03-4a49-8690-2eb153d72420","_email":"anurag.25scse1180671@galgotiasuniversity.ac.in","_firstName":"ANURAG","_lastName":"SHARMA","globalRole":"global:owner","workflowId":"fC5E99z5uUn0fKjT","workflowName":"Accisense alert"}}
{"__type":"$$EventMessageConfirm","confirm":"3d34da5e-1bb7-40c5-bbd7-a5e6ae06eec8","ts":"2026-09-09T13:23:07.768-04:00","source":{"id":"0","name":"eventBus"}}
{"__type":"$$EventMessageAudit","id":"92e1920e-dad5-4151-a844-db16b556e11e","ts":"2026-09-09T13:23:12.942-04:00","eventName":"n8n.audit.workflow.updated","message":"n8n.audit.workflow.updated","payload":{"userId":"c17e4e51-fb03-4a49-8690-2eb153d72420","_email":"anurag.25scse1180671@galgotiasuniversity.ac.in","_firstName":"ANURAG","_lastName":"SHARMA","globalRole":"global:owner","workflowId":"fC5E99z5uUn0fKjT","workflowName":"Accisense alert"}}
{"__type":"$$EventMessageConfirm","confirm":"92e1920e-dad5-4151-a844-db16b556e11e","ts":"2026-09-09T13:23:12.942-04:00","source":{"id":"0","name":"eventBus"}}
{"__type":"$$EventMessageAudit","id":"a97bcdee-9770-4bcc-bcbe-d705171a8ddc","ts":"2026-09-09T13:23:15.680-04:00","eventName":"n8n.audit.workflow.updated","message":"n8n.audit.workflow.updated","payload":{"userId":"c17e4e51-fb03-4a49-8690-2eb153d72420","_email":"anurag.25scse1180671@galgotiasuniversity.ac.in","_firstName":"ANURAG","_lastName":"SHARMA","globalRole":"global:owner","workflowId":"fC5E99z5uUn0fKjT","workflowName":"Accisense alert"}}
{"__type":"$$EventMessageConfirm","confirm":"a97bcdee-9770-4bcc-bcbe-d705171a8ddc","ts":"2026-09-09T13:23:15.680-04:00","source":{"id":"0","name":"eventBus"}}
{"__type":"$$EventMessageAudit","id":"797d811f-1080-481f-b4a8-5c831791e2ac","ts":"2026-09-09T13:23:22.582-04:00","eventName":"n8n.audit.workflow.updated","message":"n8n.audit.workflow.updated","payload":{"userId":"c17e4e51-fb03-4a49-8690-2eb153d72420","_email":"anurag.25scse1180671@galgotiasuniversity.ac.in","_firstName":"ANURAG","_lastName":"SHARMA","globalRole":"global:owner","workflowId":"fC5E99z5uUn0fKjT","workflowName":"Accisense alert"}}
{"__type":"$$EventMessageConfirm","confirm":"797d811f-1080-481f-b4a8-5c831791e2ac","ts":"2026-09-09T13:23:22.582-04:00","source":{"id":"0","name":"eventBus"}}
{"__type":"$$EventMessageAudit","id":"800c9615-0923-48fe-88ba-b19344700bff","ts":"2026-09-09T13:23:27.668-04:00","eventName":"n8n.audit.workflow.updated","message":"n8n.audit.workflow.updated","payload":{"userId":"c17e4e51-fb03-4a49-8690-2eb153d72420","_email":"anurag.25scse1180671@galgotiasuniversity.ac.in","_firstName":"ANURAG","_lastName":"SHARMA","globalRole":"global:owner","workflowId":"fC5E99z5uUn0fKjT","workflowName":"Accisense alert"}}
{"__type":"$$EventMessageConfirm","confirm":"800c9615-0923-48fe-88ba-b19344700bff","ts":"2026-09-09T13:23:27.668-04:00","source":{"id":"0","name":"eventBus"}}
{"__type":"$$EventMessageAudit","id":"32b2b556-9000-40f7-be1f-942f48243247","ts":"2026-09-09T13:23:34.176-04:00","eventName":"n8n.audit.workflow.updated","message":"n8n.audit.workflow.updated","payload":{"userId":"c17e4e51-fb03-4a49-8690-2eb153d72420","_email":"anurag.25scse1180671@galgotiasuniversity.ac.in","_firstName":"ANURAG","_lastName":"SHARMA","globalRole":"global:owner","workflowId":"fC5E99z5uUn0fKjT","workflowName":"Accisense alert"}}
{"__type":"$$EventMessageConfirm","confirm":"32b2b556-9000-40f7-be1f-942f48243247","ts":"2026-09-09T13:23:34.176-04:00","source":{"id":"0","name":"eventBus"}}
{"__type":"$$EventMessageAudit","id":"b1a60883-7332-4a3b-a8e7-c4f92914e3b4","ts":"2026-09-09T13:24:04.629-04:00","eventName":"n8n.audit.workflow.updated","message":"n8n.audit.workflow.updated","payload":{"userId":"c17e4e51-fb03-4a49-8690-2eb153d72420","_email":"anurag.25scse1180671@galgotiasuniversity.ac.in","_firstName":"ANURAG","_lastName":"SHARMA","globalRole":"global:owner","workflowId":"fC5E99z5uUn0fKjT","workflowName":"Accisense alert"}}
{"__type":"$$EventMessageConfirm","confirm":"b1a60883-7332-4a3b-a8e7-c4f92914e3b4","ts":"2026-09-09T13:24:04.629-04:00","source":{"id":"0","name":"eventBus"}}
{"__type":"$$EventMessageAudit","id":"e1b79061-3745-40ec-bd7f-8d708a7640db","ts":"2026-09-09T13:24:06.895-04:00","eventName":"n8n.audit.workflow.updated","message":"n8n.audit.workflow.updated","payload":{"userId":"c17e4e51-fb03-4a49-8690-2eb153d72420","_email":"anurag.25scse1180671@galgotiasuniversity.ac.in","_firstName":"ANURAG","_lastName":"SHARMA","globalRole":"global:owner","workflowId":"fC5E99z5uUn0fKjT","workflowName":"Accisense alert"}}
{"__type":"$$EventMessageConfirm","confirm":"e1b79061-3745-40ec-bd7f-8d708a7640db","ts":"2026-09-09T13:24:06.896-04:00","source":{"id":"0","name":"eventBus"}}
{"__type":"$$EventMessageAudit","id":"638b4ac7-40fc-48a1-8cf1-1cf8ea2d25dd","ts":"2026-09-09T13:24:21.510-04:00","eventName":"n8n.audit.workflow.executed","message":"n8n.audit.workflow.executed","payload":{"userId":"c17e4e51-fb03-4a49-8690-2eb153d72420","_email":"anurag.25scse1180671@galgotiasuniversity.ac.in","_firstName":"ANURAG","_lastName":"SHARMA","globalRole":"global:owner","workflowId":"fC5E99z5uUn0fKjT","workflowName":"Accisense alert","executionId":"85","projectId":"VPeJW2ayhoZgotkV","projectName":"ANURAG SHARMA <anurag.25scse1180671@galgotiasuniversity.ac.in>","source":"user-manual"}}
{"__type":"$$EventMessageConfirm","confirm":"638b4ac7-40fc-48a1-8cf1-1cf8ea2d25dd","ts":"2026-09-09T13:24:21.510-04:00","source":{"id":"0","name":"eventBus"}}
{"__type":"$$EventMessageWorkflow","id":"0e9fece0-8045-4f9a-8513-3bfbb97f8c74","ts":"2026-09-09T13:24:21.512-04:00","eventName":"n8n.workflow.started","message":"n8n.workflow.started","payload":{"executionId":"85","workflowId":"fC5E99z5uUn0fKjT","isManual":false,"mode":"manual","workflowName":"Accisense alert","projectId":"VPeJW2ayhoZgotkV","projectName":"ANURAG SHARMA <anurag.25scse1180671@galgotiasuniversity.ac.in>"}}
{"__type":"$$EventMessageConfirm","confirm":"0e9fece0-8045-4f9a-8513-3bfbb97f8c74","ts":"2026-09-09T13:24:21.512-04:00","source":{"id":"0","name":"eventBus"}}
{"__type":"$$EventMessageNode","id":"b526f620-da02-40f2-8420-28f1ce7f38d7","ts":"2026-09-09T13:24:21.531-04:00","eventName":"n8n.node.started","message":"n8n.node.started","payload":{"workflowId":"fC5E99z5uUn0fKjT","workflowName":"Accisense alert","executionId":"85","nodeType":"n8n-nodes-base.telegram","nodeName":"Send Alert","nodeId":"7c481263-5942-4621-a0e8-799c9e1a6335"}}
{"__type":"$$EventMessageConfirm","confirm":"b526f620-da02-40f2-8420-28f1ce7f38d7","ts":"2026-09-09T13:24:21.532-04:00","source":{"id":"0","name":"eventBus"}}
{"__type":"$$EventMessageNode","id":"d4b11dbf-a367-4688-a1bc-ec5ad4f85501","ts":"2026-09-09T13:24:23.254-04:00","eventName":"n8n.node.finished","message":"n8n.node.finished","payload":{"workflowId":"fC5E99z5uUn0fKjT","workflowName":"Accisense alert","executionId":"85","nodeType":"n8n-nodes-base.telegram","nodeName":"Send Alert","nodeId":"7c481263-5942-4621-a0e8-799c9e1a6335"}}
{"__type":"$$EventMessageConfirm","confirm":"d4b11dbf-a367-4688-a1bc-ec5ad4f85501","ts":"2026-09-09T13:24:23.254-04:00","source":{"id":"0","name":"eventBus"}}
{"__type":"$$EventMessageNode","id":"33e08a6d-fbb8-4c0a-a44a-cf2ba307bcd2","ts":"2026-09-09T13:24:23.255-04:00","eventName":"n8n.node.started","message":"n8n.node.started","payload":{"workflowId":"fC5E99z5uUn0fKjT","workflowName":"Accisense alert","executionId":"85","nodeType":"n8n-nodes-base.telegram","nodeName":"Send Alert","nodeId":"7c481263-5942-4621-a0e8-799c9e1a6335"}}
{"__type":"$$EventMessageConfirm","confirm":"33e08a6d-fbb8-4c0a-a44a-cf2ba307bcd2","ts":"2026-09-09T13:24:23.256-04:00","source":{"id":"0","name":"eventBus"}}
{"__type":"$$EventMessageNode","id":"0c7a3bc3-0b9a-4280-a372-b4446555442b","ts":"2026-09-09T13:24:23.256-04:00","eventName":"n8n.node.started","message":"n8n.node.started","payload":{"workflowId":"fC5E99z5uUn0fKjT","workflowName":"Accisense alert","executionId":"85","nodeType":"n8n-nodes-base.telegram","nodeName":"Send Alert","nodeId":"7c481263-5942-4621-a0e8-799c9e1a6335"}}
{"__type":"$$EventMessageConfirm","confirm":"0c7a3bc3-0b9a-4280-a372-b4446555442b","ts":"2026-09-09T13:24:23.256-04:00","source":{"id":"0","name":"eventBus"}}
{"__type":"$$EventMessageNode","id":"846ff38c-b56a-4833-b17b-dde40811d9d3","ts":"2026-09-09T13:24:23.257-04:00","eventName":"n8n.node.started","message":"n8n.node.started","payload":{"workflowId":"fC5E99z5uUn0fKjT","workflowName":"Accisense alert","executionId":"85","nodeType":"n8n-nodes-base.telegram","nodeName":"Send Alert","nodeId":"7c481263-5942-4621-a0e8-799c9e1a6335"}}
{"__type":"$$EventMessageConfirm","confirm":"846ff38c-b56a-4833-b17b-dde40811d9d3","ts":"2026-09-09T13:24:23.257-04:00","source":{"id":"0","name":"eventBus"}}
{"__type":"$$EventMessageWorkflow","id":"df144f15-9353-43ef-aa9c-95fe69aef7a7","ts":"2026-09-09T13:24:23.265-04:00","eventName":"n8n.workflow.success","message":"n8n.workflow.success","payload":{"userId":"c17e4e51-fb03-4a49-8690-2eb153d72420","executionId":"85","success":true,"isManual":true,"mode":"manual","workflowId":"fC5E99z5uUn0fKjT","workflowName":"Accisense alert","projectId":"VPeJW2ayhoZgotkV","projectName":"ANURAG SHARMA <anurag.25scse1180671@galgotiasuniversity.ac.in>"}}
{"__type":"$$EventMessageConfirm","confirm":"df144f15-9353-43ef-aa9c-95fe69aef7a7","ts":"2026-09-09T13:24:23.265-04:00","source":{"id":"0","name":"eventBus"}}
{"__type":"$$EventMessageAudit","id":"1e928c9c-8880-488c-8acd-10e15d4e26cc","ts":"2026-09-09T13:24:42.973-04:00","eventName":"n8n.audit.workflow.updated","message":"n8n.audit.workflow.updated","payload":{"userId":"c17e4e51-fb03-4a49-8690-2eb153d72420","_email":"anurag.25scse1180671@galgotiasuniversity.ac.in","_firstName":"ANURAG","_lastName":"SHARMA","globalRole":"global:owner","workflowId":"fC5E99z5uUn0fKjT","workflowName":"Accisense alert"}}
{"__type":"$$EventMessageConfirm","confirm":"1e928c9c-8880-488c-8acd-10e15d4e26cc","ts":"2026-09-09T13:24:42.973-04:00","source":{"id":"0","name":"eventBus"}}
{"__type":"$$EventMessageAudit","id":"1bb5d568-625e-4e4b-9a57-878aa38e60ee","ts":"2026-09-09T13:24:46.501-04:00","eventName":"n8n.audit.workflow.updated","message":"n8n.audit.workflow.updated","payload":{"userId":"c17e4e51-fb03-4a49-8690-2eb153d72420","_email":"anurag.25scse1180671@galgotiasuniversity.ac.in","_firstName":"ANURAG","_lastName":"SHARMA","globalRole":"global:owner","workflowId":"fC5E99z5uUn0fKjT","workflowName":"Accisense alert"}}
{"__type":"$$EventMessageConfirm","confirm":"1bb5d568-625e-4e4b-9a57-878aa38e60ee","ts":"2026-09-09T13:24:46.502-04:00","source":{"id":"0","name":"eventBus"}}
{"__type":"$$EventMessageAudit","id":"e4fcba23-7981-4d3f-8c24-571539a1f41e","ts":"2026-09-09T13:24:48.966-04:00","eventName":"n8n.audit.workflow.updated","message":"n8n.audit.workflow.updated","payload":{"userId":"c17e4e51-fb03-4a49-8690-2eb153d72420","_email":"anurag.25scse1180671@galgotiasuniversity.ac.in","_firstName":"ANURAG","_lastName":"SHARMA","globalRole":"global:owner","workflowId":"fC5E99z5uUn0fKjT","workflowName":"Accisense alert"}}
{"__type":"$$EventMessageConfirm","confirm":"e4fcba23-7981-4d3f-8c24-571539a1f41e","ts":"2026-09-09T13:24:48.966-04:00","source":{"id":"0","name":"eventBus"}}
{"__type":"$$EventMessageAudit","id":"54b04c8b-2e87-48ac-956e-ee675e0de928","ts":"2026-09-09T13:25:03.346-04:00","eventName":"n8n.audit.workflow.updated","message":"n8n.audit.workflow.updated","payload":{"userId":"c17e4e51-fb03-4a49-8690-2eb153d72420","_email":"anurag.25scse1180671@galgotiasuniversity.ac.in","_firstName":"ANURAG","_lastName":"SHARMA","globalRole":"global:owner","workflowId":"fC5E99z5uUn0fKjT","workflowName":"Accisense alert"}}
{"__type":"$$EventMessageConfirm","confirm":"54b04c8b-2e87-48ac-956e-ee675e0de928","ts":"2026-09-09T13:25:03.346-04:00","source":{"id":"0","name":"eventBus"}}
{"__type":"$$EventMessageAudit","id":"22587d1d-2902-4e7d-b3b7-8bcdbbc2db07","ts":"2026-09-09T13:25:06.495-04:00","eventName":"n8n.audit.workflow.updated","message":"n8n.audit.workflow.updated","payload":{"userId":"c17e4e51-fb03-4a49-8690-2eb153d72420","_email":"anurag.25scse1180671@galgotiasuniversity.ac.in","_firstName":"ANURAG","_lastName":"SHARMA","globalRole":"global:owner","workflowId":"fC5E99z5uUn0fKjT","workflowName":"Accisense alert"}}
{"__type":"$$EventMessageConfirm","confirm":"22587d1d-2902-4e7d-b3b7-8bcdbbc2db07","ts":"2026-09-09T13:25:06.495-04:00","source":{"id":"0","name":"eventBus"}}
{"__type":"$$EventMessageAudit","id":"5e01c361-988b-43a2-9fcf-8a4cc5c52ebd","ts":"2026-09-09T13:25:10.179-04:00","eventName":"n8n.audit.workflow.updated","message":"n8n.audit.workflow.updated","payload":{"userId":"c17e4e51-fb03-4a49-8690-2eb153d72420","_email":"anurag.25scse1180671@galgotiasuniversity.ac.in","_firstName":"ANURAG","_lastName":"SHARMA","globalRole":"global:owner","workflowId":"fC5E99z5uUn0fKjT","workflowName":"Accisense alert"}}
{"__type":"$$EventMessageConfirm","confirm":"5e01c361-988b-43a2-9fcf-8a4cc5c52ebd","ts":"2026-09-09T13:25:10.179-04:00","source":{"id":"0","name":"eventBus"}}
{"__type":"$$EventMessageAudit","id":"822f7271-53a4-42fd-b9bf-70d75369cc3e","ts":"2026-09-09T13:25:18.039-04:00","eventName":"n8n.audit.workflow.updated","message":"n8n.audit.workflow.updated","payload":{"userId":"c17e4e51-fb03-4a49-8690-2eb153d72420","_email":"anurag.25scse1180671@galgotiasuniversity.ac.in","_firstName":"ANURAG","_lastName":"SHARMA","globalRole":"global:owner","workflowId":"fC5E99z5uUn0fKjT","workflowName":"Accisense alert"}}
{"__type":"$$EventMessageConfirm","confirm":"822f7271-53a4-42fd-b9bf-70d75369cc3e","ts":"2026-09-09T13:25:18.040-04:00","source":{"id":"0","name":"eventBus"}}
{"__type":"$$EventMessageAudit","id":"acd9f2e5-afb2-49e1-b2b2-d2d1cc6d9a77","ts":"2026-09-09T13:25:27.692-04:00","eventName":"n8n.audit.workflow.updated","message":"n8n.audit.workflow.updated","payload":{"userId":"c17e4e51-fb03-4a49-8690-2eb153d72420","_email":"anurag.25scse1180671@galgotiasuniversity.ac.in","_firstName":"ANURAG","_lastName":"SHARMA","globalRole":"global:owner","workflowId":"fC5E99z5uUn0fKjT","workflowName":"Accisense alert"}}
{"__type":"$$EventMessageConfirm","confirm":"acd9f2e5-afb2-49e1-b2b2-d2d1cc6d9a77","ts":"2026-09-09T13:25:27.692-04:00","source":{"id":"0","name":"eventBus"}}
{"__type":"$$EventMessageAudit","id":"9c5425f7-4b5f-4384-9297-5ecfdf5b41a3","ts":"2026-09-09T13:25:34.444-04:00","eventName":"n8n.audit.workflow.updated","message":"n8n.audit.workflow.updated","payload":{"userId":"c17e4e51-fb03-4a49-8690-2eb153d72420","_email":"anurag.25scse1180671@galgotiasuniversity.ac.in","_firstName":"ANURAG","_lastName":"SHARMA","globalRole":"global:owner","workflowId":"fC5E99z5uUn0fKjT","workflowName":"Accisense alert"}}
{"__type":"$$EventMessageConfirm","confirm":"9c5425f7-4b5f-4384-9297-5ecfdf5b41a3","ts":"2026-09-09T13:25:34.445-04:00","source":{"id":"0","name":"eventBus"}}
{"__type":"$$EventMessageAudit","id":"80f15e94-92a4-4b04-960d-b33b1bfa8fc2","ts":"2026-09-09T13:25:47.468-04:00","eventName":"n8n.audit.workflow.updated","message":"n8n.audit.workflow.updated","payload":{"userId":"c17e4e51-fb03-4a49-8690-2eb153d72420","_email":"anurag.25scse1180671@galgotiasuniversity.ac.in","_firstName":"ANURAG","_lastName":"SHARMA","globalRole":"global:owner","workflowId":"fC5E99z5uUn0fKjT","workflowName":"Accisense alert"}}
{"__type":"$$EventMessageConfirm","confirm":"80f15e94-92a4-4b04-960d-b33b1bfa8fc2","ts":"2026-09-09T13:25:47.468-04:00","source":{"id":"0","name":"eventBus"}}
{"__type":"$$EventMessageAudit","id":"2a9fca43-580d-48e6-aa14-6cf9a4bfbe3e","ts":"2026-09-09T13:25:56.341-04:00","eventName":"n8n.audit.workflow.updated","message":"n8n.audit.workflow.updated","payload":{"userId":"c17e4e51-fb03-4a49-8690-2eb153d72420","_email":"anurag.25scse1180671@galgotiasuniversity.ac.in","_firstName":"ANURAG","_lastName":"SHARMA","globalRole":"global:owner","workflowId":"fC5E99z5uUn0fKjT","workflowName":"Accisense alert"}}
{"__type":"$$EventMessageConfirm","confirm":"2a9fca43-580d-48e6-aa14-6cf9a4bfbe3e","ts":"2026-09-09T13:25:56.341-04:00","source":{"id":"0","name":"eventBus"}}
{"__type":"$$EventMessageAudit","id":"82232425-f946-47c1-9a3b-6c239eed6f46","ts":"2026-09-09T13:26:00.452-04:00","eventName":"n8n.audit.workflow.updated","message":"n8n.audit.workflow.updated","payload":{"userId":"c17e4e51-fb03-4a49-8690-2eb153d72420","_email":"anurag.25scse1180671@galgotiasuniversity.ac.in","_firstName":"ANURAG","_lastName":"SHARMA","globalRole":"global:owner","workflowId":"fC5E99z5uUn0fKjT","workflowName":"Accisense alert"}}
{"__type":"$$EventMessageConfirm","confirm":"82232425-f946-47c1-9a3b-6c239eed6f46","ts":"2026-09-09T13:26:00.452-04:00","source":{"id":"0","name":"eventBus"}}
{"__type":"$$EventMessageAudit","id":"f35f303b-dd2b-4e5b-9b43-166c69910043","ts":"2026-09-09T13:26:06.754-04:00","eventName":"n8n.audit.workflow.updated","message":"n8n.audit.workflow.updated","payload":{"userId":"c17e4e51-fb03-4a49-8690-2eb153d72420","_email":"anurag.25scse1180671@galgotiasuniversity.ac.in","_firstName":"ANURAG","_lastName":"SHARMA","globalRole":"global:owner","workflowId":"fC5E99z5uUn0fKjT","workflowName":"Accisense alert"}}
{"__type":"$$EventMessageConfirm","confirm":"f35f303b-dd2b-4e5b-9b43-166c69910043","ts":"2026-09-09T13:26:06.754-04:00","source":{"id":"0","name":"eventBus"}}
{"__type":"$$EventMessageAudit","id":"41ba06e0-e759-462c-aaf8-fa2949c6de26","ts":"2026-09-09T13:26:16.716-04:00","eventName":"n8n.audit.workflow.updated","message":"n8n.audit.workflow.updated","payload":{"userId":"c17e4e51-fb03-4a49-8690-2eb153d72420","_email":"anurag.25scse1180671@galgotiasuniversity.ac.in","_firstName":"ANURAG","_lastName":"SHARMA","globalRole":"global:owner","workflowId":"fC5E99z5uUn0fKjT","workflowName":"Accisense alert"}}
{"__type":"$$EventMessageConfirm","confirm":"41ba06e0-e759-462c-aaf8-fa2949c6de26","ts":"2026-09-09T13:26:16.717-04:00","source":{"id":"0","name":"eventBus"}}
{"__type":"$$EventMessageAudit","id":"c006ba69-d2fd-4613-a4f0-901bcab5150a","ts":"2026-09-09T13:26:21.013-04:00","eventName":"n8n.audit.workflow.updated","message":"n8n.audit.workflow.updated","payload":{"userId":"c17e4e51-fb03-4a49-8690-2eb153d72420","_email":"anurag.25scse1180671@galgotiasuniversity.ac.in","_firstName":"ANURAG","_lastName":"SHARMA","globalRole":"global:owner","workflowId":"fC5E99z5uUn0fKjT","workflowName":"Accisense alert"}}
{"__type":"$$EventMessageConfirm","confirm":"c006ba69-d2fd-4613-a4f0-901bcab5150a","ts":"2026-09-09T13:26:21.013-04:00","source":{"id":"0","name":"eventBus"}}
{"__type":"$$EventMessageAudit","id":"51f747da-c4fd-46d9-bddc-ad930805172c","ts":"2026-09-09T13:26:28.528-04:00","eventName":"n8n.audit.workflow.updated","message":"n8n.audit.workflow.updated","payload":{"userId":"c17e4e51-fb03-4a49-8690-2eb153d72420","_email":"anurag.25scse1180671@galgotiasuniversity.ac.in","_firstName":"ANURAG","_lastName":"SHARMA","globalRole":"global:owner","workflowId":"fC5E99z5uUn0fKjT","workflowName":"Accisense alert"}}
{"__type":"$$EventMessageConfirm","confirm":"51f747da-c4fd-46d9-bddc-ad930805172c","ts":"2026-09-09T13:26:28.528-04:00","source":{"id":"0","name":"eventBus"}}
{"__type":"$$EventMessageAudit","id":"6e9d5269-e19a-4e95-8ee8-aee9f1bfcebd","ts":"2026-09-09T13:26:34.680-04:00","eventName":"n8n.audit.workflow.updated","message":"n8n.audit.workflow.updated","payload":{"userId":"c17e4e51-fb03-4a49-8690-2eb153d72420","_email":"anurag.25scse1180671@galgotiasuniversity.ac.in","_firstName":"ANURAG","_lastName":"SHARMA","globalRole":"global:owner","workflowId":"fC5E99z5uUn0fKjT","workflowName":"Accisense alert"}}
{"__type":"$$EventMessageConfirm","confirm":"6e9d5269-e19a-4e95-8ee8-aee9f1bfcebd","ts":"2026-09-09T13:26:34.680-04:00","source":{"id":"0","name":"eventBus"}}
{"__type":"$$EventMessageAudit","id":"0c108458-d233-4040-b029-73964814400f","ts":"2026-09-09T13:26:39.599-04:00","eventName":"n8n.audit.workflow.updated","message":"n8n.audit.workflow.updated","payload":{"userId":"c17e4e51-fb03-4a49-8690-2eb153d72420","_email":"anurag.25scse1180671@galgotiasuniversity.ac.in","_firstName":"ANURAG","_lastName":"SHARMA","globalRole":"global:owner","workflowId":"fC5E99z5uUn0fKjT","workflowName":"Accisense alert"}}
{"__type":"$$EventMessageConfirm","confirm":"0c108458-d233-4040-b029-73964814400f","ts":"2026-09-09T13:26:39.599-04:00","source":{"id":"0","name":"eventBus"}}
{"__type":"$$EventMessageAudit","id":"9252741d-e229-4582-9ba0-9b5d30d20086","ts":"2026-09-09T13:26:48.418-04:00","eventName":"n8n.audit.workflow.executed","message":"n8n.audit.workflow.executed","payload":{"userId":"c17e4e51-fb03-4a49-8690-2eb153d72420","_email":"anurag.25scse1180671@galgotiasuniversity.ac.in","_firstName":"ANURAG","_lastName":"SHARMA","globalRole":"global:owner","workflowId":"fC5E99z5uUn0fKjT","workflowName":"Accisense alert","executionId":"86","projectId":"VPeJW2ayhoZgotkV","projectName":"ANURAG SHARMA <anurag.25scse1180671@galgotiasuniversity.ac.in>","source":"user-manual"}}
{"__type":"$$EventMessageConfirm","confirm":"9252741d-e229-4582-9ba0-9b5d30d20086","ts":"2026-09-09T13:26:48.419-04:00","source":{"id":"0","name":"eventBus"}}
{"__type":"$$EventMessageWorkflow","id":"afad89cd-30c3-48cb-ad2a-9671e807e9ab","ts":"2026-09-09T13:26:48.420-04:00","eventName":"n8n.workflow.started","message":"n8n.workflow.started","payload":{"executionId":"86","workflowId":"fC5E99z5uUn0fKjT","isManual":false,"mode":"manual","workflowName":"Accisense alert","projectId":"VPeJW2ayhoZgotkV","projectName":"ANURAG SHARMA <anurag.25scse1180671@galgotiasuniversity.ac.in>"}}
{"__type":"$$EventMessageConfirm","confirm":"afad89cd-30c3-48cb-ad2a-9671e807e9ab","ts":"2026-09-09T13:26:48.420-04:00","source":{"id":"0","name":"eventBus"}}
{"__type":"$$EventMessageNode","id":"107bca62-70c9-43e3-b316-1ff564e05c17","ts":"2026-09-09T13:26:48.457-04:00","eventName":"n8n.node.started","message":"n8n.node.started","payload":{"workflowId":"fC5E99z5uUn0fKjT","workflowName":"Accisense alert","executionId":"86","nodeType":"n8n-nodes-base.emailSend","nodeName":"Email Alert","nodeId":"b06fa8c2-4829-4d6b-9a53-f05489bebd09"}}
{"__type":"$$EventMessageConfirm","confirm":"107bca62-70c9-43e3-b316-1ff564e05c17","ts":"2026-09-09T13:26:48.458-04:00","source":{"id":"0","name":"eventBus"}}
{"__type":"$$EventMessageNode","id":"8ab8b86e-69ab-4445-9225-ed9a51c0f58d","ts":"2026-09-09T13:26:53.118-04:00","eventName":"n8n.node.finished","message":"n8n.node.finished","payload":{"workflowId":"fC5E99z5uUn0fKjT","workflowName":"Accisense alert","executionId":"86","nodeType":"n8n-nodes-base.emailSend","nodeName":"Email Alert","nodeId":"b06fa8c2-4829-4d6b-9a53-f05489bebd09"}}
{"__type":"$$EventMessageConfirm","confirm":"8ab8b86e-69ab-4445-9225-ed9a51c0f58d","ts":"2026-09-09T13:26:53.118-04:00","source":{"id":"0","name":"eventBus"}}
{"__type":"$$EventMessageNode","id":"47d77591-076c-4228-aa14-99c4522cc04d","ts":"2026-09-09T13:26:53.122-04:00","eventName":"n8n.node.started","message":"n8n.node.started","payload":{"workflowId":"fC5E99z5uUn0fKjT","workflowName":"Accisense alert","executionId":"86","nodeType":"n8n-nodes-base.emailSend","nodeName":"Email Alert","nodeId":"b06fa8c2-4829-4d6b-9a53-f05489bebd09"}}
{"__type":"$$EventMessageConfirm","confirm":"47d77591-076c-4228-aa14-99c4522cc04d","ts":"2026-09-09T13:26:53.122-04:00","source":{"id":"0","name":"eventBus"}}
{"__type":"$$EventMessageWorkflow","id":"83583cf7-a8ef-43b4-9d01-192adfb98ef3","ts":"2026-09-09T13:26:53.136-04:00","eventName":"n8n.workflow.success","message":"n8n.workflow.success","payload":{"userId":"c17e4e51-fb03-4a49-8690-2eb153d72420","executionId":"86","success":true,"isManual":true,"mode":"manual","workflowId":"fC5E99z5uUn0fKjT","workflowName":"Accisense alert","projectId":"VPeJW2ayhoZgotkV","projectName":"ANURAG SHARMA <anurag.25scse1180671@galgotiasuniversity.ac.in>"}}
{"__type":"$$EventMessageConfirm","confirm":"83583cf7-a8ef-43b4-9d01-192adfb98ef3","ts":"2026-09-09T13:26:53.136-04:00","source":{"id":"0","name":"eventBus"}}
{"__type":"$$EventMessageAudit","id":"2b596bb4-df9d-465e-a375-852d04f1e0c5","ts":"2026-09-09T14:33:59.058-04:00","eventName":"n8n.audit.user.credentials.created","message":"n8n.audit.user.credentials.created","payload":{"userId":"c17e4e51-fb03-4a49-8690-2eb153d72420","_email":"anurag.25scse1180671@galgotiasuniversity.ac.in","_firstName":"ANURAG","_lastName":"SHARMA","globalRole":"global:owner","credentialType":"twilioApi","credentialId":"2MEHTmTHBAJBfmMQ","publicApi":false,"projectId":"VPeJW2ayhoZgotkV","projectType":"personal","isDynamic":false,"usesExternalSecrets":false,"jweEnabled":false,"supportsManagedAuth":false,"usesManagedAuth":false}}
{"__type":"$$EventMessageConfirm","confirm":"2b596bb4-df9d-465e-a375-852d04f1e0c5","ts":"2026-09-09T14:33:59.059-04:00","source":{"id":"0","name":"eventBus"}}
{"__type":"$$EventMessageAudit","id":"bbd04a25-8412-4ee4-8eae-11e05e581689","ts":"2026-09-09T14:36:04.124-04:00","eventName":"n8n.audit.workflow.created","message":"n8n.audit.workflow.created","payload":{"userId":"c17e4e51-fb03-4a49-8690-2eb153d72420","_email":"anurag.25scse1180671@galgotiasuniversity.ac.in","_firstName":"ANURAG","_lastName":"SHARMA","globalRole":"global:owner","workflowId":"iWPonjddLPOnXZP9","workflowName":"My workflow"}}
{"__type":"$$EventMessageConfirm","confirm":"bbd04a25-8412-4ee4-8eae-11e05e581689","ts":"2026-09-09T14:36:04.124-04:00","source":{"id":"0","name":"eventBus"}}
{"__type":"$$EventMessageAudit","id":"63edeb27-a913-4412-bee1-e71219d9d525","ts":"2026-09-09T14:36:24.693-04:00","eventName":"n8n.audit.workflow.updated","message":"n8n.audit.workflow.updated","payload":{"userId":"c17e4e51-fb03-4a49-8690-2eb153d72420","_email":"anurag.25scse1180671@galgotiasuniversity.ac.in","_firstName":"ANURAG","_lastName":"SHARMA","globalRole":"global:owner","workflowId":"iWPonjddLPOnXZP9","workflowName":"My workflow"}}
{"__type":"$$EventMessageConfirm","confirm":"63edeb27-a913-4412-bee1-e71219d9d525","ts":"2026-09-09T14:36:24.693-04:00","source":{"id":"0","name":"eventBus"}}
{"__type":"$$EventMessageAudit","id":"7bade7ad-3646-4b85-a0d0-734bd0f53c89","ts":"2026-09-09T14:36:28.930-04:00","eventName":"n8n.audit.workflow.updated","message":"n8n.audit.workflow.updated","payload":{"userId":"c17e4e51-fb03-4a49-8690-2eb153d72420","_email":"anurag.25scse1180671@galgotiasuniversity.ac.in","_firstName":"ANURAG","_lastName":"SHARMA","globalRole":"global:owner","workflowId":"iWPonjddLPOnXZP9","workflowName":"My workflow"}}
{"__type":"$$EventMessageConfirm","confirm":"7bade7ad-3646-4b85-a0d0-734bd0f53c89","ts":"2026-09-09T14:36:28.931-04:00","source":{"id":"0","name":"eventBus"}}
{"__type":"$$EventMessageAudit","id":"b19513b2-298c-466c-bc8f-bde4c29b5d23","ts":"2026-09-09T14:36:40.769-04:00","eventName":"n8n.audit.workflow.updated","message":"n8n.audit.workflow.updated","payload":{"userId":"c17e4e51-fb03-4a49-8690-2eb153d72420","_email":"anurag.25scse1180671@galgotiasuniversity.ac.in","_firstName":"ANURAG","_lastName":"SHARMA","globalRole":"global:owner","workflowId":"iWPonjddLPOnXZP9","workflowName":"My workflow"}}
{"__type":"$$EventMessageConfirm","confirm":"b19513b2-298c-466c-bc8f-bde4c29b5d23","ts":"2026-09-09T14:36:40.769-04:00","source":{"id":"0","name":"eventBus"}}
{"__type":"$$EventMessageAudit","id":"2f02c43f-3c2e-46a8-9f74-41c86d4d8329","ts":"2026-09-09T14:36:46.321-04:00","eventName":"n8n.audit.workflow.updated","message":"n8n.audit.workflow.updated","payload":{"userId":"c17e4e51-fb03-4a49-8690-2eb153d72420","_email":"anurag.25scse1180671@galgotiasuniversity.ac.in","_firstName":"ANURAG","_lastName":"SHARMA","globalRole":"global:owner","workflowId":"iWPonjddLPOnXZP9","workflowName":"My workflow"}}
{"__type":"$$EventMessageConfirm","confirm":"2f02c43f-3c2e-46a8-9f74-41c86d4d8329","ts":"2026-09-09T14:36:46.321-04:00","source":{"id":"0","name":"eventBus"}}
{"__type":"$$EventMessageAudit","id":"c2e79f4e-aa05-4b36-af85-4ff7ef1d63ef","ts":"2026-09-09T14:36:50.335-04:00","eventName":"n8n.audit.workflow.updated","message":"n8n.audit.workflow.updated","payload":{"userId":"c17e4e51-fb03-4a49-8690-2eb153d72420","_email":"anurag.25scse1180671@galgotiasuniversity.ac.in","_firstName":"ANURAG","_lastName":"SHARMA","globalRole":"global:owner","workflowId":"iWPonjddLPOnXZP9","workflowName":"My workflow"}}
{"__type":"$$EventMessageConfirm","confirm":"c2e79f4e-aa05-4b36-af85-4ff7ef1d63ef","ts":"2026-09-09T14:36:50.335-04:00","source":{"id":"0","name":"eventBus"}}
{"__type":"$$EventMessageAudit","id":"ba8b3f3f-5306-48d1-88aa-92703950a95e","ts":"2026-09-09T14:37:15.179-04:00","eventName":"n8n.audit.workflow.updated","message":"n8n.audit.workflow.updated","payload":{"userId":"c17e4e51-fb03-4a49-8690-2eb153d72420","_email":"anurag.25scse1180671@galgotiasuniversity.ac.in","_firstName":"ANURAG","_lastName":"SHARMA","globalRole":"global:owner","workflowId":"iWPonjddLPOnXZP9","workflowName":"My workflow"}}
{"__type":"$$EventMessageConfirm","confirm":"ba8b3f3f-5306-48d1-88aa-92703950a95e","ts":"2026-09-09T14:37:15.179-04:00","source":{"id":"0","name":"eventBus"}}
{"__type":"$$EventMessageAudit","id":"a35f0cb3-d02f-4d6a-8936-ba48d9b5de1d","ts":"2026-09-09T14:37:17.532-04:00","eventName":"n8n.audit.workflow.updated","message":"n8n.audit.workflow.updated","payload":{"userId":"c17e4e51-fb03-4a49-8690-2eb153d72420","_email":"anurag.25scse1180671@galgotiasuniversity.ac.in","_firstName":"ANURAG","_lastName":"SHARMA","globalRole":"global:owner","workflowId":"iWPonjddLPOnXZP9","workflowName":"My workflow"}}
{"__type":"$$EventMessageConfirm","confirm":"a35f0cb3-d02f-4d6a-8936-ba48d9b5de1d","ts":"2026-09-09T14:37:17.532-04:00","source":{"id":"0","name":"eventBus"}}
{"__type":"$$EventMessageAudit","id":"90634a94-41f1-47ad-b733-405478f9d309","ts":"2026-09-09T14:37:20.459-04:00","eventName":"n8n.audit.workflow.updated","message":"n8n.audit.workflow.updated","payload":{"userId":"c17e4e51-fb03-4a49-8690-2eb153d72420","_email":"anurag.25scse1180671@galgotiasuniversity.ac.in","_firstName":"ANURAG","_lastName":"SHARMA","globalRole":"global:owner","workflowId":"iWPonjddLPOnXZP9","workflowName":"My workflow"}}
{"__type":"$$EventMessageConfirm","confirm":"90634a94-41f1-47ad-b733-405478f9d309","ts":"2026-09-09T14:37:20.459-04:00","source":{"id":"0","name":"eventBus"}}
{"__type":"$$EventMessageAudit","id":"8d8b8fd9-03c3-45a5-b82e-fad5c78f8b99","ts":"2026-09-09T14:37:24.516-04:00","eventName":"n8n.audit.workflow.updated","message":"n8n.audit.workflow.updated","payload":{"userId":"c17e4e51-fb03-4a49-8690-2eb153d72420","_email":"anurag.25scse1180671@galgotiasuniversity.ac.in","_firstName":"ANURAG","_lastName":"SHARMA","globalRole":"global:owner","workflowId":"iWPonjddLPOnXZP9","workflowName":"My workflow"}}
{"__type":"$$EventMessageConfirm","confirm":"8d8b8fd9-03c3-45a5-b82e-fad5c78f8b99","ts":"2026-09-09T14:37:24.516-04:00","source":{"id":"0","name":"eventBus"}}
{"__type":"$$EventMessageAudit","id":"c8235798-7b99-4d59-a7aa-a986731a6b22","ts":"2026-09-09T14:37:27.144-04:00","eventName":"n8n.audit.workflow.updated","message":"n8n.audit.workflow.updated","payload":{"userId":"c17e4e51-fb03-4a49-8690-2eb153d72420","_email":"anurag.25scse1180671@galgotiasuniversity.ac.in","_firstName":"ANURAG","_lastName":"SHARMA","globalRole":"global:owner","workflowId":"iWPonjddLPOnXZP9","workflowName":"My workflow"}}
{"__type":"$$EventMessageConfirm","confirm":"c8235798-7b99-4d59-a7aa-a986731a6b22","ts":"2026-09-09T14:37:27.144-04:00","source":{"id":"0","name":"eventBus"}}
{"__type":"$$EventMessageAudit","id":"dfc89b74-62f0-4991-8d4d-ed79b3a0412a","ts":"2026-09-09T14:37:31.775-04:00","eventName":"n8n.audit.workflow.updated","message":"n8n.audit.workflow.updated","payload":{"userId":"c17e4e51-fb03-4a49-8690-2eb153d72420","_email":"anurag.25scse1180671@galgotiasuniversity.ac.in","_firstName":"ANURAG","_lastName":"SHARMA","globalRole":"global:owner","workflowId":"iWPonjddLPOnXZP9","workflowName":"My workflow"}}
{"__type":"$$EventMessageConfirm","confirm":"dfc89b74-62f0-4991-8d4d-ed79b3a0412a","ts":"2026-09-09T14:37:31.775-04:00","source":{"id":"0","name":"eventBus"}}
{"__type":"$$EventMessageAudit","id":"5e2c876c-91a6-41dd-9492-05d279acc155","ts":"2026-09-09T14:37:35.052-04:00","eventName":"n8n.audit.workflow.updated","message":"n8n.audit.workflow.updated","payload":{"userId":"c17e4e51-fb03-4a49-8690-2eb153d72420","_email":"anurag.25scse1180671@galgotiasuniversity.ac.in","_firstName":"ANURAG","_lastName":"SHARMA","globalRole":"global:owner","workflowId":"iWPonjddLPOnXZP9","workflowName":"My workflow"}}
{"__type":"$$EventMessageConfirm","confirm":"5e2c876c-91a6-41dd-9492-05d279acc155","ts":"2026-09-09T14:37:35.052-04:00","source":{"id":"0","name":"eventBus"}}
{"__type":"$$EventMessageAudit","id":"d5f9ee03-b9f5-4fc4-ac69-4b70b6c8756c","ts":"2026-09-09T14:37:49.749-04:00","eventName":"n8n.audit.workflow.updated","message":"n8n.audit.workflow.updated","payload":{"userId":"c17e4e51-fb03-4a49-8690-2eb153d72420","_email":"anurag.25scse1180671@galgotiasuniversity.ac.in","_firstName":"ANURAG","_lastName":"SHARMA","globalRole":"global:owner","workflowId":"iWPonjddLPOnXZP9","workflowName":"My workflow"}}
{"__type":"$$EventMessageConfirm","confirm":"d5f9ee03-b9f5-4fc4-ac69-4b70b6c8756c","ts":"2026-09-09T14:37:49.749-04:00","source":{"id":"0","name":"eventBus"}}
{"__type":"$$EventMessageAudit","id":"7a1fedd1-80d6-40cb-87e7-86c926ed2cf8","ts":"2026-09-09T14:37:53.184-04:00","eventName":"n8n.audit.workflow.updated","message":"n8n.audit.workflow.updated","payload":{"userId":"c17e4e51-fb03-4a49-8690-2eb153d72420","_email":"anurag.25scse1180671@galgotiasuniversity.ac.in","_firstName":"ANURAG","_lastName":"SHARMA","globalRole":"global:owner","workflowId":"iWPonjddLPOnXZP9","workflowName":"My workflow"}}
{"__type":"$$EventMessageConfirm","confirm":"7a1fedd1-80d6-40cb-87e7-86c926ed2cf8","ts":"2026-09-09T14:37:53.184-04:00","source":{"id":"0","name":"eventBus"}}
{"__type":"$$EventMessageAudit","id":"e2841375-463c-4304-8bec-74e63ca07cde","ts":"2026-09-09T14:37:57.248-04:00","eventName":"n8n.audit.workflow.updated","message":"n8n.audit.workflow.updated","payload":{"userId":"c17e4e51-fb03-4a49-8690-2eb153d72420","_email":"anurag.25scse1180671@galgotiasuniversity.ac.in","_firstName":"ANURAG","_lastName":"SHARMA","globalRole":"global:owner","workflowId":"iWPonjddLPOnXZP9","workflowName":"My workflow"}}
{"__type":"$$EventMessageConfirm","confirm":"e2841375-463c-4304-8bec-74e63ca07cde","ts":"2026-09-09T14:37:57.248-04:00","source":{"id":"0","name":"eventBus"}}
{"__type":"$$EventMessageAudit","id":"86102c67-92f8-499e-9bde-ff1223ea1a9e","ts":"2026-09-09T14:38:01.436-04:00","eventName":"n8n.audit.workflow.updated","message":"n8n.audit.workflow.updated","payload":{"userId":"c17e4e51-fb03-4a49-8690-2eb153d72420","_email":"anurag.25scse1180671@galgotiasuniversity.ac.in","_firstName":"ANURAG","_lastName":"SHARMA","globalRole":"global:owner","workflowId":"iWPonjddLPOnXZP9","workflowName":"My workflow"}}
{"__type":"$$EventMessageConfirm","confirm":"86102c67-92f8-499e-9bde-ff1223ea1a9e","ts":"2026-09-09T14:38:01.436-04:00","source":{"id":"0","name":"eventBus"}}
{"__type":"$$EventMessageAudit","id":"8b055e00-753f-4548-a0ca-ddbe8ed83ca7","ts":"2026-09-09T14:38:42.272-04:00","eventName":"n8n.audit.workflow.updated","message":"n8n.audit.workflow.updated","payload":{"userId":"c17e4e51-fb03-4a49-8690-2eb153d72420","_email":"anurag.25scse1180671@galgotiasuniversity.ac.in","_firstName":"ANURAG","_lastName":"SHARMA","globalRole":"global:owner","workflowId":"iWPonjddLPOnXZP9","workflowName":"My workflow"}}
{"__type":"$$EventMessageConfirm","confirm":"8b055e00-753f-4548-a0ca-ddbe8ed83ca7","ts":"2026-09-09T14:38:42.272-04:00","source":{"id":"0","name":"eventBus"}}
{"__type":"$$EventMessageAudit","id":"6a6e1880-af65-49a7-9cac-359f5019717e","ts":"2026-09-09T14:38:45.860-04:00","eventName":"n8n.audit.workflow.updated","message":"n8n.audit.workflow.updated","payload":{"userId":"c17e4e51-fb03-4a49-8690-2eb153d72420","_email":"anurag.25scse1180671@galgotiasuniversity.ac.in","_firstName":"ANURAG","_lastName":"SHARMA","globalRole":"global:owner","workflowId":"iWPonjddLPOnXZP9","workflowName":"My workflow"}}
{"__type":"$$EventMessageConfirm","confirm":"6a6e1880-af65-49a7-9cac-359f5019717e","ts":"2026-09-09T14:38:45.860-04:00","source":{"id":"0","name":"eventBus"}}
{"__type":"$$EventMessageAudit","id":"3d9dffc3-83fd-409a-a0d8-9321413703f1","ts":"2026-09-09T14:39:21.532-04:00","eventName":"n8n.audit.user.credentials.created","message":"n8n.audit.user.credentials.created","payload":{"userId":"c17e4e51-fb03-4a49-8690-2eb153d72420","_email":"anurag.25scse1180671@galgotiasuniversity.ac.in","_firstName":"ANURAG","_lastName":"SHARMA","globalRole":"global:owner","credentialType":"httpBasicAuth","credentialId":"mbKQ3JASs8njTRnW","publicApi":false,"projectId":"VPeJW2ayhoZgotkV","projectType":"personal","isDynamic":false,"usesExternalSecrets":false,"jweEnabled":false,"supportsManagedAuth":false,"usesManagedAuth":false}}
{"__type":"$$EventMessageConfirm","confirm":"3d9dffc3-83fd-409a-a0d8-9321413703f1","ts":"2026-09-09T14:39:21.532-04:00","source":{"id":"0","name":"eventBus"}}
{"__type":"$$EventMessageAudit","id":"5496a7a5-b9c4-42bf-865b-4463a4b68fbd","ts":"2026-09-09T14:39:23.403-04:00","eventName":"n8n.audit.workflow.updated","message":"n8n.audit.workflow.updated","payload":{"userId":"c17e4e51-fb03-4a49-8690-2eb153d72420","_email":"anurag.25scse1180671@galgotiasuniversity.ac.in","_firstName":"ANURAG","_lastName":"SHARMA","globalRole":"global:owner","workflowId":"iWPonjddLPOnXZP9","workflowName":"My workflow"}}
{"__type":"$$EventMessageConfirm","confirm":"5496a7a5-b9c4-42bf-865b-4463a4b68fbd","ts":"2026-09-09T14:39:23.403-04:00","source":{"id":"0","name":"eventBus"}}
{"__type":"$$EventMessageAudit","id":"44f7c4ba-87f7-46fe-8205-da6eb8fb81d7","ts":"2026-09-09T14:39:47.335-04:00","eventName":"n8n.audit.user.credentials.updated","message":"n8n.audit.user.credentials.updated","payload":{"userId":"c17e4e51-fb03-4a49-8690-2eb153d72420","_email":"anurag.25scse1180671@galgotiasuniversity.ac.in","_firstName":"ANURAG","_lastName":"SHARMA","globalRole":"global:owner","credentialType":"httpBasicAuth","credentialId":"mbKQ3JASs8njTRnW","isDynamic":false,"usesExternalSecrets":false,"jweEnabled":false,"supportsManagedAuth":false,"usesManagedAuth":false}}
{"__type":"$$EventMessageConfirm","confirm":"44f7c4ba-87f7-46fe-8205-da6eb8fb81d7","ts":"2026-09-09T14:39:47.335-04:00","source":{"id":"0","name":"eventBus"}}
{"__type":"$$EventMessageAudit","id":"8f56eab3-f294-4e5f-8160-2ee34a94f508","ts":"2026-09-09T14:39:49.163-04:00","eventName":"n8n.audit.workflow.updated","message":"n8n.audit.workflow.updated","payload":{"userId":"c17e4e51-fb03-4a49-8690-2eb153d72420","_email":"anurag.25scse1180671@galgotiasuniversity.ac.in","_firstName":"ANURAG","_lastName":"SHARMA","globalRole":"global:owner","workflowId":"iWPonjddLPOnXZP9","workflowName":"My workflow"}}
{"__type":"$$EventMessageConfirm","confirm":"8f56eab3-f294-4e5f-8160-2ee34a94f508","ts":"2026-09-09T14:39:49.163-04:00","source":{"id":"0","name":"eventBus"}}
{"__type":"$$EventMessageAudit","id":"e8177ca3-89b7-4b4b-85ac-a9be6e29b500","ts":"2026-09-09T14:40:01.085-04:00","eventName":"n8n.audit.workflow.updated","message":"n8n.audit.workflow.updated","payload":{"userId":"c17e4e51-fb03-4a49-8690-2eb153d72420","_email":"anurag.25scse1180671@galgotiasuniversity.ac.in","_firstName":"ANURAG","_lastName":"SHARMA","globalRole":"global:owner","workflowId":"iWPonjddLPOnXZP9","workflowName":"My workflow"}}
{"__type":"$$EventMessageConfirm","confirm":"e8177ca3-89b7-4b4b-85ac-a9be6e29b500","ts":"2026-09-09T14:40:01.085-04:00","source":{"id":"0","name":"eventBus"}}
{"__type":"$$EventMessageAudit","id":"f756d57a-4aea-4364-a33a-4c5c90c1b417","ts":"2026-09-09T14:40:12.060-04:00","eventName":"n8n.audit.workflow.updated","message":"n8n.audit.workflow.updated","payload":{"userId":"c17e4e51-fb03-4a49-8690-2eb153d72420","_email":"anurag.25scse1180671@galgotiasuniversity.ac.in","_firstName":"ANURAG","_lastName":"SHARMA","globalRole":"global:owner","workflowId":"iWPonjddLPOnXZP9","workflowName":"My workflow"}}
{"__type":"$$EventMessageConfirm","confirm":"f756d57a-4aea-4364-a33a-4c5c90c1b417","ts":"2026-09-09T14:40:12.061-04:00","source":{"id":"0","name":"eventBus"}}
{"__type":"$$EventMessageAudit","id":"51d2b52d-c5de-4d51-b14f-ec6546acd3a3","ts":"2026-09-09T14:40:21.921-04:00","eventName":"n8n.audit.workflow.updated","message":"n8n.audit.workflow.updated","payload":{"userId":"c17e4e51-fb03-4a49-8690-2eb153d72420","_email":"anurag.25scse1180671@galgotiasuniversity.ac.in","_firstName":"ANURAG","_lastName":"SHARMA","globalRole":"global:owner","workflowId":"iWPonjddLPOnXZP9","workflowName":"My workflow"}}
{"__type":"$$EventMessageConfirm","confirm":"51d2b52d-c5de-4d51-b14f-ec6546acd3a3","ts":"2026-09-09T14:40:21.921-04:00","source":{"id":"0","name":"eventBus"}}
{"__type":"$$EventMessageAudit","id":"fcfeac1b-84d9-400f-94de-ab1b0fa44ddc","ts":"2026-09-09T14:40:24.777-04:00","eventName":"n8n.audit.workflow.updated","message":"n8n.audit.workflow.updated","payload":{"userId":"c17e4e51-fb03-4a49-8690-2eb153d72420","_email":"anurag.25scse1180671@galgotiasuniversity.ac.in","_firstName":"ANURAG","_lastName":"SHARMA","globalRole":"global:owner","workflowId":"iWPonjddLPOnXZP9","workflowName":"My workflow"}}
{"__type":"$$EventMessageConfirm","confirm":"fcfeac1b-84d9-400f-94de-ab1b0fa44ddc","ts":"2026-09-09T14:40:24.778-04:00","source":{"id":"0","name":"eventBus"}}
{"__type":"$$EventMessageAudit","id":"8b194390-0d2a-4356-b40f-92720b490aa3","ts":"2026-09-09T14:40:40.447-04:00","eventName":"n8n.audit.workflow.updated","message":"n8n.audit.workflow.updated","payload":{"userId":"c17e4e51-fb03-4a49-8690-2eb153d72420","_email":"anurag.25scse1180671@galgotiasuniversity.ac.in","_firstName":"ANURAG","_lastName":"SHARMA","globalRole":"global:owner","workflowId":"iWPonjddLPOnXZP9","workflowName":"My workflow"}}
{"__type":"$$EventMessageConfirm","confirm":"8b194390-0d2a-4356-b40f-92720b490aa3","ts":"2026-09-09T14:40:40.447-04:00","source":{"id":"0","name":"eventBus"}}
{"__type":"$$EventMessageAudit","id":"6d73d207-6711-40ea-9625-514f0ac877a8","ts":"2026-09-09T14:40:44.526-04:00","eventName":"n8n.audit.workflow.updated","message":"n8n.audit.workflow.updated","payload":{"userId":"c17e4e51-fb03-4a49-8690-2eb153d72420","_email":"anurag.25scse1180671@galgotiasuniversity.ac.in","_firstName":"ANURAG","_lastName":"SHARMA","globalRole":"global:owner","workflowId":"iWPonjddLPOnXZP9","workflowName":"My workflow"}}
{"__type":"$$EventMessageConfirm","confirm":"6d73d207-6711-40ea-9625-514f0ac877a8","ts":"2026-09-09T14:40:44.526-04:00","source":{"id":"0","name":"eventBus"}}
{"__type":"$$EventMessageAudit","id":"cc1f5384-87bc-4a29-9760-342af48e17d0","ts":"2026-09-09T14:40:47.806-04:00","eventName":"n8n.audit.workflow.updated","message":"n8n.audit.workflow.updated","payload":{"userId":"c17e4e51-fb03-4a49-8690-2eb153d72420","_email":"anurag.25scse1180671@galgotiasuniversity.ac.in","_firstName":"ANURAG","_lastName":"SHARMA","globalRole":"global:owner","workflowId":"iWPonjddLPOnXZP9","workflowName":"My workflow"}}
{"__type":"$$EventMessageConfirm","confirm":"cc1f5384-87bc-4a29-9760-342af48e17d0","ts":"2026-09-09T14:40:47.806-04:00","source":{"id":"0","name":"eventBus"}}
{"__type":"$$EventMessageAudit","id":"e396fc7c-1236-4587-acb6-8b12561bdde4","ts":"2026-09-09T14:41:09.915-04:00","eventName":"n8n.audit.workflow.updated","message":"n8n.audit.workflow.updated","payload":{"userId":"c17e4e51-fb03-4a49-8690-2eb153d72420","_email":"anurag.25scse1180671@galgotiasuniversity.ac.in","_firstName":"ANURAG","_lastName":"SHARMA","globalRole":"global:owner","workflowId":"iWPonjddLPOnXZP9","workflowName":"My workflow"}}
{"__type":"$$EventMessageConfirm","confirm":"e396fc7c-1236-4587-acb6-8b12561bdde4","ts":"2026-09-09T14:41:09.916-04:00","source":{"id":"0","name":"eventBus"}}
{"__type":"$$EventMessageAudit","id":"32da456c-170a-41d2-9da5-1784e6e84d8c","ts":"2026-09-09T14:41:18.274-04:00","eventName":"n8n.audit.workflow.updated","message":"n8n.audit.workflow.updated","payload":{"userId":"c17e4e51-fb03-4a49-8690-2eb153d72420","_email":"anurag.25scse1180671@galgotiasuniversity.ac.in","_firstName":"ANURAG","_lastName":"SHARMA","globalRole":"global:owner","workflowId":"iWPonjddLPOnXZP9","workflowName":"My workflow"}}
{"__type":"$$EventMessageConfirm","confirm":"32da456c-170a-41d2-9da5-1784e6e84d8c","ts":"2026-09-09T14:41:18.275-04:00","source":{"id":"0","name":"eventBus"}}
{"__type":"$$EventMessageAudit","id":"b4437eff-3085-4929-a126-d06044c87881","ts":"2026-09-09T14:41:24.141-04:00","eventName":"n8n.audit.workflow.updated","message":"n8n.audit.workflow.updated","payload":{"userId":"c17e4e51-fb03-4a49-8690-2eb153d72420","_email":"anurag.25scse1180671@galgotiasuniversity.ac.in","_firstName":"ANURAG","_lastName":"SHARMA","globalRole":"global:owner","workflowId":"iWPonjddLPOnXZP9","workflowName":"My workflow"}}
{"__type":"$$EventMessageConfirm","confirm":"b4437eff-3085-4929-a126-d06044c87881","ts":"2026-09-09T14:41:24.141-04:00","source":{"id":"0","name":"eventBus"}}
{"__type":"$$EventMessageAudit","id":"46b3bfca-cd63-4dd3-872f-2f3ce61668f2","ts":"2026-09-09T14:41:30.510-04:00","eventName":"n8n.audit.workflow.updated","message":"n8n.audit.workflow.updated","payload":{"userId":"c17e4e51-fb03-4a49-8690-2eb153d72420","_email":"anurag.25scse1180671@galgotiasuniversity.ac.in","_firstName":"ANURAG","_lastName":"SHARMA","globalRole":"global:owner","workflowId":"iWPonjddLPOnXZP9","workflowName":"My workflow"}}
{"__type":"$$EventMessageConfirm","confirm":"46b3bfca-cd63-4dd3-872f-2f3ce61668f2","ts":"2026-09-09T14:41:30.510-04:00","source":{"id":"0","name":"eventBus"}}
{"__type":"$$EventMessageAudit","id":"8db30daa-43b7-45b4-abb9-6bce4f46b6c9","ts":"2026-09-09T14:41:40.035-04:00","eventName":"n8n.audit.workflow.updated","message":"n8n.audit.workflow.updated","payload":{"userId":"c17e4e51-fb03-4a49-8690-2eb153d72420","_email":"anurag.25scse1180671@galgotiasuniversity.ac.in","_firstName":"ANURAG","_lastName":"SHARMA","globalRole":"global:owner","workflowId":"iWPonjddLPOnXZP9","workflowName":"My workflow"}}
{"__type":"$$EventMessageConfirm","confirm":"8db30daa-43b7-45b4-abb9-6bce4f46b6c9","ts":"2026-09-09T14:41:40.035-04:00","source":{"id":"0","name":"eventBus"}}
{"__type":"$$EventMessageAudit","id":"9a4b758b-f8cc-4ec9-8b44-f434d246a414","ts":"2026-09-09T14:42:45.994-04:00","eventName":"n8n.audit.workflow.updated","message":"n8n.audit.workflow.updated","payload":{"userId":"c17e4e51-fb03-4a49-8690-2eb153d72420","_email":"anurag.25scse1180671@galgotiasuniversity.ac.in","_firstName":"ANURAG","_lastName":"SHARMA","globalRole":"global:owner","workflowId":"iWPonjddLPOnXZP9","workflowName":"My workflow"}}
{"__type":"$$EventMessageConfirm","confirm":"9a4b758b-f8cc-4ec9-8b44-f434d246a414","ts":"2026-09-09T14:42:45.994-04:00","source":{"id":"0","name":"eventBus"}}
{"__type":"$$EventMessageAudit","id":"2f8be334-792c-4eab-8c59-4b7a8dd5162e","ts":"2026-09-09T14:43:18.744-04:00","eventName":"n8n.audit.workflow.executed","message":"n8n.audit.workflow.executed","payload":{"userId":"c17e4e51-fb03-4a49-8690-2eb153d72420","_email":"anurag.25scse1180671@galgotiasuniversity.ac.in","_firstName":"ANURAG","_lastName":"SHARMA","globalRole":"global:owner","workflowId":"iWPonjddLPOnXZP9","workflowName":"My workflow","executionId":"87","projectId":"VPeJW2ayhoZgotkV","projectName":"ANURAG SHARMA <anurag.25scse1180671@galgotiasuniversity.ac.in>","source":"user-manual"}}
{"__type":"$$EventMessageConfirm","confirm":"2f8be334-792c-4eab-8c59-4b7a8dd5162e","ts":"2026-09-09T14:43:18.744-04:00","source":{"id":"0","name":"eventBus"}}
{"__type":"$$EventMessageWorkflow","id":"493e00c1-7d8d-41d6-8767-ff95dd23acf7","ts":"2026-09-09T14:43:18.800-04:00","eventName":"n8n.workflow.started","message":"n8n.workflow.started","payload":{"executionId":"87","workflowId":"iWPonjddLPOnXZP9","isManual":false,"mode":"manual","workflowName":"My workflow","projectId":"VPeJW2ayhoZgotkV","projectName":"ANURAG SHARMA <anurag.25scse1180671@galgotiasuniversity.ac.in>"}}
{"__type":"$$EventMessageConfirm","confirm":"493e00c1-7d8d-41d6-8767-ff95dd23acf7","ts":"2026-09-09T14:43:18.801-04:00","source":{"id":"0","name":"eventBus"}}
{"__type":"$$EventMessageNode","id":"70bee7ce-013a-44f3-8efb-450de3048fa6","ts":"2026-09-09T14:43:18.814-04:00","eventName":"n8n.node.started","message":"n8n.node.started","payload":{"workflowId":"iWPonjddLPOnXZP9","workflowName":"My workflow","executionId":"87","nodeType":"n8n-nodes-base.manualTrigger","nodeName":"When clicking ‘Execute workflow’","nodeId":"0f9ac969-a747-4518-9224-b39b87386d16"}}
{"__type":"$$EventMessageConfirm","confirm":"70bee7ce-013a-44f3-8efb-450de3048fa6","ts":"2026-09-09T14:43:18.814-04:00","source":{"id":"0","name":"eventBus"}}
{"__type":"$$EventMessageNode","id":"f0dc30d5-3cf0-44fc-b675-49ee9021782c","ts":"2026-09-09T14:43:18.817-04:00","eventName":"n8n.node.finished","message":"n8n.node.finished","payload":{"workflowId":"iWPonjddLPOnXZP9","workflowName":"My workflow","executionId":"87","nodeType":"n8n-nodes-base.manualTrigger","nodeName":"When clicking ‘Execute workflow’","nodeId":"0f9ac969-a747-4518-9224-b39b87386d16"}}
{"__type":"$$EventMessageConfirm","confirm":"f0dc30d5-3cf0-44fc-b675-49ee9021782c","ts":"2026-09-09T14:43:18.817-04:00","source":{"id":"0","name":"eventBus"}}
{"__type":"$$EventMessageNode","id":"fd77048c-d24c-46aa-9bc2-3b96050e5884","ts":"2026-09-09T14:43:18.819-04:00","eventName":"n8n.node.started","message":"n8n.node.started","payload":{"workflowId":"iWPonjddLPOnXZP9","workflowName":"My workflow","executionId":"87","nodeType":"n8n-nodes-base.httpRequest","nodeName":"HTTP Request","nodeId":"e1b2988e-8a6e-4fe5-9ac8-c79e752ec87c"}}
{"__type":"$$EventMessageConfirm","confirm":"fd77048c-d24c-46aa-9bc2-3b96050e5884","ts":"2026-09-09T14:43:18.819-04:00","source":{"id":"0","name":"eventBus"}}
{"__type":"$$EventMessageNode","id":"64facda0-51bb-4461-aa0c-834f87128f5b","ts":"2026-09-09T14:43:19.633-04:00","eventName":"n8n.node.finished","message":"n8n.node.finished","payload":{"workflowId":"iWPonjddLPOnXZP9","workflowName":"My workflow","executionId":"87","nodeType":"n8n-nodes-base.httpRequest","nodeName":"HTTP Request","nodeId":"e1b2988e-8a6e-4fe5-9ac8-c79e752ec87c"}}
{"__type":"$$EventMessageConfirm","confirm":"64facda0-51bb-4461-aa0c-834f87128f5b","ts":"2026-09-09T14:43:19.634-04:00","source":{"id":"0","name":"eventBus"}}
{"__type":"$$EventMessageWorkflow","id":"de04df5f-3559-45a5-9d8e-ffa1f49e8f3f","ts":"2026-09-09T14:43:19.647-04:00","eventName":"n8n.workflow.failed","message":"n8n.workflow.failed","payload":{"userId":"c17e4e51-fb03-4a49-8690-2eb153d72420","executionId":"87","success":false,"isManual":true,"mode":"manual","workflowId":"iWPonjddLPOnXZP9","workflowName":"My workflow","projectId":"VPeJW2ayhoZgotkV","projectName":"ANURAG SHARMA <anurag.25scse1180671@galgotiasuniversity.ac.in>","lastNodeExecuted":"HTTP Request","errorNodeType":"n8n-nodes-base.httpRequest","errorMessage":"Bad request - please check your parameters"}}
{"__type":"$$EventMessageConfirm","confirm":"de04df5f-3559-45a5-9d8e-ffa1f49e8f3f","ts":"2026-09-09T14:43:19.648-04:00","source":{"id":"0","name":"eventBus"}}
{"__type":"$$EventMessageAudit","id":"afe4d987-4867-47f1-bf13-3b098b235ae4","ts":"2026-09-09T14:43:35.555-04:00","eventName":"n8n.audit.workflow.updated","message":"n8n.audit.workflow.updated","payload":{"userId":"c17e4e51-fb03-4a49-8690-2eb153d72420","_email":"anurag.25scse1180671@galgotiasuniversity.ac.in","_firstName":"ANURAG","_lastName":"SHARMA","globalRole":"global:owner","workflowId":"iWPonjddLPOnXZP9","workflowName":"My workflow"}}
{"__type":"$$EventMessageConfirm","confirm":"afe4d987-4867-47f1-bf13-3b098b235ae4","ts":"2026-09-09T14:43:35.556-04:00","source":{"id":"0","name":"eventBus"}}
{"__type":"$$EventMessageAudit","id":"a596b5fc-6c8a-45af-846d-666cd7f83059","ts":"2026-09-09T14:43:37.592-04:00","eventName":"n8n.audit.workflow.executed","message":"n8n.audit.workflow.executed","payload":{"userId":"c17e4e51-fb03-4a49-8690-2eb153d72420","_email":"anurag.25scse1180671@galgotiasuniversity.ac.in","_firstName":"ANURAG","_lastName":"SHARMA","globalRole":"global:owner","workflowId":"iWPonjddLPOnXZP9","workflowName":"My workflow","executionId":"88","projectId":"VPeJW2ayhoZgotkV","projectName":"ANURAG SHARMA <anurag.25scse1180671@galgotiasuniversity.ac.in>","source":"user-manual"}}
{"__type":"$$EventMessageConfirm","confirm":"a596b5fc-6c8a-45af-846d-666cd7f83059","ts":"2026-09-09T14:43:37.592-04:00","source":{"id":"0","name":"eventBus"}}
{"__type":"$$EventMessageWorkflow","id":"6a3c2db9-ba41-4569-addf-93e1513ce527","ts":"2026-09-09T14:43:37.594-04:00","eventName":"n8n.workflow.started","message":"n8n.workflow.started","payload":{"executionId":"88","workflowId":"iWPonjddLPOnXZP9","isManual":false,"mode":"manual","workflowName":"My workflow","projectId":"VPeJW2ayhoZgotkV","projectName":"ANURAG SHARMA <anurag.25scse1180671@galgotiasuniversity.ac.in>"}}
{"__type":"$$EventMessageConfirm","confirm":"6a3c2db9-ba41-4569-addf-93e1513ce527","ts":"2026-09-09T14:43:37.594-04:00","source":{"id":"0","name":"eventBus"}}
{"__type":"$$EventMessageNode","id":"d9f6711c-dda9-49e8-ab88-db7c95b20d5a","ts":"2026-09-09T14:43:37.648-04:00","eventName":"n8n.node.started","message":"n8n.node.started","payload":{"workflowId":"iWPonjddLPOnXZP9","workflowName":"My workflow","executionId":"88","nodeType":"n8n-nodes-base.httpRequest","nodeName":"HTTP Request","nodeId":"e1b2988e-8a6e-4fe5-9ac8-c79e752ec87c"}}
{"__type":"$$EventMessageConfirm","confirm":"d9f6711c-dda9-49e8-ab88-db7c95b20d5a","ts":"2026-09-09T14:43:37.648-04:00","source":{"id":"0","name":"eventBus"}}
{"__type":"$$EventMessageNode","id":"3322f593-7206-4fd2-9ec4-e08dea2481f0","ts":"2026-09-09T14:43:38.342-04:00","eventName":"n8n.node.finished","message":"n8n.node.finished","payload":{"workflowId":"iWPonjddLPOnXZP9","workflowName":"My workflow","executionId":"88","nodeType":"n8n-nodes-base.httpRequest","nodeName":"HTTP Request","nodeId":"e1b2988e-8a6e-4fe5-9ac8-c79e752ec87c"}}
{"__type":"$$EventMessageConfirm","confirm":"3322f593-7206-4fd2-9ec4-e08dea2481f0","ts":"2026-09-09T14:43:38.342-04:00","source":{"id":"0","name":"eventBus"}}
{"__type":"$$EventMessageWorkflow","id":"f5c2432b-c3cf-46bd-8d60-f79406cf580d","ts":"2026-09-09T14:43:38.346-04:00","eventName":"n8n.workflow.failed","message":"n8n.workflow.failed","payload":{"userId":"c17e4e51-fb03-4a49-8690-2eb153d72420","executionId":"88","success":false,"isManual":true,"mode":"manual","workflowId":"iWPonjddLPOnXZP9","workflowName":"My workflow","projectId":"VPeJW2ayhoZgotkV","projectName":"ANURAG SHARMA <anurag.25scse1180671@galgotiasuniversity.ac.in>","lastNodeExecuted":"HTTP Request","errorNodeType":"n8n-nodes-base.httpRequest","errorMessage":"Bad request - please check your parameters"}}
{"__type":"$$EventMessageConfirm","confirm":"f5c2432b-c3cf-46bd-8d60-f79406cf580d","ts":"2026-09-09T14:43:38.346-04:00","source":{"id":"0","name":"eventBus"}}
{"__type":"$$EventMessageAudit","id":"f0a65874-f300-477d-88f1-35582dd3ac33","ts":"2026-09-09T14:46:06.164-04:00","eventName":"n8n.audit.workflow.updated","message":"n8n.audit.workflow.updated","payload":{"userId":"c17e4e51-fb03-4a49-8690-2eb153d72420","_email":"anurag.25scse1180671@galgotiasuniversity.ac.in","_firstName":"ANURAG","_lastName":"SHARMA","globalRole":"global:owner","workflowId":"iWPonjddLPOnXZP9","workflowName":"My workflow"}}
{"__type":"$$EventMessageConfirm","confirm":"f0a65874-f300-477d-88f1-35582dd3ac33","ts":"2026-09-09T14:46:06.164-04:00","source":{"id":"0","name":"eventBus"}}
{"__type":"$$EventMessageAudit","id":"2f77ed5d-d82d-4f06-b13e-621fd24bab4e","ts":"2026-09-09T14:46:08.059-04:00","eventName":"n8n.audit.workflow.updated","message":"n8n.audit.workflow.updated","payload":{"userId":"c17e4e51-fb03-4a49-8690-2eb153d72420","_email":"anurag.25scse1180671@galgotiasuniversity.ac.in","_firstName":"ANURAG","_lastName":"SHARMA","globalRole":"global:owner","workflowId":"iWPonjddLPOnXZP9","workflowName":"My workflow"}}
{"__type":"$$EventMessageConfirm","confirm":"2f77ed5d-d82d-4f06-b13e-621fd24bab4e","ts":"2026-09-09T14:46:08.059-04:00","source":{"id":"0","name":"eventBus"}}
{"__type":"$$EventMessageAudit","id":"dcb6a85b-8c63-45f4-b100-fa5db32315db","ts":"2026-09-09T14:46:29.304-04:00","eventName":"n8n.audit.workflow.updated","message":"n8n.audit.workflow.updated","payload":{"userId":"c17e4e51-fb03-4a49-8690-2eb153d72420","_email":"anurag.25scse1180671@galgotiasuniversity.ac.in","_firstName":"ANURAG","_lastName":"SHARMA","globalRole":"global:owner","workflowId":"iWPonjddLPOnXZP9","workflowName":"My workflow"}}
{"__type":"$$EventMessageConfirm","confirm":"dcb6a85b-8c63-45f4-b100-fa5db32315db","ts":"2026-09-09T14:46:29.305-04:00","source":{"id":"0","name":"eventBus"}}
{"__type":"$$EventMessageAudit","id":"ab3e3fa3-b782-462f-ba3f-299f3b603e22","ts":"2026-09-09T14:46:37.662-04:00","eventName":"n8n.audit.workflow.updated","message":"n8n.audit.workflow.updated","payload":{"userId":"c17e4e51-fb03-4a49-8690-2eb153d72420","_email":"anurag.25scse1180671@galgotiasuniversity.ac.in","_firstName":"ANURAG","_lastName":"SHARMA","globalRole":"global:owner","workflowId":"iWPonjddLPOnXZP9","workflowName":"My workflow"}}
{"__type":"$$EventMessageConfirm","confirm":"ab3e3fa3-b782-462f-ba3f-299f3b603e22","ts":"2026-09-09T14:46:37.662-04:00","source":{"id":"0","name":"eventBus"}}
{"__type":"$$EventMessageAudit","id":"36be0ac7-6f23-4481-869f-98148e1874d1","ts":"2026-09-09T14:46:47.345-04:00","eventName":"n8n.audit.workflow.updated","message":"n8n.audit.workflow.updated","payload":{"userId":"c17e4e51-fb03-4a49-8690-2eb153d72420","_email":"anurag.25scse1180671@galgotiasuniversity.ac.in","_firstName":"ANURAG","_lastName":"SHARMA","globalRole":"global:owner","workflowId":"iWPonjddLPOnXZP9","workflowName":"My workflow"}}
{"__type":"$$EventMessageConfirm","confirm":"36be0ac7-6f23-4481-869f-98148e1874d1","ts":"2026-09-09T14:46:47.346-04:00","source":{"id":"0","name":"eventBus"}}
{"__type":"$$EventMessageAudit","id":"b031d334-ffb9-4e87-b538-9d0e0fd7d1c2","ts":"2026-09-09T14:48:00.112-04:00","eventName":"n8n.audit.workflow.executed","message":"n8n.audit.workflow.executed","payload":{"userId":"c17e4e51-fb03-4a49-8690-2eb153d72420","_email":"anurag.25scse1180671@galgotiasuniversity.ac.in","_firstName":"ANURAG","_lastName":"SHARMA","globalRole":"global:owner","workflowId":"iWPonjddLPOnXZP9","workflowName":"My workflow","executionId":"89","projectId":"VPeJW2ayhoZgotkV","projectName":"ANURAG SHARMA <anurag.25scse1180671@galgotiasuniversity.ac.in>","source":"user-manual"}}
{"__type":"$$EventMessageConfirm","confirm":"b031d334-ffb9-4e87-b538-9d0e0fd7d1c2","ts":"2026-09-09T14:48:00.112-04:00","source":{"id":"0","name":"eventBus"}}
{"__type":"$$EventMessageWorkflow","id":"9d51c1cf-be81-4d6b-9379-bafa1d01612a","ts":"2026-09-09T14:48:00.116-04:00","eventName":"n8n.workflow.started","message":"n8n.workflow.started","payload":{"executionId":"89","workflowId":"iWPonjddLPOnXZP9","isManual":false,"mode":"manual","workflowName":"My workflow","projectId":"VPeJW2ayhoZgotkV","projectName":"ANURAG SHARMA <anurag.25scse1180671@galgotiasuniversity.ac.in>"}}
{"__type":"$$EventMessageConfirm","confirm":"9d51c1cf-be81-4d6b-9379-bafa1d01612a","ts":"2026-09-09T14:48:00.118-04:00","source":{"id":"0","name":"eventBus"}}
{"__type":"$$EventMessageNode","id":"e0cf511d-f3a1-4135-ad1c-86abbb2d6b5c","ts":"2026-09-09T14:48:00.201-04:00","eventName":"n8n.node.started","message":"n8n.node.started","payload":{"workflowId":"iWPonjddLPOnXZP9","workflowName":"My workflow","executionId":"89","nodeType":"n8n-nodes-base.httpRequest","nodeName":"HTTP Request","nodeId":"e1b2988e-8a6e-4fe5-9ac8-c79e752ec87c"}}
{"__type":"$$EventMessageConfirm","confirm":"e0cf511d-f3a1-4135-ad1c-86abbb2d6b5c","ts":"2026-09-09T14:48:00.202-04:00","source":{"id":"0","name":"eventBus"}}
{"__type":"$$EventMessageNode","id":"3bfab050-d24a-482d-ac63-fcf1ad06eb91","ts":"2026-09-09T14:48:02.240-04:00","eventName":"n8n.node.finished","message":"n8n.node.finished","payload":{"workflowId":"iWPonjddLPOnXZP9","workflowName":"My workflow","executionId":"89","nodeType":"n8n-nodes-base.httpRequest","nodeName":"HTTP Request","nodeId":"e1b2988e-8a6e-4fe5-9ac8-c79e752ec87c"}}
{"__type":"$$EventMessageConfirm","confirm":"3bfab050-d24a-482d-ac63-fcf1ad06eb91","ts":"2026-09-09T14:48:02.241-04:00","source":{"id":"0","name":"eventBus"}}
{"__type":"$$EventMessageWorkflow","id":"21c04e37-74b3-48e5-bd89-642d4003ece0","ts":"2026-09-09T14:48:02.247-04:00","eventName":"n8n.workflow.success","message":"n8n.workflow.success","payload":{"userId":"c17e4e51-fb03-4a49-8690-2eb153d72420","executionId":"89","success":true,"isManual":true,"mode":"manual","workflowId":"iWPonjddLPOnXZP9","workflowName":"My workflow","projectId":"VPeJW2ayhoZgotkV","projectName":"ANURAG SHARMA <anurag.25scse1180671@galgotiasuniversity.ac.in>"}}
{"__type":"$$EventMessageConfirm","confirm":"21c04e37-74b3-48e5-bd89-642d4003ece0","ts":"2026-09-09T14:48:02.248-04:00","source":{"id":"0","name":"eventBus"}}
{"__type":"$$EventMessageAudit","id":"c220e34d-fc53-4aea-a928-8a333d20fc3d","ts":"2026-09-09T14:50:26.097-04:00","eventName":"n8n.audit.workflow.updated","message":"n8n.audit.workflow.updated","payload":{"userId":"c17e4e51-fb03-4a49-8690-2eb153d72420","_email":"anurag.25scse1180671@galgotiasuniversity.ac.in","_firstName":"ANURAG","_lastName":"SHARMA","globalRole":"global:owner","workflowId":"fC5E99z5uUn0fKjT","workflowName":"Accisense alert"}}
{"__type":"$$EventMessageConfirm","confirm":"c220e34d-fc53-4aea-a928-8a333d20fc3d","ts":"2026-09-09T14:50:26.097-04:00","source":{"id":"0","name":"eventBus"}}
{"__type":"$$EventMessageAudit","id":"7c80e522-387d-4c50-ba5a-54e7388c1a30","ts":"2026-09-09T14:50:29.990-04:00","eventName":"n8n.audit.workflow.updated","message":"n8n.audit.workflow.updated","payload":{"userId":"c17e4e51-fb03-4a49-8690-2eb153d72420","_email":"anurag.25scse1180671@galgotiasuniversity.ac.in","_firstName":"ANURAG","_lastName":"SHARMA","globalRole":"global:owner","workflowId":"fC5E99z5uUn0fKjT","workflowName":"Accisense alert"}}
{"__type":"$$EventMessageConfirm","confirm":"7c80e522-387d-4c50-ba5a-54e7388c1a30","ts":"2026-09-09T14:50:29.991-04:00","source":{"id":"0","name":"eventBus"}}
{"__type":"$$EventMessageAudit","id":"417d007e-3390-4d40-87ab-3ffbf92b35ca","ts":"2026-09-09T14:50:43.236-04:00","eventName":"n8n.audit.workflow.updated","message":"n8n.audit.workflow.updated","payload":{"userId":"c17e4e51-fb03-4a49-8690-2eb153d72420","_email":"anurag.25scse1180671@galgotiasuniversity.ac.in","_firstName":"ANURAG","_lastName":"SHARMA","globalRole":"global:owner","workflowId":"fC5E99z5uUn0fKjT","workflowName":"Accisense alert"}}
{"__type":"$$EventMessageConfirm","confirm":"417d007e-3390-4d40-87ab-3ffbf92b35ca","ts":"2026-09-09T14:50:43.236-04:00","source":{"id":"0","name":"eventBus"}}
{"__type":"$$EventMessageAudit","id":"833b2f7c-5914-4ce1-b3ee-e5caefb01b31","ts":"2026-09-09T14:50:46.453-04:00","eventName":"n8n.audit.workflow.updated","message":"n8n.audit.workflow.updated","payload":{"userId":"c17e4e51-fb03-4a49-8690-2eb153d72420","_email":"anurag.25scse1180671@galgotiasuniversity.ac.in","_firstName":"ANURAG","_lastName":"SHARMA","globalRole":"global:owner","workflowId":"fC5E99z5uUn0fKjT","workflowName":"Accisense alert"}}
{"__type":"$$EventMessageConfirm","confirm":"833b2f7c-5914-4ce1-b3ee-e5caefb01b31","ts":"2026-09-09T14:50:46.453-04:00","source":{"id":"0","name":"eventBus"}}
{"__type":"$$EventMessageAudit","id":"44c9330a-b730-4e29-accd-673c08b90e39","ts":"2026-09-09T14:50:48.944-04:00","eventName":"n8n.audit.workflow.updated","message":"n8n.audit.workflow.updated","payload":{"userId":"c17e4e51-fb03-4a49-8690-2eb153d72420","_email":"anurag.25scse1180671@galgotiasuniversity.ac.in","_firstName":"ANURAG","_lastName":"SHARMA","globalRole":"global:owner","workflowId":"fC5E99z5uUn0fKjT","workflowName":"Accisense alert"}}
{"__type":"$$EventMessageConfirm","confirm":"44c9330a-b730-4e29-accd-673c08b90e39","ts":"2026-09-09T14:50:48.944-04:00","source":{"id":"0","name":"eventBus"}}
{"__type":"$$EventMessageAudit","id":"0fe236f9-80c4-45e2-87de-0297f01cb521","ts":"2026-09-09T14:50:52.373-04:00","eventName":"n8n.audit.workflow.updated","message":"n8n.audit.workflow.updated","payload":{"userId":"c17e4e51-fb03-4a49-8690-2eb153d72420","_email":"anurag.25scse1180671@galgotiasuniversity.ac.in","_firstName":"ANURAG","_lastName":"SHARMA","globalRole":"global:owner","workflowId":"fC5E99z5uUn0fKjT","workflowName":"Accisense alert"}}
{"__type":"$$EventMessageConfirm","confirm":"0fe236f9-80c4-45e2-87de-0297f01cb521","ts":"2026-09-09T14:50:52.373-04:00","source":{"id":"0","name":"eventBus"}}
{"__type":"$$EventMessageAudit","id":"e28a656a-4245-4608-948a-0d0197542f7b","ts":"2026-09-09T14:50:55.238-04:00","eventName":"n8n.audit.workflow.updated","message":"n8n.audit.workflow.updated","payload":{"userId":"c17e4e51-fb03-4a49-8690-2eb153d72420","_email":"anurag.25scse1180671@galgotiasuniversity.ac.in","_firstName":"ANURAG","_lastName":"SHARMA","globalRole":"global:owner","workflowId":"fC5E99z5uUn0fKjT","workflowName":"Accisense alert"}}
{"__type":"$$EventMessageConfirm","confirm":"e28a656a-4245-4608-948a-0d0197542f7b","ts":"2026-09-09T14:50:55.239-04:00","source":{"id":"0","name":"eventBus"}}
{"__type":"$$EventMessageAudit","id":"6ede03a3-ec57-45d3-a1e3-4bfa14a55f01","ts":"2026-09-09T14:51:15.519-04:00","eventName":"n8n.audit.workflow.updated","message":"n8n.audit.workflow.updated","payload":{"userId":"c17e4e51-fb03-4a49-8690-2eb153d72420","_email":"anurag.25scse1180671@galgotiasuniversity.ac.in","_firstName":"ANURAG","_lastName":"SHARMA","globalRole":"global:owner","workflowId":"fC5E99z5uUn0fKjT","workflowName":"Accisense alert"}}
{"__type":"$$EventMessageConfirm","confirm":"6ede03a3-ec57-45d3-a1e3-4bfa14a55f01","ts":"2026-09-09T14:51:15.520-04:00","source":{"id":"0","name":"eventBus"}}
{"__type":"$$EventMessageAudit","id":"7f7b7be3-8887-4db0-a37a-d76e614b5263","ts":"2026-09-09T14:51:18.044-04:00","eventName":"n8n.audit.workflow.updated","message":"n8n.audit.workflow.updated","payload":{"userId":"c17e4e51-fb03-4a49-8690-2eb153d72420","_email":"anurag.25scse1180671@galgotiasuniversity.ac.in","_firstName":"ANURAG","_lastName":"SHARMA","globalRole":"global:owner","workflowId":"fC5E99z5uUn0fKjT","workflowName":"Accisense alert"}}
{"__type":"$$EventMessageConfirm","confirm":"7f7b7be3-8887-4db0-a37a-d76e614b5263","ts":"2026-09-09T14:51:18.045-04:00","source":{"id":"0","name":"eventBus"}}
{"__type":"$$EventMessageAudit","id":"afc8d0ff-51f5-4a0e-aebd-66084532974c","ts":"2026-09-09T14:52:12.438-04:00","eventName":"n8n.audit.workflow.updated","message":"n8n.audit.workflow.updated","payload":{"userId":"c17e4e51-fb03-4a49-8690-2eb153d72420","_email":"anurag.25scse1180671@galgotiasuniversity.ac.in","_firstName":"ANURAG","_lastName":"SHARMA","globalRole":"global:owner","workflowId":"fC5E99z5uUn0fKjT","workflowName":"Accisense alert"}}
{"__type":"$$EventMessageConfirm","confirm":"afc8d0ff-51f5-4a0e-aebd-66084532974c","ts":"2026-09-09T14:52:12.438-04:00","source":{"id":"0","name":"eventBus"}}
{"__type":"$$EventMessageAudit","id":"e2f6c628-fa85-4300-b420-b166764d5505","ts":"2026-09-09T14:52:14.618-04:00","eventName":"n8n.audit.workflow.updated","message":"n8n.audit.workflow.updated","payload":{"userId":"c17e4e51-fb03-4a49-8690-2eb153d72420","_email":"anurag.25scse1180671@galgotiasuniversity.ac.in","_firstName":"ANURAG","_lastName":"SHARMA","globalRole":"global:owner","workflowId":"fC5E99z5uUn0fKjT","workflowName":"Accisense alert"}}
{"__type":"$$EventMessageConfirm","confirm":"e2f6c628-fa85-4300-b420-b166764d5505","ts":"2026-09-09T14:52:14.618-04:00","source":{"id":"0","name":"eventBus"}}
{"__type":"$$EventMessageAudit","id":"6f9af95c-9f39-4566-83c9-e0cf7b9a8b7e","ts":"2026-09-09T14:52:31.897-04:00","eventName":"n8n.audit.workflow.updated","message":"n8n.audit.workflow.updated","payload":{"userId":"c17e4e51-fb03-4a49-8690-2eb153d72420","_email":"anurag.25scse1180671@galgotiasuniversity.ac.in","_firstName":"ANURAG","_lastName":"SHARMA","globalRole":"global:owner","workflowId":"fC5E99z5uUn0fKjT","workflowName":"Accisense alert"}}
{"__type":"$$EventMessageConfirm","confirm":"6f9af95c-9f39-4566-83c9-e0cf7b9a8b7e","ts":"2026-09-09T14:52:31.897-04:00","source":{"id":"0","name":"eventBus"}}
{"__type":"$$EventMessageAudit","id":"b8c3d449-0333-4f50-8d65-23b9c6043686","ts":"2026-09-09T14:52:38.443-04:00","eventName":"n8n.audit.workflow.updated","message":"n8n.audit.workflow.updated","payload":{"userId":"c17e4e51-fb03-4a49-8690-2eb153d72420","_email":"anurag.25scse1180671@galgotiasuniversity.ac.in","_firstName":"ANURAG","_lastName":"SHARMA","globalRole":"global:owner","workflowId":"fC5E99z5uUn0fKjT","workflowName":"Accisense alert"}}
{"__type":"$$EventMessageConfirm","confirm":"b8c3d449-0333-4f50-8d65-23b9c6043686","ts":"2026-09-09T14:52:38.443-04:00","source":{"id":"0","name":"eventBus"}}
{"__type":"$$EventMessageAudit","id":"84b924fd-e37e-49cc-8eba-2fa5ba8aaab7","ts":"2026-09-09T14:53:17.768-04:00","eventName":"n8n.audit.workflow.updated","message":"n8n.audit.workflow.updated","payload":{"userId":"c17e4e51-fb03-4a49-8690-2eb153d72420","_email":"anurag.25scse1180671@galgotiasuniversity.ac.in","_firstName":"ANURAG","_lastName":"SHARMA","globalRole":"global:owner","workflowId":"fC5E99z5uUn0fKjT","workflowName":"Accisense alert"}}
{"__type":"$$EventMessageConfirm","confirm":"84b924fd-e37e-49cc-8eba-2fa5ba8aaab7","ts":"2026-09-09T14:53:17.769-04:00","source":{"id":"0","name":"eventBus"}}
{"__type":"$$EventMessageAudit","id":"ada61d85-4d53-475b-9b89-70039ef42466","ts":"2026-09-09T14:53:49.507-04:00","eventName":"n8n.audit.workflow.updated","message":"n8n.audit.workflow.updated","payload":{"userId":"c17e4e51-fb03-4a49-8690-2eb153d72420","_email":"anurag.25scse1180671@galgotiasuniversity.ac.in","_firstName":"ANURAG","_lastName":"SHARMA","globalRole":"global:owner","workflowId":"fC5E99z5uUn0fKjT","workflowName":"Accisense alert"}}
{"__type":"$$EventMessageConfirm","confirm":"ada61d85-4d53-475b-9b89-70039ef42466","ts":"2026-09-09T14:53:49.508-04:00","source":{"id":"0","name":"eventBus"}}
{"__type":"$$EventMessageAudit","id":"0f6c0227-0f08-45c7-88c8-d4c1506b2b99","ts":"2026-09-09T14:53:51.284-04:00","eventName":"n8n.audit.workflow.updated","message":"n8n.audit.workflow.updated","payload":{"userId":"c17e4e51-fb03-4a49-8690-2eb153d72420","_email":"anurag.25scse1180671@galgotiasuniversity.ac.in","_firstName":"ANURAG","_lastName":"SHARMA","globalRole":"global:owner","workflowId":"fC5E99z5uUn0fKjT","workflowName":"Accisense alert"}}
{"__type":"$$EventMessageConfirm","confirm":"0f6c0227-0f08-45c7-88c8-d4c1506b2b99","ts":"2026-09-09T14:53:51.284-04:00","source":{"id":"0","name":"eventBus"}}
{"__type":"$$EventMessageAudit","id":"bddb7e34-b37c-49ba-8b4f-84bae71e8ebc","ts":"2026-09-09T14:53:54.242-04:00","eventName":"n8n.audit.workflow.updated","message":"n8n.audit.workflow.updated","payload":{"userId":"c17e4e51-fb03-4a49-8690-2eb153d72420","_email":"anurag.25scse1180671@galgotiasuniversity.ac.in","_firstName":"ANURAG","_lastName":"SHARMA","globalRole":"global:owner","workflowId":"fC5E99z5uUn0fKjT","workflowName":"Accisense alert"}}
{"__type":"$$EventMessageConfirm","confirm":"bddb7e34-b37c-49ba-8b4f-84bae71e8ebc","ts":"2026-09-09T14:53:54.243-04:00","source":{"id":"0","name":"eventBus"}}
{"__type":"$$EventMessageAudit","id":"19c03a73-7078-405b-8fa3-45683d27ef4b","ts":"2026-09-09T14:53:56.634-04:00","eventName":"n8n.audit.workflow.updated","message":"n8n.audit.workflow.updated","payload":{"userId":"c17e4e51-fb03-4a49-8690-2eb153d72420","_email":"anurag.25scse1180671@galgotiasuniversity.ac.in","_firstName":"ANURAG","_lastName":"SHARMA","globalRole":"global:owner","workflowId":"fC5E99z5uUn0fKjT","workflowName":"Accisense alert"}}
{"__type":"$$EventMessageConfirm","confirm":"19c03a73-7078-405b-8fa3-45683d27ef4b","ts":"2026-09-09T14:53:56.634-04:00","source":{"id":"0","name":"eventBus"}}
{"__type":"$$EventMessageAudit","id":"095ac2da-ab30-4176-89a0-2450e91b6638","ts":"2026-09-09T14:54:02.421-04:00","eventName":"n8n.audit.workflow.updated","message":"n8n.audit.workflow.updated","payload":{"userId":"c17e4e51-fb03-4a49-8690-2eb153d72420","_email":"anurag.25scse1180671@galgotiasuniversity.ac.in","_firstName":"ANURAG","_lastName":"SHARMA","globalRole":"global:owner","workflowId":"fC5E99z5uUn0fKjT","workflowName":"Accisense alert"}}
{"__type":"$$EventMessageConfirm","confirm":"095ac2da-ab30-4176-89a0-2450e91b6638","ts":"2026-09-09T14:54:02.421-04:00","source":{"id":"0","name":"eventBus"}}
{"__type":"$$EventMessageAudit","id":"ad74d930-9be9-4d22-8e65-d310841c8d80","ts":"2026-09-09T14:54:06.454-04:00","eventName":"n8n.audit.workflow.updated","message":"n8n.audit.workflow.updated","payload":{"userId":"c17e4e51-fb03-4a49-8690-2eb153d72420","_email":"anurag.25scse1180671@galgotiasuniversity.ac.in","_firstName":"ANURAG","_lastName":"SHARMA","globalRole":"global:owner","workflowId":"fC5E99z5uUn0fKjT","workflowName":"Accisense alert"}}
{"__type":"$$EventMessageConfirm","confirm":"ad74d930-9be9-4d22-8e65-d310841c8d80","ts":"2026-09-09T14:54:06.454-04:00","source":{"id":"0","name":"eventBus"}}
{"__type":"$$EventMessageAudit","id":"2920c756-4298-44b5-ae65-3d655386191e","ts":"2026-09-09T14:55:28.345-04:00","eventName":"n8n.audit.workflow.updated","message":"n8n.audit.workflow.updated","payload":{"userId":"c17e4e51-fb03-4a49-8690-2eb153d72420","_email":"anurag.25scse1180671@galgotiasuniversity.ac.in","_firstName":"ANURAG","_lastName":"SHARMA","globalRole":"global:owner","workflowId":"fC5E99z5uUn0fKjT","workflowName":"Accisense alert"}}
{"__type":"$$EventMessageConfirm","confirm":"2920c756-4298-44b5-ae65-3d655386191e","ts":"2026-09-09T14:55:28.345-04:00","source":{"id":"0","name":"eventBus"}}
{"__type":"$$EventMessageAudit","id":"8bddce5a-0743-44b4-946f-659db57a5568","ts":"2026-09-09T14:55:32.140-04:00","eventName":"n8n.audit.workflow.updated","message":"n8n.audit.workflow.updated","payload":{"userId":"c17e4e51-fb03-4a49-8690-2eb153d72420","_email":"anurag.25scse1180671@galgotiasuniversity.ac.in","_firstName":"ANURAG","_lastName":"SHARMA","globalRole":"global:owner","workflowId":"fC5E99z5uUn0fKjT","workflowName":"Accisense alert"}}
{"__type":"$$EventMessageConfirm","confirm":"8bddce5a-0743-44b4-946f-659db57a5568","ts":"2026-09-09T14:55:32.140-04:00","source":{"id":"0","name":"eventBus"}}
{"__type":"$$EventMessageAudit","id":"a8e119db-9a99-4ec9-834d-7078bc0b9f1b","ts":"2026-09-09T14:55:34.931-04:00","eventName":"n8n.audit.workflow.updated","message":"n8n.audit.workflow.updated","payload":{"userId":"c17e4e51-fb03-4a49-8690-2eb153d72420","_email":"anurag.25scse1180671@galgotiasuniversity.ac.in","_firstName":"ANURAG","_lastName":"SHARMA","globalRole":"global:owner","workflowId":"fC5E99z5uUn0fKjT","workflowName":"Accisense alert"}}
{"__type":"$$EventMessageConfirm","confirm":"a8e119db-9a99-4ec9-834d-7078bc0b9f1b","ts":"2026-09-09T14:55:34.931-04:00","source":{"id":"0","name":"eventBus"}}
{"__type":"$$EventMessageAudit","id":"e7a8a979-548d-4584-a468-d48742a326af","ts":"2026-09-09T14:55:36.658-04:00","eventName":"n8n.audit.workflow.updated","message":"n8n.audit.workflow.updated","payload":{"userId":"c17e4e51-fb03-4a49-8690-2eb153d72420","_email":"anurag.25scse1180671@galgotiasuniversity.ac.in","_firstName":"ANURAG","_lastName":"SHARMA","globalRole":"global:owner","workflowId":"fC5E99z5uUn0fKjT","workflowName":"Accisense alert"}}
{"__type":"$$EventMessageConfirm","confirm":"e7a8a979-548d-4584-a468-d48742a326af","ts":"2026-09-09T14:55:36.658-04:00","source":{"id":"0","name":"eventBus"}}
{"__type":"$$EventMessageAudit","id":"bcd2923c-bb71-49ed-97db-063dd575673d","ts":"2026-09-09T14:56:33.706-04:00","eventName":"n8n.audit.workflow.updated","message":"n8n.audit.workflow.updated","payload":{"userId":"c17e4e51-fb03-4a49-8690-2eb153d72420","_email":"anurag.25scse1180671@galgotiasuniversity.ac.in","_firstName":"ANURAG","_lastName":"SHARMA","globalRole":"global:owner","workflowId":"fC5E99z5uUn0fKjT","workflowName":"Accisense alert"}}
{"__type":"$$EventMessageConfirm","confirm":"bcd2923c-bb71-49ed-97db-063dd575673d","ts":"2026-09-09T14:56:33.707-04:00","source":{"id":"0","name":"eventBus"}}
{"__type":"$$EventMessageAudit","id":"85a40085-8ce3-4824-84e9-e3a036cc65db","ts":"2026-09-09T14:57:31.015-04:00","eventName":"n8n.audit.workflow.updated","message":"n8n.audit.workflow.updated","payload":{"userId":"c17e4e51-fb03-4a49-8690-2eb153d72420","_email":"anurag.25scse1180671@galgotiasuniversity.ac.in","_firstName":"ANURAG","_lastName":"SHARMA","globalRole":"global:owner","workflowId":"fC5E99z5uUn0fKjT","workflowName":"Accisense alert"}}
{"__type":"$$EventMessageConfirm","confirm":"85a40085-8ce3-4824-84e9-e3a036cc65db","ts":"2026-09-09T14:57:31.016-04:00","source":{"id":"0","name":"eventBus"}}
{"__type":"$$EventMessageAudit","id":"e5280b76-7674-45a4-b961-4fad12f150a6","ts":"2026-09-09T14:57:35.397-04:00","eventName":"n8n.audit.workflow.updated","message":"n8n.audit.workflow.updated","payload":{"userId":"c17e4e51-fb03-4a49-8690-2eb153d72420","_email":"anurag.25scse1180671@galgotiasuniversity.ac.in","_firstName":"ANURAG","_lastName":"SHARMA","globalRole":"global:owner","workflowId":"fC5E99z5uUn0fKjT","workflowName":"Accisense alert"}}
{"__type":"$$EventMessageConfirm","confirm":"e5280b76-7674-45a4-b961-4fad12f150a6","ts":"2026-09-09T14:57:35.397-04:00","source":{"id":"0","name":"eventBus"}}
