{"__type":"$$EventMessageAudit","id":"e9ef250c-eda2-42f1-9829-cf7564a42982","ts":"2026-09-09T10:35:32.201+00:00","eventName":"n8n.audit.workflow.updated","message":"n8n.audit.workflow.updated","payload":{"userId":"c17e4e51-fb03-4a49-8690-2eb153d72420","_email":"anurag.25scse1180671@galgotiasuniversity.ac.in","_firstName":"ANURAG","_lastName":"SHARMA","globalRole":"global:owner","workflowId":"syQ1650RVcPcjzXQ","workflowName":"Accisense Ack"}}
{"__type":"$$EventMessageConfirm","confirm":"e9ef250c-eda2-42f1-9829-cf7564a42982","ts":"2026-09-09T10:35:32.201+00:00","source":{"id":"0","name":"eventBus"}}
{"__type":"$$EventMessageAudit","id":"5a2e4ce5-e17d-49da-b60b-8646d60ec7f7","ts":"2026-09-09T10:35:36.196+00:00","eventName":"n8n.audit.workflow.updated","message":"n8n.audit.workflow.updated","payload":{"userId":"c17e4e51-fb03-4a49-8690-2eb153d72420","_email":"anurag.25scse1180671@galgotiasuniversity.ac.in","_firstName":"ANURAG","_lastName":"SHARMA","globalRole":"global:owner","workflowId":"syQ1650RVcPcjzXQ","workflowName":"Accisense Ack"}}
{"__type":"$$EventMessageConfirm","confirm":"5a2e4ce5-e17d-49da-b60b-8646d60ec7f7","ts":"2026-09-09T10:35:36.196+00:00","source":{"id":"0","name":"eventBus"}}
{"__type":"$$EventMessageAudit","id":"197156ea-4d84-4a6c-9ac5-a3d2b9230cf1","ts":"2026-09-09T10:36:23.574+00:00","eventName":"n8n.audit.workflow.executed","message":"n8n.audit.workflow.executed","payload":{"workflowId":"fC5E99z5uUn0fKjT","workflowName":"Accisense alert","executionId":"31","projectId":"VPeJW2ayhoZgotkV","projectName":"ANURAG SHARMA <anurag.25scse1180671@galgotiasuniversity.ac.in>","source":"webhook"}}
{"__type":"$$EventMessageConfirm","confirm":"197156ea-4d84-4a6c-9ac5-a3d2b9230cf1","ts":"2026-09-09T10:36:23.574+00:00","source":{"id":"0","name":"eventBus"}}
{"__type":"$$EventMessageWorkflow","id":"e874a6a5-0400-4202-949f-995d0ce66733","ts":"2026-09-09T10:36:23.575+00:00","eventName":"n8n.workflow.started","message":"n8n.workflow.started","payload":{"executionId":"31","workflowId":"fC5E99z5uUn0fKjT","isManual":false,"mode":"manual","workflowName":"Accisense alert","projectId":"VPeJW2ayhoZgotkV","projectName":"ANURAG SHARMA <anurag.25scse1180671@galgotiasuniversity.ac.in>"}}
{"__type":"$$EventMessageConfirm","confirm":"e874a6a5-0400-4202-949f-995d0ce66733","ts":"2026-09-09T10:36:23.575+00:00","source":{"id":"0","name":"eventBus"}}
{"__type":"$$EventMessageNode","id":"7ecf2118-eee5-438d-a156-27cf43f62ca8","ts":"2026-09-09T10:36:23.589+00:00","eventName":"n8n.node.started","message":"n8n.node.started","payload":{"workflowId":"fC5E99z5uUn0fKjT","workflowName":"Accisense alert","executionId":"31","nodeType":"n8n-nodes-base.webhook","nodeName":"Webhook","nodeId":"1132293c-0068-4318-83d9-b3883ab01b5a"}}
{"__type":"$$EventMessageConfirm","confirm":"7ecf2118-eee5-438d-a156-27cf43f62ca8","ts":"2026-09-09T10:36:23.589+00:00","source":{"id":"0","name":"eventBus"}}
{"__type":"$$EventMessageNode","id":"ec96768e-95cc-44b4-8859-8d0a3a729769","ts":"2026-09-09T10:36:23.590+00:00","eventName":"n8n.node.finished","message":"n8n.node.finished","payload":{"workflowId":"fC5E99z5uUn0fKjT","workflowName":"Accisense alert","executionId":"31","nodeType":"n8n-nodes-base.webhook","nodeName":"Webhook","nodeId":"1132293c-0068-4318-83d9-b3883ab01b5a"}}
{"__type":"$$EventMessageConfirm","confirm":"ec96768e-95cc-44b4-8859-8d0a3a729769","ts":"2026-09-09T10:36:23.590+00:00","source":{"id":"0","name":"eventBus"}}
{"__type":"$$EventMessageNode","id":"4d42b2f1-435a-4291-a996-9b080f07ccf0","ts":"2026-09-09T10:36:23.591+00:00","eventName":"n8n.node.started","message":"n8n.node.started","payload":{"workflowId":"fC5E99z5uUn0fKjT","workflowName":"Accisense alert","executionId":"31","nodeType":"n8n-nodes-base.if","nodeName":"If","nodeId":"ae47ab65-f8eb-415b-aafc-fa2cf54d58f9"}}
{"__type":"$$EventMessageConfirm","confirm":"4d42b2f1-435a-4291-a996-9b080f07ccf0","ts":"2026-09-09T10:36:23.591+00:00","source":{"id":"0","name":"eventBus"}}
{"__type":"$$EventMessageNode","id":"06124536-5342-4988-b300-ce0ffd19b195","ts":"2026-09-09T06:36:23.620-04:00","eventName":"n8n.node.finished","message":"n8n.node.finished","payload":{"workflowId":"fC5E99z5uUn0fKjT","workflowName":"Accisense alert","executionId":"31","nodeType":"n8n-nodes-base.if","nodeName":"If","nodeId":"ae47ab65-f8eb-415b-aafc-fa2cf54d58f9"}}
{"__type":"$$EventMessageConfirm","confirm":"06124536-5342-4988-b300-ce0ffd19b195","ts":"2026-09-09T06:36:23.620-04:00","source":{"id":"0","name":"eventBus"}}
{"__type":"$$EventMessageNode","id":"e3a212c2-b305-4bf1-a1e5-9cc86247cc26","ts":"2026-09-09T06:36:23.621-04:00","eventName":"n8n.node.started","message":"n8n.node.started","payload":{"workflowId":"fC5E99z5uUn0fKjT","workflowName":"Accisense alert","executionId":"31","nodeType":"n8n-nodes-base.httpRequest","nodeName":"Create Incident","nodeId":"a8982d80-dd7c-4b50-bcc1-9774d5030e50"}}
{"__type":"$$EventMessageConfirm","confirm":"e3a212c2-b305-4bf1-a1e5-9cc86247cc26","ts":"2026-09-09T06:36:23.621-04:00","source":{"id":"0","name":"eventBus"}}
{"__type":"$$EventMessageNode","id":"ebdff8d3-9830-4370-8392-720fcde59165","ts":"2026-09-09T06:36:24.075-04:00","eventName":"n8n.node.finished","message":"n8n.node.finished","payload":{"workflowId":"fC5E99z5uUn0fKjT","workflowName":"Accisense alert","executionId":"31","nodeType":"n8n-nodes-base.httpRequest","nodeName":"Create Incident","nodeId":"a8982d80-dd7c-4b50-bcc1-9774d5030e50"}}
{"__type":"$$EventMessageConfirm","confirm":"ebdff8d3-9830-4370-8392-720fcde59165","ts":"2026-09-09T06:36:24.076-04:00","source":{"id":"0","name":"eventBus"}}
{"__type":"$$EventMessageWorkflow","id":"754570a9-5b29-4982-9b42-dd7406c55e60","ts":"2026-09-09T06:36:24.083-04:00","eventName":"n8n.workflow.failed","message":"n8n.workflow.failed","payload":{"userId":"c17e4e51-fb03-4a49-8690-2eb153d72420","executionId":"31","success":false,"isManual":true,"mode":"manual","workflowId":"fC5E99z5uUn0fKjT","workflowName":"Accisense alert","projectId":"VPeJW2ayhoZgotkV","projectName":"ANURAG SHARMA <anurag.25scse1180671@galgotiasuniversity.ac.in>","lastNodeExecuted":"Create Incident","errorNodeType":"n8n-nodes-base.httpRequest","errorMessage":"The resource you are requesting could not be found"}}
{"__type":"$$EventMessageConfirm","confirm":"754570a9-5b29-4982-9b42-dd7406c55e60","ts":"2026-09-09T06:36:24.083-04:00","source":{"id":"0","name":"eventBus"}}
{"__type":"$$EventMessageAudit","id":"1fd29533-b3c8-4d60-9b44-30455ff07c40","ts":"2026-09-09T06:39:00.055-04:00","eventName":"n8n.audit.workflow.updated","message":"n8n.audit.workflow.updated","payload":{"userId":"c17e4e51-fb03-4a49-8690-2eb153d72420","_email":"anurag.25scse1180671@galgotiasuniversity.ac.in","_firstName":"ANURAG","_lastName":"SHARMA","globalRole":"global:owner","workflowId":"fC5E99z5uUn0fKjT","workflowName":"Accisense alert"}}
{"__type":"$$EventMessageConfirm","confirm":"1fd29533-b3c8-4d60-9b44-30455ff07c40","ts":"2026-09-09T06:39:00.055-04:00","source":{"id":"0","name":"eventBus"}}
{"__type":"$$EventMessageAudit","id":"e131424c-3149-4fd9-81b1-a907d53ae6d9","ts":"2026-09-09T06:39:01.898-04:00","eventName":"n8n.audit.workflow.updated","message":"n8n.audit.workflow.updated","payload":{"userId":"c17e4e51-fb03-4a49-8690-2eb153d72420","_email":"anurag.25scse1180671@galgotiasuniversity.ac.in","_firstName":"ANURAG","_lastName":"SHARMA","globalRole":"global:owner","workflowId":"fC5E99z5uUn0fKjT","workflowName":"Accisense alert"}}
{"__type":"$$EventMessageConfirm","confirm":"e131424c-3149-4fd9-81b1-a907d53ae6d9","ts":"2026-09-09T06:39:01.898-04:00","source":{"id":"0","name":"eventBus"}}
{"__type":"$$EventMessageAudit","id":"e3551d12-1023-4f28-ba19-836714b729f9","ts":"2026-09-09T06:39:07.724-04:00","eventName":"n8n.audit.workflow.updated","message":"n8n.audit.workflow.updated","payload":{"userId":"c17e4e51-fb03-4a49-8690-2eb153d72420","_email":"anurag.25scse1180671@galgotiasuniversity.ac.in","_firstName":"ANURAG","_lastName":"SHARMA","globalRole":"global:owner","workflowId":"fC5E99z5uUn0fKjT","workflowName":"Accisense alert"}}
{"__type":"$$EventMessageConfirm","confirm":"e3551d12-1023-4f28-ba19-836714b729f9","ts":"2026-09-09T06:39:07.724-04:00","source":{"id":"0","name":"eventBus"}}
{"__type":"$$EventMessageAudit","id":"cab6bd20-7a07-462a-8736-fd8e90b95f8d","ts":"2026-09-09T06:39:11.009-04:00","eventName":"n8n.audit.workflow.updated","message":"n8n.audit.workflow.updated","payload":{"userId":"c17e4e51-fb03-4a49-8690-2eb153d72420","_email":"anurag.25scse1180671@galgotiasuniversity.ac.in","_firstName":"ANURAG","_lastName":"SHARMA","globalRole":"global:owner","workflowId":"fC5E99z5uUn0fKjT","workflowName":"Accisense alert"}}
{"__type":"$$EventMessageConfirm","confirm":"cab6bd20-7a07-462a-8736-fd8e90b95f8d","ts":"2026-09-09T06:39:11.009-04:00","source":{"id":"0","name":"eventBus"}}
{"__type":"$$EventMessageAudit","id":"4e86f8bf-76d1-4cc2-9c18-7f356ac9a38c","ts":"2026-09-09T06:39:14.083-04:00","eventName":"n8n.audit.workflow.updated","message":"n8n.audit.workflow.updated","payload":{"userId":"c17e4e51-fb03-4a49-8690-2eb153d72420","_email":"anurag.25scse1180671@galgotiasuniversity.ac.in","_firstName":"ANURAG","_lastName":"SHARMA","globalRole":"global:owner","workflowId":"fC5E99z5uUn0fKjT","workflowName":"Accisense alert"}}
{"__type":"$$EventMessageConfirm","confirm":"4e86f8bf-76d1-4cc2-9c18-7f356ac9a38c","ts":"2026-09-09T06:39:14.084-04:00","source":{"id":"0","name":"eventBus"}}
{"__type":"$$EventMessageAudit","id":"d5963532-dc25-4fc5-aa32-86cfa0f13e57","ts":"2026-09-09T06:39:16.664-04:00","eventName":"n8n.audit.workflow.updated","message":"n8n.audit.workflow.updated","payload":{"userId":"c17e4e51-fb03-4a49-8690-2eb153d72420","_email":"anurag.25scse1180671@galgotiasuniversity.ac.in","_firstName":"ANURAG","_lastName":"SHARMA","globalRole":"global:owner","workflowId":"fC5E99z5uUn0fKjT","workflowName":"Accisense alert"}}
{"__type":"$$EventMessageConfirm","confirm":"d5963532-dc25-4fc5-aa32-86cfa0f13e57","ts":"2026-09-09T06:39:16.664-04:00","source":{"id":"0","name":"eventBus"}}
{"__type":"$$EventMessageAudit","id":"f7b8f9a9-0513-445c-b1ac-91e14ff1cc90","ts":"2026-09-09T06:41:01.214-04:00","eventName":"n8n.audit.workflow.executed","message":"n8n.audit.workflow.executed","payload":{"userId":"c17e4e51-fb03-4a49-8690-2eb153d72420","_email":"anurag.25scse1180671@galgotiasuniversity.ac.in","_firstName":"ANURAG","_lastName":"SHARMA","globalRole":"global:owner","workflowId":"fC5E99z5uUn0fKjT","workflowName":"Accisense alert","executionId":"32","projectId":"VPeJW2ayhoZgotkV","projectName":"ANURAG SHARMA <anurag.25scse1180671@galgotiasuniversity.ac.in>","source":"user-manual"}}
{"__type":"$$EventMessageConfirm","confirm":"f7b8f9a9-0513-445c-b1ac-91e14ff1cc90","ts":"2026-09-09T06:41:01.214-04:00","source":{"id":"0","name":"eventBus"}}
{"__type":"$$EventMessageWorkflow","id":"3b79988b-28be-4797-b057-ca1e674c84e8","ts":"2026-09-09T06:41:01.216-04:00","eventName":"n8n.workflow.started","message":"n8n.workflow.started","payload":{"executionId":"32","workflowId":"fC5E99z5uUn0fKjT","isManual":false,"mode":"manual","workflowName":"Accisense alert","projectId":"VPeJW2ayhoZgotkV","projectName":"ANURAG SHARMA <anurag.25scse1180671@galgotiasuniversity.ac.in>"}}
{"__type":"$$EventMessageConfirm","confirm":"3b79988b-28be-4797-b057-ca1e674c84e8","ts":"2026-09-09T06:41:01.216-04:00","source":{"id":"0","name":"eventBus"}}
{"__type":"$$EventMessageNode","id":"3a0916f8-1272-4473-a323-64c8521de7ec","ts":"2026-09-09T06:41:01.245-04:00","eventName":"n8n.node.started","message":"n8n.node.started","payload":{"workflowId":"fC5E99z5uUn0fKjT","workflowName":"Accisense alert","executionId":"32","nodeType":"n8n-nodes-base.httpRequest","nodeName":"Create Incident","nodeId":"a8982d80-dd7c-4b50-bcc1-9774d5030e50"}}
{"__type":"$$EventMessageConfirm","confirm":"3a0916f8-1272-4473-a323-64c8521de7ec","ts":"2026-09-09T06:41:01.245-04:00","source":{"id":"0","name":"eventBus"}}
{"__type":"$$EventMessageNode","id":"d67fa25d-2d6c-47a3-b551-d1c6cf661b65","ts":"2026-09-09T06:41:01.494-04:00","eventName":"n8n.node.finished","message":"n8n.node.finished","payload":{"workflowId":"fC5E99z5uUn0fKjT","workflowName":"Accisense alert","executionId":"32","nodeType":"n8n-nodes-base.httpRequest","nodeName":"Create Incident","nodeId":"a8982d80-dd7c-4b50-bcc1-9774d5030e50"}}
{"__type":"$$EventMessageConfirm","confirm":"d67fa25d-2d6c-47a3-b551-d1c6cf661b65","ts":"2026-09-09T06:41:01.494-04:00","source":{"id":"0","name":"eventBus"}}
{"__type":"$$EventMessageWorkflow","id":"7d46e56b-0a90-4a6f-a3ab-89ed313089e5","ts":"2026-09-09T06:41:01.498-04:00","eventName":"n8n.workflow.failed","message":"n8n.workflow.failed","payload":{"userId":"c17e4e51-fb03-4a49-8690-2eb153d72420","executionId":"32","success":false,"isManual":true,"mode":"manual","workflowId":"fC5E99z5uUn0fKjT","workflowName":"Accisense alert","projectId":"VPeJW2ayhoZgotkV","projectName":"ANURAG SHARMA <anurag.25scse1180671@galgotiasuniversity.ac.in>","lastNodeExecuted":"Create Incident","errorNodeType":"n8n-nodes-base.httpRequest","errorMessage":"The connection cannot be established, this usually occurs due to an incorrect host (domain) value"}}
{"__type":"$$EventMessageConfirm","confirm":"7d46e56b-0a90-4a6f-a3ab-89ed313089e5","ts":"2026-09-09T06:41:01.498-04:00","source":{"id":"0","name":"eventBus"}}
{"__type":"$$EventMessageAudit","id":"d5b45306-ae7f-4994-8678-084196e386d6","ts":"2026-09-09T06:41:28.665-04:00","eventName":"n8n.audit.workflow.updated","message":"n8n.audit.workflow.updated","payload":{"userId":"c17e4e51-fb03-4a49-8690-2eb153d72420","_email":"anurag.25scse1180671@galgotiasuniversity.ac.in","_firstName":"ANURAG","_lastName":"SHARMA","globalRole":"global:owner","workflowId":"fC5E99z5uUn0fKjT","workflowName":"Accisense alert"}}
{"__type":"$$EventMessageConfirm","confirm":"d5b45306-ae7f-4994-8678-084196e386d6","ts":"2026-09-09T06:41:28.665-04:00","source":{"id":"0","name":"eventBus"}}
{"__type":"$$EventMessageAudit","id":"caab8c97-49d1-4cee-834a-8603979fb0fe","ts":"2026-09-09T06:41:28.863-04:00","eventName":"n8n.audit.workflow.executed","message":"n8n.audit.workflow.executed","payload":{"userId":"c17e4e51-fb03-4a49-8690-2eb153d72420","_email":"anurag.25scse1180671@galgotiasuniversity.ac.in","_firstName":"ANURAG","_lastName":"SHARMA","globalRole":"global:owner","workflowId":"fC5E99z5uUn0fKjT","workflowName":"Accisense alert","executionId":"33","projectId":"VPeJW2ayhoZgotkV","projectName":"ANURAG SHARMA <anurag.25scse1180671@galgotiasuniversity.ac.in>","source":"user-manual"}}
{"__type":"$$EventMessageConfirm","confirm":"caab8c97-49d1-4cee-834a-8603979fb0fe","ts":"2026-09-09T06:41:28.863-04:00","source":{"id":"0","name":"eventBus"}}
{"__type":"$$EventMessageWorkflow","id":"f1b9550b-041a-4d10-933f-018dce18bd45","ts":"2026-09-09T06:41:28.864-04:00","eventName":"n8n.workflow.started","message":"n8n.workflow.started","payload":{"executionId":"33","workflowId":"fC5E99z5uUn0fKjT","isManual":false,"mode":"manual","workflowName":"Accisense alert","projectId":"VPeJW2ayhoZgotkV","projectName":"ANURAG SHARMA <anurag.25scse1180671@galgotiasuniversity.ac.in>"}}
{"__type":"$$EventMessageConfirm","confirm":"f1b9550b-041a-4d10-933f-018dce18bd45","ts":"2026-09-09T06:41:28.864-04:00","source":{"id":"0","name":"eventBus"}}
{"__type":"$$EventMessageNode","id":"b01e6a9c-60ad-4dc4-b360-ad6c34b20090","ts":"2026-09-09T06:41:28.883-04:00","eventName":"n8n.node.started","message":"n8n.node.started","payload":{"workflowId":"fC5E99z5uUn0fKjT","workflowName":"Accisense alert","executionId":"33","nodeType":"n8n-nodes-base.httpRequest","nodeName":"Create Incident","nodeId":"a8982d80-dd7c-4b50-bcc1-9774d5030e50"}}
{"__type":"$$EventMessageConfirm","confirm":"b01e6a9c-60ad-4dc4-b360-ad6c34b20090","ts":"2026-09-09T06:41:28.883-04:00","source":{"id":"0","name":"eventBus"}}
{"__type":"$$EventMessageNode","id":"0cca1396-f89e-4442-ae8a-240d8c5c6cb9","ts":"2026-09-09T06:41:28.910-04:00","eventName":"n8n.node.finished","message":"n8n.node.finished","payload":{"workflowId":"fC5E99z5uUn0fKjT","workflowName":"Accisense alert","executionId":"33","nodeType":"n8n-nodes-base.httpRequest","nodeName":"Create Incident","nodeId":"a8982d80-dd7c-4b50-bcc1-9774d5030e50"}}
{"__type":"$$EventMessageConfirm","confirm":"0cca1396-f89e-4442-ae8a-240d8c5c6cb9","ts":"2026-09-09T06:41:28.910-04:00","source":{"id":"0","name":"eventBus"}}
{"__type":"$$EventMessageWorkflow","id":"4790c8d0-f35a-4ccb-bcba-5dd5ebd37ce4","ts":"2026-09-09T06:41:28.913-04:00","eventName":"n8n.workflow.failed","message":"n8n.workflow.failed","payload":{"userId":"c17e4e51-fb03-4a49-8690-2eb153d72420","executionId":"33","success":false,"isManual":true,"mode":"manual","workflowId":"fC5E99z5uUn0fKjT","workflowName":"Accisense alert","projectId":"VPeJW2ayhoZgotkV","projectName":"ANURAG SHARMA <anurag.25scse1180671@galgotiasuniversity.ac.in>","lastNodeExecuted":"Create Incident","errorNodeType":"n8n-nodes-base.httpRequest","errorMessage":"write EPROTO 906BE2D389780000:error:0A00010B:SSL routines:tls_validate_record_header:wrong version number:../../deps/openssl/openssl/ssl/record/methods/tlsany_meth.c:77:\n"}}
{"__type":"$$EventMessageConfirm","confirm":"4790c8d0-f35a-4ccb-bcba-5dd5ebd37ce4","ts":"2026-09-09T06:41:28.913-04:00","source":{"id":"0","name":"eventBus"}}
{"__type":"$$EventMessageAudit","id":"c852ce4b-7059-44e8-a202-8934c50d1e16","ts":"2026-09-09T06:42:48.642-04:00","eventName":"n8n.audit.workflow.updated","message":"n8n.audit.workflow.updated","payload":{"userId":"c17e4e51-fb03-4a49-8690-2eb153d72420","_email":"anurag.25scse1180671@galgotiasuniversity.ac.in","_firstName":"ANURAG","_lastName":"SHARMA","globalRole":"global:owner","workflowId":"fC5E99z5uUn0fKjT","workflowName":"Accisense alert"}}
{"__type":"$$EventMessageConfirm","confirm":"c852ce4b-7059-44e8-a202-8934c50d1e16","ts":"2026-09-09T06:42:48.642-04:00","source":{"id":"0","name":"eventBus"}}
{"__type":"$$EventMessageAudit","id":"4f3e7813-6566-44ac-9467-a6bf7a75cb97","ts":"2026-09-09T06:42:48.802-04:00","eventName":"n8n.audit.workflow.executed","message":"n8n.audit.workflow.executed","payload":{"userId":"c17e4e51-fb03-4a49-8690-2eb153d72420","_email":"anurag.25scse1180671@galgotiasuniversity.ac.in","_firstName":"ANURAG","_lastName":"SHARMA","globalRole":"global:owner","workflowId":"fC5E99z5uUn0fKjT","workflowName":"Accisense alert","executionId":"34","projectId":"VPeJW2ayhoZgotkV","projectName":"ANURAG SHARMA <anurag.25scse1180671@galgotiasuniversity.ac.in>","source":"user-manual"}}
{"__type":"$$EventMessageConfirm","confirm":"4f3e7813-6566-44ac-9467-a6bf7a75cb97","ts":"2026-09-09T06:42:48.802-04:00","source":{"id":"0","name":"eventBus"}}
{"__type":"$$EventMessageWorkflow","id":"6ab0e8e4-1778-427e-962c-a0768c8544ce","ts":"2026-09-09T06:42:48.803-04:00","eventName":"n8n.workflow.started","message":"n8n.workflow.started","payload":{"executionId":"34","workflowId":"fC5E99z5uUn0fKjT","isManual":false,"mode":"manual","workflowName":"Accisense alert","projectId":"VPeJW2ayhoZgotkV","projectName":"ANURAG SHARMA <anurag.25scse1180671@galgotiasuniversity.ac.in>"}}
{"__type":"$$EventMessageConfirm","confirm":"6ab0e8e4-1778-427e-962c-a0768c8544ce","ts":"2026-09-09T06:42:48.803-04:00","source":{"id":"0","name":"eventBus"}}
{"__type":"$$EventMessageNode","id":"a41bed8a-5d65-40f8-b35f-cfd5d89790f3","ts":"2026-09-09T06:42:48.819-04:00","eventName":"n8n.node.started","message":"n8n.node.started","payload":{"workflowId":"fC5E99z5uUn0fKjT","workflowName":"Accisense alert","executionId":"34","nodeType":"n8n-nodes-base.httpRequest","nodeName":"Create Incident","nodeId":"a8982d80-dd7c-4b50-bcc1-9774d5030e50"}}
{"__type":"$$EventMessageConfirm","confirm":"a41bed8a-5d65-40f8-b35f-cfd5d89790f3","ts":"2026-09-09T06:42:48.820-04:00","source":{"id":"0","name":"eventBus"}}
{"__type":"$$EventMessageNode","id":"cdfa1947-da1e-4d5a-bf37-5adfddfa89e8","ts":"2026-09-09T06:42:50.744-04:00","eventName":"n8n.node.finished","message":"n8n.node.finished","payload":{"workflowId":"fC5E99z5uUn0fKjT","workflowName":"Accisense alert","executionId":"34","nodeType":"n8n-nodes-base.httpRequest","nodeName":"Create Incident","nodeId":"a8982d80-dd7c-4b50-bcc1-9774d5030e50"}}
{"__type":"$$EventMessageConfirm","confirm":"cdfa1947-da1e-4d5a-bf37-5adfddfa89e8","ts":"2026-09-09T06:42:50.744-04:00","source":{"id":"0","name":"eventBus"}}
{"__type":"$$EventMessageWorkflow","id":"801b0e0a-2bce-41b4-8cd8-206b3011d4d5","ts":"2026-09-09T06:42:50.747-04:00","eventName":"n8n.workflow.success","message":"n8n.workflow.success","payload":{"userId":"c17e4e51-fb03-4a49-8690-2eb153d72420","executionId":"34","success":true,"isManual":true,"mode":"manual","workflowId":"fC5E99z5uUn0fKjT","workflowName":"Accisense alert","projectId":"VPeJW2ayhoZgotkV","projectName":"ANURAG SHARMA <anurag.25scse1180671@galgotiasuniversity.ac.in>"}}
{"__type":"$$EventMessageConfirm","confirm":"801b0e0a-2bce-41b4-8cd8-206b3011d4d5","ts":"2026-09-09T06:42:50.747-04:00","source":{"id":"0","name":"eventBus"}}
{"__type":"$$EventMessageAudit","id":"4bfee539-5c66-42f8-a3fd-e28261761651","ts":"2026-09-09T06:43:19.882-04:00","eventName":"n8n.audit.workflow.executed","message":"n8n.audit.workflow.executed","payload":{"workflowId":"fC5E99z5uUn0fKjT","workflowName":"Accisense alert","executionId":"35","projectId":"VPeJW2ayhoZgotkV","projectName":"ANURAG SHARMA <anurag.25scse1180671@galgotiasuniversity.ac.in>","source":"webhook"}}
{"__type":"$$EventMessageConfirm","confirm":"4bfee539-5c66-42f8-a3fd-e28261761651","ts":"2026-09-09T06:43:19.882-04:00","source":{"id":"0","name":"eventBus"}}
{"__type":"$$EventMessageWorkflow","id":"b5f9d254-4dca-4d69-b79c-c202bae9bd5e","ts":"2026-09-09T06:43:19.883-04:00","eventName":"n8n.workflow.started","message":"n8n.workflow.started","payload":{"executionId":"35","workflowId":"fC5E99z5uUn0fKjT","isManual":false,"mode":"manual","workflowName":"Accisense alert","projectId":"VPeJW2ayhoZgotkV","projectName":"ANURAG SHARMA <anurag.25scse1180671@galgotiasuniversity.ac.in>"}}
{"__type":"$$EventMessageConfirm","confirm":"b5f9d254-4dca-4d69-b79c-c202bae9bd5e","ts":"2026-09-09T06:43:19.883-04:00","source":{"id":"0","name":"eventBus"}}
{"__type":"$$EventMessageNode","id":"937f8831-06aa-47d8-8932-c85b801c7592","ts":"2026-09-09T06:43:19.903-04:00","eventName":"n8n.node.started","message":"n8n.node.started","payload":{"workflowId":"fC5E99z5uUn0fKjT","workflowName":"Accisense alert","executionId":"35","nodeType":"n8n-nodes-base.webhook","nodeName":"Webhook","nodeId":"1132293c-0068-4318-83d9-b3883ab01b5a"}}
{"__type":"$$EventMessageConfirm","confirm":"937f8831-06aa-47d8-8932-c85b801c7592","ts":"2026-09-09T06:43:19.903-04:00","source":{"id":"0","name":"eventBus"}}
{"__type":"$$EventMessageNode","id":"4e8491fc-dda4-4c77-a1b8-17240d93133a","ts":"2026-09-09T06:43:19.904-04:00","eventName":"n8n.node.finished","message":"n8n.node.finished","payload":{"workflowId":"fC5E99z5uUn0fKjT","workflowName":"Accisense alert","executionId":"35","nodeType":"n8n-nodes-base.webhook","nodeName":"Webhook","nodeId":"1132293c-0068-4318-83d9-b3883ab01b5a"}}
{"__type":"$$EventMessageConfirm","confirm":"4e8491fc-dda4-4c77-a1b8-17240d93133a","ts":"2026-09-09T06:43:19.905-04:00","source":{"id":"0","name":"eventBus"}}
{"__type":"$$EventMessageNode","id":"fb1e983b-1a69-4edd-ad82-c173e818f1db","ts":"2026-09-09T06:43:19.905-04:00","eventName":"n8n.node.started","message":"n8n.node.started","payload":{"workflowId":"fC5E99z5uUn0fKjT","workflowName":"Accisense alert","executionId":"35","nodeType":"n8n-nodes-base.if","nodeName":"If","nodeId":"ae47ab65-f8eb-415b-aafc-fa2cf54d58f9"}}
{"__type":"$$EventMessageConfirm","confirm":"fb1e983b-1a69-4edd-ad82-c173e818f1db","ts":"2026-09-09T06:43:19.905-04:00","source":{"id":"0","name":"eventBus"}}
{"__type":"$$EventMessageNode","id":"3694ab7b-e059-4b47-822f-4946b9e08109","ts":"2026-09-09T06:43:19.915-04:00","eventName":"n8n.node.finished","message":"n8n.node.finished","payload":{"workflowId":"fC5E99z5uUn0fKjT","workflowName":"Accisense alert","executionId":"35","nodeType":"n8n-nodes-base.if","nodeName":"If","nodeId":"ae47ab65-f8eb-415b-aafc-fa2cf54d58f9"}}
{"__type":"$$EventMessageConfirm","confirm":"3694ab7b-e059-4b47-822f-4946b9e08109","ts":"2026-09-09T06:43:19.916-04:00","source":{"id":"0","name":"eventBus"}}
{"__type":"$$EventMessageNode","id":"4831ac49-7c3f-42ce-88cf-7e828d2dfbdf","ts":"2026-09-09T06:43:19.917-04:00","eventName":"n8n.node.started","message":"n8n.node.started","payload":{"workflowId":"fC5E99z5uUn0fKjT","workflowName":"Accisense alert","executionId":"35","nodeType":"n8n-nodes-base.httpRequest","nodeName":"Create Incident","nodeId":"a8982d80-dd7c-4b50-bcc1-9774d5030e50"}}
{"__type":"$$EventMessageConfirm","confirm":"4831ac49-7c3f-42ce-88cf-7e828d2dfbdf","ts":"2026-09-09T06:43:19.918-04:00","source":{"id":"0","name":"eventBus"}}
{"__type":"$$EventMessageNode","id":"39c7db42-2d93-4221-84be-208554711e01","ts":"2026-09-09T06:43:20.348-04:00","eventName":"n8n.node.finished","message":"n8n.node.finished","payload":{"workflowId":"fC5E99z5uUn0fKjT","workflowName":"Accisense alert","executionId":"35","nodeType":"n8n-nodes-base.httpRequest","nodeName":"Create Incident","nodeId":"a8982d80-dd7c-4b50-bcc1-9774d5030e50"}}
{"__type":"$$EventMessageConfirm","confirm":"39c7db42-2d93-4221-84be-208554711e01","ts":"2026-09-09T06:43:20.348-04:00","source":{"id":"0","name":"eventBus"}}
{"__type":"$$EventMessageNode","id":"da6418bd-fcca-498b-aff9-c24a7156e524","ts":"2026-09-09T06:43:20.349-04:00","eventName":"n8n.node.started","message":"n8n.node.started","payload":{"workflowId":"fC5E99z5uUn0fKjT","workflowName":"Accisense alert","executionId":"35","nodeType":"n8n-nodes-base.telegram","nodeName":"Send Alert","nodeId":"7c481263-5942-4621-a0e8-799c9e1a6335"}}
{"__type":"$$EventMessageConfirm","confirm":"da6418bd-fcca-498b-aff9-c24a7156e524","ts":"2026-09-09T06:43:20.349-04:00","source":{"id":"0","name":"eventBus"}}
{"__type":"$$EventMessageNode","id":"90f34c91-584f-46ac-adee-786804592730","ts":"2026-09-09T06:43:21.460-04:00","eventName":"n8n.node.finished","message":"n8n.node.finished","payload":{"workflowId":"fC5E99z5uUn0fKjT","workflowName":"Accisense alert","executionId":"35","nodeType":"n8n-nodes-base.telegram","nodeName":"Send Alert","nodeId":"7c481263-5942-4621-a0e8-799c9e1a6335"}}
{"__type":"$$EventMessageConfirm","confirm":"90f34c91-584f-46ac-adee-786804592730","ts":"2026-09-09T06:43:21.461-04:00","source":{"id":"0","name":"eventBus"}}
{"__type":"$$EventMessageNode","id":"c956d809-0716-45fa-b7f2-c535ecf2a162","ts":"2026-09-09T06:43:21.461-04:00","eventName":"n8n.node.started","message":"n8n.node.started","payload":{"workflowId":"fC5E99z5uUn0fKjT","workflowName":"Accisense alert","executionId":"35","nodeType":"n8n-nodes-base.supabase","nodeName":"Create a row","nodeId":"00c26655-3a8f-471e-a1e0-49c908b3a937"}}
{"__type":"$$EventMessageConfirm","confirm":"c956d809-0716-45fa-b7f2-c535ecf2a162","ts":"2026-09-09T06:43:21.461-04:00","source":{"id":"0","name":"eventBus"}}
{"__type":"$$EventMessageNode","id":"bcface8f-77c1-4466-9890-1cb90ff1ab06","ts":"2026-09-09T06:43:22.429-04:00","eventName":"n8n.node.finished","message":"n8n.node.finished","payload":{"workflowId":"fC5E99z5uUn0fKjT","workflowName":"Accisense alert","executionId":"35","nodeType":"n8n-nodes-base.supabase","nodeName":"Create a row","nodeId":"00c26655-3a8f-471e-a1e0-49c908b3a937"}}
{"__type":"$$EventMessageConfirm","confirm":"bcface8f-77c1-4466-9890-1cb90ff1ab06","ts":"2026-09-09T06:43:22.429-04:00","source":{"id":"0","name":"eventBus"}}
{"__type":"$$EventMessageNode","id":"90ef603b-c6ce-41db-9544-20549d9ca731","ts":"2026-09-09T06:43:22.429-04:00","eventName":"n8n.node.started","message":"n8n.node.started","payload":{"workflowId":"fC5E99z5uUn0fKjT","workflowName":"Accisense alert","executionId":"35","nodeType":"n8n-nodes-base.telegram","nodeName":"Send confirmation/log","nodeId":"c744bd15-731f-4fc0-b570-38a032a54b24"}}
{"__type":"$$EventMessageConfirm","confirm":"90ef603b-c6ce-41db-9544-20549d9ca731","ts":"2026-09-09T06:43:22.429-04:00","source":{"id":"0","name":"eventBus"}}
{"__type":"$$EventMessageNode","id":"da62ae46-a4b0-49a9-8b68-50226ec6e4f2","ts":"2026-09-09T06:43:23.547-04:00","eventName":"n8n.node.finished","message":"n8n.node.finished","payload":{"workflowId":"fC5E99z5uUn0fKjT","workflowName":"Accisense alert","executionId":"35","nodeType":"n8n-nodes-base.telegram","nodeName":"Send confirmation/log","nodeId":"c744bd15-731f-4fc0-b570-38a032a54b24"}}
{"__type":"$$EventMessageConfirm","confirm":"da62ae46-a4b0-49a9-8b68-50226ec6e4f2","ts":"2026-09-09T06:43:23.547-04:00","source":{"id":"0","name":"eventBus"}}
{"__type":"$$EventMessageWorkflow","id":"eb66d00d-d406-4dab-9e3c-8bfa50a7575f","ts":"2026-09-09T06:43:23.549-04:00","eventName":"n8n.workflow.success","message":"n8n.workflow.success","payload":{"userId":"c17e4e51-fb03-4a49-8690-2eb153d72420","executionId":"35","success":true,"isManual":true,"mode":"manual","workflowId":"fC5E99z5uUn0fKjT","workflowName":"Accisense alert","projectId":"VPeJW2ayhoZgotkV","projectName":"ANURAG SHARMA <anurag.25scse1180671@galgotiasuniversity.ac.in>"}}
{"__type":"$$EventMessageConfirm","confirm":"eb66d00d-d406-4dab-9e3c-8bfa50a7575f","ts":"2026-09-09T06:43:23.549-04:00","source":{"id":"0","name":"eventBus"}}
{"__type":"$$EventMessageAudit","id":"6a76819d-671b-4758-8477-0a22d6467fe5","ts":"2026-09-09T06:43:39.675-04:00","eventName":"n8n.audit.workflow.executed","message":"n8n.audit.workflow.executed","payload":{"workflowId":"syQ1650RVcPcjzXQ","workflowName":"Accisense Ack","executionId":"36","projectId":"VPeJW2ayhoZgotkV","projectName":"ANURAG SHARMA <anurag.25scse1180671@galgotiasuniversity.ac.in>","source":"webhook"}}
{"__type":"$$EventMessageConfirm","confirm":"6a76819d-671b-4758-8477-0a22d6467fe5","ts":"2026-09-09T06:43:39.675-04:00","source":{"id":"0","name":"eventBus"}}
{"__type":"$$EventMessageWorkflow","id":"a45f8014-75fd-4c62-b225-21ffa4d27671","ts":"2026-09-09T06:43:39.677-04:00","eventName":"n8n.workflow.started","message":"n8n.workflow.started","payload":{"executionId":"36","workflowId":"syQ1650RVcPcjzXQ","isManual":false,"mode":"manual","workflowName":"Accisense Ack","projectId":"VPeJW2ayhoZgotkV","projectName":"ANURAG SHARMA <anurag.25scse1180671@galgotiasuniversity.ac.in>"}}
{"__type":"$$EventMessageConfirm","confirm":"a45f8014-75fd-4c62-b225-21ffa4d27671","ts":"2026-09-09T06:43:39.677-04:00","source":{"id":"0","name":"eventBus"}}
{"__type":"$$EventMessageNode","id":"05199e10-d150-496b-be5b-5a9cfed86ac6","ts":"2026-09-09T06:43:39.698-04:00","eventName":"n8n.node.started","message":"n8n.node.started","payload":{"workflowId":"syQ1650RVcPcjzXQ","workflowName":"Accisense Ack","executionId":"36","nodeType":"n8n-nodes-base.telegramTrigger","nodeName":"On ACK Button","nodeId":"c6dd631b-5579-4cf6-a48b-fbcd8b4ba156"}}
{"__type":"$$EventMessageConfirm","confirm":"05199e10-d150-496b-be5b-5a9cfed86ac6","ts":"2026-09-09T06:43:39.698-04:00","source":{"id":"0","name":"eventBus"}}
{"__type":"$$EventMessageNode","id":"3057a2d0-de9f-402c-bee4-942c7051b5a9","ts":"2026-09-09T06:43:39.699-04:00","eventName":"n8n.node.finished","message":"n8n.node.finished","payload":{"workflowId":"syQ1650RVcPcjzXQ","workflowName":"Accisense Ack","executionId":"36","nodeType":"n8n-nodes-base.telegramTrigger","nodeName":"On ACK Button","nodeId":"c6dd631b-5579-4cf6-a48b-fbcd8b4ba156"}}
{"__type":"$$EventMessageConfirm","confirm":"3057a2d0-de9f-402c-bee4-942c7051b5a9","ts":"2026-09-09T06:43:39.699-04:00","source":{"id":"0","name":"eventBus"}}
{"__type":"$$EventMessageNode","id":"6f725d1b-6f5d-45c5-8861-1950b53378b3","ts":"2026-09-09T06:43:39.701-04:00","eventName":"n8n.node.started","message":"n8n.node.started","payload":{"workflowId":"syQ1650RVcPcjzXQ","workflowName":"Accisense Ack","executionId":"36","nodeType":"n8n-nodes-base.telegram","nodeName":"Answer Query a callback","nodeId":"2661019e-153e-4575-a346-44cc88c70061"}}
{"__type":"$$EventMessageConfirm","confirm":"6f725d1b-6f5d-45c5-8861-1950b53378b3","ts":"2026-09-09T06:43:39.701-04:00","source":{"id":"0","name":"eventBus"}}
{"__type":"$$EventMessageNode","id":"49c1270f-f0f2-4ac3-8f7f-c4e6598543f4","ts":"2026-09-09T06:43:40.743-04:00","eventName":"n8n.node.finished","message":"n8n.node.finished","payload":{"workflowId":"syQ1650RVcPcjzXQ","workflowName":"Accisense Ack","executionId":"36","nodeType":"n8n-nodes-base.telegram","nodeName":"Answer Query a callback","nodeId":"2661019e-153e-4575-a346-44cc88c70061"}}
{"__type":"$$EventMessageConfirm","confirm":"49c1270f-f0f2-4ac3-8f7f-c4e6598543f4","ts":"2026-09-09T06:43:40.743-04:00","source":{"id":"0","name":"eventBus"}}
{"__type":"$$EventMessageNode","id":"ec606875-59b8-4b41-a95e-a4400b0829cb","ts":"2026-09-09T06:43:40.743-04:00","eventName":"n8n.node.started","message":"n8n.node.started","payload":{"workflowId":"syQ1650RVcPcjzXQ","workflowName":"Accisense Ack","executionId":"36","nodeType":"n8n-nodes-base.set","nodeName":"Parse ACK","nodeId":"683cc3f3-95cc-4e0a-bb0a-53169b4c4597"}}
{"__type":"$$EventMessageConfirm","confirm":"ec606875-59b8-4b41-a95e-a4400b0829cb","ts":"2026-09-09T06:43:40.743-04:00","source":{"id":"0","name":"eventBus"}}
{"__type":"$$EventMessageNode","id":"4b0ab5a8-0026-45c2-b521-a1cc8b56042b","ts":"2026-09-09T06:43:40.758-04:00","eventName":"n8n.node.finished","message":"n8n.node.finished","payload":{"workflowId":"syQ1650RVcPcjzXQ","workflowName":"Accisense Ack","executionId":"36","nodeType":"n8n-nodes-base.set","nodeName":"Parse ACK","nodeId":"683cc3f3-95cc-4e0a-bb0a-53169b4c4597"}}
{"__type":"$$EventMessageConfirm","confirm":"4b0ab5a8-0026-45c2-b521-a1cc8b56042b","ts":"2026-09-09T06:43:40.758-04:00","source":{"id":"0","name":"eventBus"}}
{"__type":"$$EventMessageNode","id":"d0139032-068c-4695-94b1-398db20f42a4","ts":"2026-09-09T06:43:40.759-04:00","eventName":"n8n.node.started","message":"n8n.node.started","payload":{"workflowId":"syQ1650RVcPcjzXQ","workflowName":"Accisense Ack","executionId":"36","nodeType":"n8n-nodes-base.set","nodeName":"Extract AcciSense ID","nodeId":"22008c1d-f023-4a46-ab49-e8a035645aac"}}
{"__type":"$$EventMessageConfirm","confirm":"d0139032-068c-4695-94b1-398db20f42a4","ts":"2026-09-09T06:43:40.759-04:00","source":{"id":"0","name":"eventBus"}}
{"__type":"$$EventMessageNode","id":"9ec87e2e-2615-4012-9e9d-e17ff6a81be4","ts":"2026-09-09T06:43:40.778-04:00","eventName":"n8n.node.finished","message":"n8n.node.finished","payload":{"workflowId":"syQ1650RVcPcjzXQ","workflowName":"Accisense Ack","executionId":"36","nodeType":"n8n-nodes-base.set","nodeName":"Extract AcciSense ID","nodeId":"22008c1d-f023-4a46-ab49-e8a035645aac"}}
{"__type":"$$EventMessageConfirm","confirm":"9ec87e2e-2615-4012-9e9d-e17ff6a81be4","ts":"2026-09-09T06:43:40.778-04:00","source":{"id":"0","name":"eventBus"}}
{"__type":"$$EventMessageNode","id":"562bb3f1-91c5-433a-83da-5177995b8371","ts":"2026-09-09T06:43:40.778-04:00","eventName":"n8n.node.started","message":"n8n.node.started","payload":{"workflowId":"syQ1650RVcPcjzXQ","workflowName":"Accisense Ack","executionId":"36","nodeType":"n8n-nodes-base.httpRequest","nodeName":"Acknowledge Incident","nodeId":"a141b20b-15fe-436d-84e8-ff699b266095"}}
{"__type":"$$EventMessageConfirm","confirm":"562bb3f1-91c5-433a-83da-5177995b8371","ts":"2026-09-09T06:43:40.778-04:00","source":{"id":"0","name":"eventBus"}}
{"__type":"$$EventMessageNode","id":"3ddfe683-05c6-4ae3-9633-dc065829c9d3","ts":"2026-09-09T06:43:40.968-04:00","eventName":"n8n.node.finished","message":"n8n.node.finished","payload":{"workflowId":"syQ1650RVcPcjzXQ","workflowName":"Accisense Ack","executionId":"36","nodeType":"n8n-nodes-base.httpRequest","nodeName":"Acknowledge Incident","nodeId":"a141b20b-15fe-436d-84e8-ff699b266095"}}
{"__type":"$$EventMessageConfirm","confirm":"3ddfe683-05c6-4ae3-9633-dc065829c9d3","ts":"2026-09-09T06:43:40.968-04:00","source":{"id":"0","name":"eventBus"}}
{"__type":"$$EventMessageNode","id":"a81a6622-f4b7-477f-a14b-adac3ba29787","ts":"2026-09-09T06:43:40.969-04:00","eventName":"n8n.node.started","message":"n8n.node.started","payload":{"workflowId":"syQ1650RVcPcjzXQ","workflowName":"Accisense Ack","executionId":"36","nodeType":"n8n-nodes-base.telegram","nodeName":"Notify ACK Failure","nodeId":"b8ebc3ff-da85-463f-b713-7617c6a3b5bd"}}
{"__type":"$$EventMessageConfirm","confirm":"a81a6622-f4b7-477f-a14b-adac3ba29787","ts":"2026-09-09T06:43:40.969-04:00","source":{"id":"0","name":"eventBus"}}
{"__type":"$$EventMessageNode","id":"a1572045-8e43-4000-82e4-e5d3646651fe","ts":"2026-09-09T06:43:42.074-04:00","eventName":"n8n.node.finished","message":"n8n.node.finished","payload":{"workflowId":"syQ1650RVcPcjzXQ","workflowName":"Accisense Ack","executionId":"36","nodeType":"n8n-nodes-base.telegram","nodeName":"Notify ACK Failure","nodeId":"b8ebc3ff-da85-463f-b713-7617c6a3b5bd"}}
{"__type":"$$EventMessageConfirm","confirm":"a1572045-8e43-4000-82e4-e5d3646651fe","ts":"2026-09-09T06:43:42.075-04:00","source":{"id":"0","name":"eventBus"}}
{"__type":"$$EventMessageNode","id":"854e6274-7b31-40d1-a930-42a8a3ed5336","ts":"2026-09-09T06:43:42.084-04:00","eventName":"n8n.node.started","message":"n8n.node.started","payload":{"workflowId":"syQ1650RVcPcjzXQ","workflowName":"Accisense Ack","executionId":"36","nodeType":"n8n-nodes-base.merge","nodeName":"Merge","nodeId":"3f4ac7aa-c27d-4378-a92f-511a8966b11c"}}
{"__type":"$$EventMessageConfirm","confirm":"854e6274-7b31-40d1-a930-42a8a3ed5336","ts":"2026-09-09T06:43:42.084-04:00","source":{"id":"0","name":"eventBus"}}
{"__type":"$$EventMessageNode","id":"6f21313d-464a-40dd-acc2-4a4c909b79c3","ts":"2026-09-09T06:43:42.105-04:00","eventName":"n8n.node.finished","message":"n8n.node.finished","payload":{"workflowId":"syQ1650RVcPcjzXQ","workflowName":"Accisense Ack","executionId":"36","nodeType":"n8n-nodes-base.merge","nodeName":"Merge","nodeId":"3f4ac7aa-c27d-4378-a92f-511a8966b11c"}}
{"__type":"$$EventMessageConfirm","confirm":"6f21313d-464a-40dd-acc2-4a4c909b79c3","ts":"2026-09-09T06:43:42.105-04:00","source":{"id":"0","name":"eventBus"}}
{"__type":"$$EventMessageWorkflow","id":"364c6c4f-ba53-43ad-ace9-4ba8beb6d571","ts":"2026-09-09T06:43:42.109-04:00","eventName":"n8n.workflow.success","message":"n8n.workflow.success","payload":{"userId":"c17e4e51-fb03-4a49-8690-2eb153d72420","executionId":"36","success":true,"isManual":true,"mode":"manual","workflowId":"syQ1650RVcPcjzXQ","workflowName":"Accisense Ack","projectId":"VPeJW2ayhoZgotkV","projectName":"ANURAG SHARMA <anurag.25scse1180671@galgotiasuniversity.ac.in>"}}
{"__type":"$$EventMessageConfirm","confirm":"364c6c4f-ba53-43ad-ace9-4ba8beb6d571","ts":"2026-09-09T06:43:42.109-04:00","source":{"id":"0","name":"eventBus"}}
{"__type":"$$EventMessageAudit","id":"4a314f4c-5af9-4887-84c2-2e3f72e6191f","ts":"2026-09-09T06:45:58.972-04:00","eventName":"n8n.audit.workflow.updated","message":"n8n.audit.workflow.updated","payload":{"userId":"c17e4e51-fb03-4a49-8690-2eb153d72420","_email":"anurag.25scse1180671@galgotiasuniversity.ac.in","_firstName":"ANURAG","_lastName":"SHARMA","globalRole":"global:owner","workflowId":"syQ1650RVcPcjzXQ","workflowName":"Accisense Ack"}}
{"__type":"$$EventMessageConfirm","confirm":"4a314f4c-5af9-4887-84c2-2e3f72e6191f","ts":"2026-09-09T06:45:58.972-04:00","source":{"id":"0","name":"eventBus"}}
{"__type":"$$EventMessageAudit","id":"23142fc7-0ef7-4dff-a7bf-7097b4f800f1","ts":"2026-09-09T06:46:01.022-04:00","eventName":"n8n.audit.workflow.updated","message":"n8n.audit.workflow.updated","payload":{"userId":"c17e4e51-fb03-4a49-8690-2eb153d72420","_email":"anurag.25scse1180671@galgotiasuniversity.ac.in","_firstName":"ANURAG","_lastName":"SHARMA","globalRole":"global:owner","workflowId":"syQ1650RVcPcjzXQ","workflowName":"Accisense Ack"}}
{"__type":"$$EventMessageConfirm","confirm":"23142fc7-0ef7-4dff-a7bf-7097b4f800f1","ts":"2026-09-09T06:46:01.022-04:00","source":{"id":"0","name":"eventBus"}}
{"__type":"$$EventMessageAudit","id":"b34adb9f-c873-449f-b26a-9c796b97452a","ts":"2026-09-09T06:46:02.448-04:00","eventName":"n8n.audit.workflow.executed","message":"n8n.audit.workflow.executed","payload":{"userId":"c17e4e51-fb03-4a49-8690-2eb153d72420","_email":"anurag.25scse1180671@galgotiasuniversity.ac.in","_firstName":"ANURAG","_lastName":"SHARMA","globalRole":"global:owner","workflowId":"syQ1650RVcPcjzXQ","workflowName":"Accisense Ack","executionId":"37","projectId":"VPeJW2ayhoZgotkV","projectName":"ANURAG SHARMA <anurag.25scse1180671@galgotiasuniversity.ac.in>","source":"user-manual"}}
{"__type":"$$EventMessageConfirm","confirm":"b34adb9f-c873-449f-b26a-9c796b97452a","ts":"2026-09-09T06:46:02.448-04:00","source":{"id":"0","name":"eventBus"}}
{"__type":"$$EventMessageWorkflow","id":"36213f97-5b5a-45fa-97ef-53deb0033901","ts":"2026-09-09T06:46:02.449-04:00","eventName":"n8n.workflow.started","message":"n8n.workflow.started","payload":{"executionId":"37","workflowId":"syQ1650RVcPcjzXQ","isManual":false,"mode":"manual","workflowName":"Accisense Ack","projectId":"VPeJW2ayhoZgotkV","projectName":"ANURAG SHARMA <anurag.25scse1180671@galgotiasuniversity.ac.in>"}}
{"__type":"$$EventMessageConfirm","confirm":"36213f97-5b5a-45fa-97ef-53deb0033901","ts":"2026-09-09T06:46:02.449-04:00","source":{"id":"0","name":"eventBus"}}
{"__type":"$$EventMessageNode","id":"21d1fa5d-4fe5-43d3-8e83-7743da797b3e","ts":"2026-09-09T06:46:02.467-04:00","eventName":"n8n.node.started","message":"n8n.node.started","payload":{"workflowId":"syQ1650RVcPcjzXQ","workflowName":"Accisense Ack","executionId":"37","nodeType":"n8n-nodes-base.set","nodeName":"Extract AcciSense ID","nodeId":"22008c1d-f023-4a46-ab49-e8a035645aac"}}
{"__type":"$$EventMessageConfirm","confirm":"21d1fa5d-4fe5-43d3-8e83-7743da797b3e","ts":"2026-09-09T06:46:02.468-04:00","source":{"id":"0","name":"eventBus"}}
{"__type":"$$EventMessageNode","id":"332e8c3c-a6b6-4071-bd07-2aa098df477d","ts":"2026-09-09T06:46:02.490-04:00","eventName":"n8n.node.finished","message":"n8n.node.finished","payload":{"workflowId":"syQ1650RVcPcjzXQ","workflowName":"Accisense Ack","executionId":"37","nodeType":"n8n-nodes-base.set","nodeName":"Extract AcciSense ID","nodeId":"22008c1d-f023-4a46-ab49-e8a035645aac"}}
{"__type":"$$EventMessageConfirm","confirm":"332e8c3c-a6b6-4071-bd07-2aa098df477d","ts":"2026-09-09T06:46:02.490-04:00","source":{"id":"0","name":"eventBus"}}
{"__type":"$$EventMessageWorkflow","id":"eb483bb0-5fec-4b14-9884-4d09a42456ed","ts":"2026-09-09T06:46:02.494-04:00","eventName":"n8n.workflow.success","message":"n8n.workflow.success","payload":{"userId":"c17e4e51-fb03-4a49-8690-2eb153d72420","executionId":"37","success":true,"isManual":true,"mode":"manual","workflowId":"syQ1650RVcPcjzXQ","workflowName":"Accisense Ack","projectId":"VPeJW2ayhoZgotkV","projectName":"ANURAG SHARMA <anurag.25scse1180671@galgotiasuniversity.ac.in>"}}
{"__type":"$$EventMessageConfirm","confirm":"eb483bb0-5fec-4b14-9884-4d09a42456ed","ts":"2026-09-09T06:46:02.495-04:00","source":{"id":"0","name":"eventBus"}}
{"__type":"$$EventMessageAudit","id":"539ae530-870d-4ac7-a5bb-e4cea57dd4a3","ts":"2026-09-09T06:46:09.621-04:00","eventName":"n8n.audit.workflow.executed","message":"n8n.audit.workflow.executed","payload":{"userId":"c17e4e51-fb03-4a49-8690-2eb153d72420","_email":"anurag.25scse1180671@galgotiasuniversity.ac.in","_firstName":"ANURAG","_lastName":"SHARMA","globalRole":"global:owner","workflowId":"syQ1650RVcPcjzXQ","workflowName":"Accisense Ack","executionId":"38","projectId":"VPeJW2ayhoZgotkV","projectName":"ANURAG SHARMA <anurag.25scse1180671@galgotiasuniversity.ac.in>","source":"user-manual"}}
{"__type":"$$EventMessageConfirm","confirm":"539ae530-870d-4ac7-a5bb-e4cea57dd4a3","ts":"2026-09-09T06:46:09.621-04:00","source":{"id":"0","name":"eventBus"}}
{"__type":"$$EventMessageWorkflow","id":"aff81cc6-98a7-4e0b-9619-becb371bf342","ts":"2026-09-09T06:46:09.623-04:00","eventName":"n8n.workflow.started","message":"n8n.workflow.started","payload":{"executionId":"38","workflowId":"syQ1650RVcPcjzXQ","isManual":false,"mode":"manual","workflowName":"Accisense Ack","projectId":"VPeJW2ayhoZgotkV","projectName":"ANURAG SHARMA <anurag.25scse1180671@galgotiasuniversity.ac.in>"}}
{"__type":"$$EventMessageConfirm","confirm":"aff81cc6-98a7-4e0b-9619-becb371bf342","ts":"2026-09-09T06:46:09.623-04:00","source":{"id":"0","name":"eventBus"}}
{"__type":"$$EventMessageNode","id":"bbe3ee66-d8e1-4400-a778-05a4265e9d79","ts":"2026-09-09T06:46:09.648-04:00","eventName":"n8n.node.started","message":"n8n.node.started","payload":{"workflowId":"syQ1650RVcPcjzXQ","workflowName":"Accisense Ack","executionId":"38","nodeType":"n8n-nodes-base.httpRequest","nodeName":"Acknowledge Incident","nodeId":"a141b20b-15fe-436d-84e8-ff699b266095"}}
{"__type":"$$EventMessageConfirm","confirm":"bbe3ee66-d8e1-4400-a778-05a4265e9d79","ts":"2026-09-09T06:46:09.648-04:00","source":{"id":"0","name":"eventBus"}}
{"__type":"$$EventMessageNode","id":"251b587c-b642-4c24-9e66-8e1c5a61b781","ts":"2026-09-09T06:46:09.949-04:00","eventName":"n8n.node.finished","message":"n8n.node.finished","payload":{"workflowId":"syQ1650RVcPcjzXQ","workflowName":"Accisense Ack","executionId":"38","nodeType":"n8n-nodes-base.httpRequest","nodeName":"Acknowledge Incident","nodeId":"a141b20b-15fe-436d-84e8-ff699b266095"}}
{"__type":"$$EventMessageConfirm","confirm":"251b587c-b642-4c24-9e66-8e1c5a61b781","ts":"2026-09-09T06:46:09.949-04:00","source":{"id":"0","name":"eventBus"}}
{"__type":"$$EventMessageWorkflow","id":"22377fd9-f69d-4aa4-8ad2-88e462d5b5ca","ts":"2026-09-09T06:46:09.952-04:00","eventName":"n8n.workflow.success","message":"n8n.workflow.success","payload":{"userId":"c17e4e51-fb03-4a49-8690-2eb153d72420","executionId":"38","success":true,"isManual":true,"mode":"manual","workflowId":"syQ1650RVcPcjzXQ","workflowName":"Accisense Ack","projectId":"VPeJW2ayhoZgotkV","projectName":"ANURAG SHARMA <anurag.25scse1180671@galgotiasuniversity.ac.in>"}}
{"__type":"$$EventMessageConfirm","confirm":"22377fd9-f69d-4aa4-8ad2-88e462d5b5ca","ts":"2026-09-09T06:46:09.952-04:00","source":{"id":"0","name":"eventBus"}}
{"__type":"$$EventMessageAudit","id":"4c8b7ccb-44a8-4658-9723-2cb66a23542c","ts":"2026-09-09T06:46:23.611-04:00","eventName":"n8n.audit.workflow.executed","message":"n8n.audit.workflow.executed","payload":{"userId":"c17e4e51-fb03-4a49-8690-2eb153d72420","_email":"anurag.25scse1180671@galgotiasuniversity.ac.in","_firstName":"ANURAG","_lastName":"SHARMA","globalRole":"global:owner","workflowId":"syQ1650RVcPcjzXQ","workflowName":"Accisense Ack","executionId":"39","projectId":"VPeJW2ayhoZgotkV","projectName":"ANURAG SHARMA <anurag.25scse1180671@galgotiasuniversity.ac.in>","source":"user-manual"}}
{"__type":"$$EventMessageConfirm","confirm":"4c8b7ccb-44a8-4658-9723-2cb66a23542c","ts":"2026-09-09T06:46:23.611-04:00","source":{"id":"0","name":"eventBus"}}
{"__type":"$$EventMessageWorkflow","id":"31acd62f-1235-42e7-a477-799b4b579bbb","ts":"2026-09-09T06:46:23.612-04:00","eventName":"n8n.workflow.started","message":"n8n.workflow.started","payload":{"executionId":"39","workflowId":"syQ1650RVcPcjzXQ","isManual":false,"mode":"manual","workflowName":"Accisense Ack","projectId":"VPeJW2ayhoZgotkV","projectName":"ANURAG SHARMA <anurag.25scse1180671@galgotiasuniversity.ac.in>"}}
{"__type":"$$EventMessageConfirm","confirm":"31acd62f-1235-42e7-a477-799b4b579bbb","ts":"2026-09-09T06:46:23.612-04:00","source":{"id":"0","name":"eventBus"}}
{"__type":"$$EventMessageNode","id":"3e2ec101-b3a9-477e-ae49-7ef47f7da091","ts":"2026-09-09T06:46:23.627-04:00","eventName":"n8n.node.started","message":"n8n.node.started","payload":{"workflowId":"syQ1650RVcPcjzXQ","workflowName":"Accisense Ack","executionId":"39","nodeType":"n8n-nodes-base.telegram","nodeName":"Notify ACK Failure","nodeId":"b8ebc3ff-da85-463f-b713-7617c6a3b5bd"}}
{"__type":"$$EventMessageConfirm","confirm":"3e2ec101-b3a9-477e-ae49-7ef47f7da091","ts":"2026-09-09T06:46:23.627-04:00","source":{"id":"0","name":"eventBus"}}
{"__type":"$$EventMessageNode","id":"64d657bd-5b19-403d-a1b7-53773686ea0b","ts":"2026-09-09T06:46:24.761-04:00","eventName":"n8n.node.finished","message":"n8n.node.finished","payload":{"workflowId":"syQ1650RVcPcjzXQ","workflowName":"Accisense Ack","executionId":"39","nodeType":"n8n-nodes-base.telegram","nodeName":"Notify ACK Failure","nodeId":"b8ebc3ff-da85-463f-b713-7617c6a3b5bd"}}
{"__type":"$$EventMessageConfirm","confirm":"64d657bd-5b19-403d-a1b7-53773686ea0b","ts":"2026-09-09T06:46:24.761-04:00","source":{"id":"0","name":"eventBus"}}
{"__type":"$$EventMessageWorkflow","id":"36491f7f-c5b5-4c99-8308-90086bd9963b","ts":"2026-09-09T06:46:24.767-04:00","eventName":"n8n.workflow.success","message":"n8n.workflow.success","payload":{"userId":"c17e4e51-fb03-4a49-8690-2eb153d72420","executionId":"39","success":true,"isManual":true,"mode":"manual","workflowId":"syQ1650RVcPcjzXQ","workflowName":"Accisense Ack","projectId":"VPeJW2ayhoZgotkV","projectName":"ANURAG SHARMA <anurag.25scse1180671@galgotiasuniversity.ac.in>"}}
{"__type":"$$EventMessageConfirm","confirm":"36491f7f-c5b5-4c99-8308-90086bd9963b","ts":"2026-09-09T06:46:24.767-04:00","source":{"id":"0","name":"eventBus"}}
{"__type":"$$EventMessageAudit","id":"15c7ca6b-8ec3-4540-a724-c131854634fe","ts":"2026-09-09T06:48:23.955-04:00","eventName":"n8n.audit.workflow.updated","message":"n8n.audit.workflow.updated","payload":{"userId":"c17e4e51-fb03-4a49-8690-2eb153d72420","_email":"anurag.25scse1180671@galgotiasuniversity.ac.in","_firstName":"ANURAG","_lastName":"SHARMA","globalRole":"global:owner","workflowId":"syQ1650RVcPcjzXQ","workflowName":"Accisense Ack"}}
{"__type":"$$EventMessageConfirm","confirm":"15c7ca6b-8ec3-4540-a724-c131854634fe","ts":"2026-09-09T06:48:23.955-04:00","source":{"id":"0","name":"eventBus"}}
{"__type":"$$EventMessageAudit","id":"f8a50134-7d3b-4d41-809c-92f6dcb336f4","ts":"2026-09-09T06:48:26.710-04:00","eventName":"n8n.audit.workflow.updated","message":"n8n.audit.workflow.updated","payload":{"userId":"c17e4e51-fb03-4a49-8690-2eb153d72420","_email":"anurag.25scse1180671@galgotiasuniversity.ac.in","_firstName":"ANURAG","_lastName":"SHARMA","globalRole":"global:owner","workflowId":"syQ1650RVcPcjzXQ","workflowName":"Accisense Ack"}}
{"__type":"$$EventMessageConfirm","confirm":"f8a50134-7d3b-4d41-809c-92f6dcb336f4","ts":"2026-09-09T06:48:26.710-04:00","source":{"id":"0","name":"eventBus"}}
{"__type":"$$EventMessageAudit","id":"b86f6361-b41b-4867-82ae-cc2411b47773","ts":"2026-09-09T06:48:28.432-04:00","eventName":"n8n.audit.workflow.updated","message":"n8n.audit.workflow.updated","payload":{"userId":"c17e4e51-fb03-4a49-8690-2eb153d72420","_email":"anurag.25scse1180671@galgotiasuniversity.ac.in","_firstName":"ANURAG","_lastName":"SHARMA","globalRole":"global:owner","workflowId":"syQ1650RVcPcjzXQ","workflowName":"Accisense Ack"}}
{"__type":"$$EventMessageConfirm","confirm":"b86f6361-b41b-4867-82ae-cc2411b47773","ts":"2026-09-09T06:48:28.432-04:00","source":{"id":"0","name":"eventBus"}}
{"__type":"$$EventMessageAudit","id":"2dcba5a1-ce8d-4305-b596-de713b26e2ad","ts":"2026-09-09T06:48:34.616-04:00","eventName":"n8n.audit.workflow.updated","message":"n8n.audit.workflow.updated","payload":{"userId":"c17e4e51-fb03-4a49-8690-2eb153d72420","_email":"anurag.25scse1180671@galgotiasuniversity.ac.in","_firstName":"ANURAG","_lastName":"SHARMA","globalRole":"global:owner","workflowId":"syQ1650RVcPcjzXQ","workflowName":"Accisense Ack"}}
{"__type":"$$EventMessageConfirm","confirm":"2dcba5a1-ce8d-4305-b596-de713b26e2ad","ts":"2026-09-09T06:48:34.616-04:00","source":{"id":"0","name":"eventBus"}}
{"__type":"$$EventMessageAudit","id":"657ea5e2-cab5-4f68-a793-a5756b8601e2","ts":"2026-09-09T06:48:39.500-04:00","eventName":"n8n.audit.workflow.updated","message":"n8n.audit.workflow.updated","payload":{"userId":"c17e4e51-fb03-4a49-8690-2eb153d72420","_email":"anurag.25scse1180671@galgotiasuniversity.ac.in","_firstName":"ANURAG","_lastName":"SHARMA","globalRole":"global:owner","workflowId":"syQ1650RVcPcjzXQ","workflowName":"Accisense Ack"}}
{"__type":"$$EventMessageConfirm","confirm":"657ea5e2-cab5-4f68-a793-a5756b8601e2","ts":"2026-09-09T06:48:39.500-04:00","source":{"id":"0","name":"eventBus"}}
{"__type":"$$EventMessageAudit","id":"f471ed35-6437-4ec3-b6c0-cc41a11e8b7f","ts":"2026-09-09T06:48:41.169-04:00","eventName":"n8n.audit.workflow.updated","message":"n8n.audit.workflow.updated","payload":{"userId":"c17e4e51-fb03-4a49-8690-2eb153d72420","_email":"anurag.25scse1180671@galgotiasuniversity.ac.in","_firstName":"ANURAG","_lastName":"SHARMA","globalRole":"global:owner","workflowId":"syQ1650RVcPcjzXQ","workflowName":"Accisense Ack"}}
{"__type":"$$EventMessageConfirm","confirm":"f471ed35-6437-4ec3-b6c0-cc41a11e8b7f","ts":"2026-09-09T06:48:41.169-04:00","source":{"id":"0","name":"eventBus"}}
{"__type":"$$EventMessageAudit","id":"32fb5171-a6a7-497a-82ae-6e5ec2013e97","ts":"2026-09-09T06:48:47.737-04:00","eventName":"n8n.audit.workflow.updated","message":"n8n.audit.workflow.updated","payload":{"userId":"c17e4e51-fb03-4a49-8690-2eb153d72420","_email":"anurag.25scse1180671@galgotiasuniversity.ac.in","_firstName":"ANURAG","_lastName":"SHARMA","globalRole":"global:owner","workflowId":"syQ1650RVcPcjzXQ","workflowName":"Accisense Ack"}}
{"__type":"$$EventMessageConfirm","confirm":"32fb5171-a6a7-497a-82ae-6e5ec2013e97","ts":"2026-09-09T06:48:47.737-04:00","source":{"id":"0","name":"eventBus"}}
{"__type":"$$EventMessageAudit","id":"35419266-3c2d-49bf-939d-36faf40279ae","ts":"2026-09-09T06:48:50.738-04:00","eventName":"n8n.audit.workflow.updated","message":"n8n.audit.workflow.updated","payload":{"userId":"c17e4e51-fb03-4a49-8690-2eb153d72420","_email":"anurag.25scse1180671@galgotiasuniversity.ac.in","_firstName":"ANURAG","_lastName":"SHARMA","globalRole":"global:owner","workflowId":"syQ1650RVcPcjzXQ","workflowName":"Accisense Ack"}}
{"__type":"$$EventMessageConfirm","confirm":"35419266-3c2d-49bf-939d-36faf40279ae","ts":"2026-09-09T06:48:50.738-04:00","source":{"id":"0","name":"eventBus"}}
{"__type":"$$EventMessageAudit","id":"d8d95b10-f716-4fed-99f9-6259a8c96d0f","ts":"2026-09-09T06:48:51.261-04:00","eventName":"n8n.audit.workflow.executed","message":"n8n.audit.workflow.executed","payload":{"userId":"c17e4e51-fb03-4a49-8690-2eb153d72420","_email":"anurag.25scse1180671@galgotiasuniversity.ac.in","_firstName":"ANURAG","_lastName":"SHARMA","globalRole":"global:owner","workflowId":"syQ1650RVcPcjzXQ","workflowName":"Accisense Ack","executionId":"40","projectId":"VPeJW2ayhoZgotkV","projectName":"ANURAG SHARMA <anurag.25scse1180671@galgotiasuniversity.ac.in>","source":"user-manual"}}
{"__type":"$$EventMessageConfirm","confirm":"d8d95b10-f716-4fed-99f9-6259a8c96d0f","ts":"2026-09-09T06:48:51.261-04:00","source":{"id":"0","name":"eventBus"}}
{"__type":"$$EventMessageWorkflow","id":"b196d6df-2cd8-417a-aeb9-b386b584841c","ts":"2026-09-09T06:48:51.262-04:00","eventName":"n8n.workflow.started","message":"n8n.workflow.started","payload":{"executionId":"40","workflowId":"syQ1650RVcPcjzXQ","isManual":false,"mode":"manual","workflowName":"Accisense Ack","projectId":"VPeJW2ayhoZgotkV","projectName":"ANURAG SHARMA <anurag.25scse1180671@galgotiasuniversity.ac.in>"}}
{"__type":"$$EventMessageConfirm","confirm":"b196d6df-2cd8-417a-aeb9-b386b584841c","ts":"2026-09-09T06:48:51.262-04:00","source":{"id":"0","name":"eventBus"}}
{"__type":"$$EventMessageNode","id":"0bac9bdc-b3e8-498c-bf50-92daf0d7c03e","ts":"2026-09-09T06:48:51.279-04:00","eventName":"n8n.node.started","message":"n8n.node.started","payload":{"workflowId":"syQ1650RVcPcjzXQ","workflowName":"Accisense Ack","executionId":"40","nodeType":"n8n-nodes-base.httpRequest","nodeName":"Acknowledge Incident","nodeId":"a141b20b-15fe-436d-84e8-ff699b266095"}}
{"__type":"$$EventMessageConfirm","confirm":"0bac9bdc-b3e8-498c-bf50-92daf0d7c03e","ts":"2026-09-09T06:48:51.280-04:00","source":{"id":"0","name":"eventBus"}}
{"__type":"$$EventMessageNode","id":"a85079b6-0f24-417b-a614-5084eb6ba102","ts":"2026-09-09T06:48:52.329-04:00","eventName":"n8n.node.finished","message":"n8n.node.finished","payload":{"workflowId":"syQ1650RVcPcjzXQ","workflowName":"Accisense Ack","executionId":"40","nodeType":"n8n-nodes-base.httpRequest","nodeName":"Acknowledge Incident","nodeId":"a141b20b-15fe-436d-84e8-ff699b266095"}}
{"__type":"$$EventMessageConfirm","confirm":"a85079b6-0f24-417b-a614-5084eb6ba102","ts":"2026-09-09T06:48:52.329-04:00","source":{"id":"0","name":"eventBus"}}
{"__type":"$$EventMessageWorkflow","id":"eaa639d1-3b39-4527-81af-3554c1df9885","ts":"2026-09-09T06:48:52.332-04:00","eventName":"n8n.workflow.success","message":"n8n.workflow.success","payload":{"userId":"c17e4e51-fb03-4a49-8690-2eb153d72420","executionId":"40","success":true,"isManual":true,"mode":"manual","workflowId":"syQ1650RVcPcjzXQ","workflowName":"Accisense Ack","projectId":"VPeJW2ayhoZgotkV","projectName":"ANURAG SHARMA <anurag.25scse1180671@galgotiasuniversity.ac.in>"}}
{"__type":"$$EventMessageConfirm","confirm":"eaa639d1-3b39-4527-81af-3554c1df9885","ts":"2026-09-09T06:48:52.332-04:00","source":{"id":"0","name":"eventBus"}}
{"__type":"$$EventMessageAudit","id":"30ff0acf-588e-4dff-910e-181fc6d9f8ea","ts":"2026-09-09T06:49:02.257-04:00","eventName":"n8n.audit.workflow.executed","message":"n8n.audit.workflow.executed","payload":{"userId":"c17e4e51-fb03-4a49-8690-2eb153d72420","_email":"anurag.25scse1180671@galgotiasuniversity.ac.in","_firstName":"ANURAG","_lastName":"SHARMA","globalRole":"global:owner","workflowId":"syQ1650RVcPcjzXQ","workflowName":"Accisense Ack","executionId":"41","projectId":"VPeJW2ayhoZgotkV","projectName":"ANURAG SHARMA <anurag.25scse1180671@galgotiasuniversity.ac.in>","source":"user-manual"}}
{"__type":"$$EventMessageConfirm","confirm":"30ff0acf-588e-4dff-910e-181fc6d9f8ea","ts":"2026-09-09T06:49:02.257-04:00","source":{"id":"0","name":"eventBus"}}
{"__type":"$$EventMessageWorkflow","id":"0558ca43-ba1e-40a0-8f2c-465157321951","ts":"2026-09-09T06:49:02.258-04:00","eventName":"n8n.workflow.started","message":"n8n.workflow.started","payload":{"executionId":"41","workflowId":"syQ1650RVcPcjzXQ","isManual":false,"mode":"manual","workflowName":"Accisense Ack","projectId":"VPeJW2ayhoZgotkV","projectName":"ANURAG SHARMA <anurag.25scse1180671@galgotiasuniversity.ac.in>"}}
{"__type":"$$EventMessageConfirm","confirm":"0558ca43-ba1e-40a0-8f2c-465157321951","ts":"2026-09-09T06:49:02.258-04:00","source":{"id":"0","name":"eventBus"}}
{"__type":"$$EventMessageNode","id":"d956f0a5-8ccb-4d2b-9e18-4a722d0fee3f","ts":"2026-09-09T06:49:02.274-04:00","eventName":"n8n.node.started","message":"n8n.node.started","payload":{"workflowId":"syQ1650RVcPcjzXQ","workflowName":"Accisense Ack","executionId":"41","nodeType":"n8n-nodes-base.supabase","nodeName":"Get many rows","nodeId":"666dfc14-e54f-4d5a-a30c-c0d18601345a"}}
{"__type":"$$EventMessageConfirm","confirm":"d956f0a5-8ccb-4d2b-9e18-4a722d0fee3f","ts":"2026-09-09T06:49:02.274-04:00","source":{"id":"0","name":"eventBus"}}
{"__type":"$$EventMessageNode","id":"cdeaeeb8-521c-4d3f-979a-98744cdfaf65","ts":"2026-09-09T06:49:02.780-04:00","eventName":"n8n.node.finished","message":"n8n.node.finished","payload":{"workflowId":"syQ1650RVcPcjzXQ","workflowName":"Accisense Ack","executionId":"41","nodeType":"n8n-nodes-base.supabase","nodeName":"Get many rows","nodeId":"666dfc14-e54f-4d5a-a30c-c0d18601345a"}}
{"__type":"$$EventMessageConfirm","confirm":"cdeaeeb8-521c-4d3f-979a-98744cdfaf65","ts":"2026-09-09T06:49:02.780-04:00","source":{"id":"0","name":"eventBus"}}
{"__type":"$$EventMessageWorkflow","id":"a8d40878-9e61-4ebe-9764-9ed125e83b4c","ts":"2026-09-09T06:49:02.782-04:00","eventName":"n8n.workflow.success","message":"n8n.workflow.success","payload":{"userId":"c17e4e51-fb03-4a49-8690-2eb153d72420","executionId":"41","success":true,"isManual":true,"mode":"manual","workflowId":"syQ1650RVcPcjzXQ","workflowName":"Accisense Ack","projectId":"VPeJW2ayhoZgotkV","projectName":"ANURAG SHARMA <anurag.25scse1180671@galgotiasuniversity.ac.in>"}}
{"__type":"$$EventMessageConfirm","confirm":"a8d40878-9e61-4ebe-9764-9ed125e83b4c","ts":"2026-09-09T06:49:02.783-04:00","source":{"id":"0","name":"eventBus"}}
{"__type":"$$EventMessageAudit","id":"93e3430a-b53a-438d-9a44-8f0ded416614","ts":"2026-09-09T06:49:17.670-04:00","eventName":"n8n.audit.workflow.executed","message":"n8n.audit.workflow.executed","payload":{"userId":"c17e4e51-fb03-4a49-8690-2eb153d72420","_email":"anurag.25scse1180671@galgotiasuniversity.ac.in","_firstName":"ANURAG","_lastName":"SHARMA","globalRole":"global:owner","workflowId":"syQ1650RVcPcjzXQ","workflowName":"Accisense Ack","executionId":"42","projectId":"VPeJW2ayhoZgotkV","projectName":"ANURAG SHARMA <anurag.25scse1180671@galgotiasuniversity.ac.in>","source":"user-manual"}}
{"__type":"$$EventMessageConfirm","confirm":"93e3430a-b53a-438d-9a44-8f0ded416614","ts":"2026-09-09T06:49:17.670-04:00","source":{"id":"0","name":"eventBus"}}
{"__type":"$$EventMessageWorkflow","id":"d2de9376-8b52-485f-9a1c-decd28c20d60","ts":"2026-09-09T06:49:17.671-04:00","eventName":"n8n.workflow.started","message":"n8n.workflow.started","payload":{"executionId":"42","workflowId":"syQ1650RVcPcjzXQ","isManual":false,"mode":"manual","workflowName":"Accisense Ack","projectId":"VPeJW2ayhoZgotkV","projectName":"ANURAG SHARMA <anurag.25scse1180671@galgotiasuniversity.ac.in>"}}
{"__type":"$$EventMessageConfirm","confirm":"d2de9376-8b52-485f-9a1c-decd28c20d60","ts":"2026-09-09T06:49:17.672-04:00","source":{"id":"0","name":"eventBus"}}
{"__type":"$$EventMessageNode","id":"bb4bde83-a73c-4833-84d4-65ecb1e61152","ts":"2026-09-09T06:49:17.697-04:00","eventName":"n8n.node.started","message":"n8n.node.started","payload":{"workflowId":"syQ1650RVcPcjzXQ","workflowName":"Accisense Ack","executionId":"42","nodeType":"n8n-nodes-base.merge","nodeName":"Merge","nodeId":"3f4ac7aa-c27d-4378-a92f-511a8966b11c"}}
{"__type":"$$EventMessageConfirm","confirm":"bb4bde83-a73c-4833-84d4-65ecb1e61152","ts":"2026-09-09T06:49:17.697-04:00","source":{"id":"0","name":"eventBus"}}
{"__type":"$$EventMessageNode","id":"7234ca4d-b9c1-413e-a2e6-507cbb6add54","ts":"2026-09-09T06:49:17.712-04:00","eventName":"n8n.node.finished","message":"n8n.node.finished","payload":{"workflowId":"syQ1650RVcPcjzXQ","workflowName":"Accisense Ack","executionId":"42","nodeType":"n8n-nodes-base.merge","nodeName":"Merge","nodeId":"3f4ac7aa-c27d-4378-a92f-511a8966b11c"}}
{"__type":"$$EventMessageConfirm","confirm":"7234ca4d-b9c1-413e-a2e6-507cbb6add54","ts":"2026-09-09T06:49:17.712-04:00","source":{"id":"0","name":"eventBus"}}
{"__type":"$$EventMessageWorkflow","id":"5eafe01c-cc65-42ea-84c9-d9ffaa43a136","ts":"2026-09-09T06:49:17.717-04:00","eventName":"n8n.workflow.success","message":"n8n.workflow.success","payload":{"userId":"c17e4e51-fb03-4a49-8690-2eb153d72420","executionId":"42","success":true,"isManual":true,"mode":"manual","workflowId":"syQ1650RVcPcjzXQ","workflowName":"Accisense Ack","projectId":"VPeJW2ayhoZgotkV","projectName":"ANURAG SHARMA <anurag.25scse1180671@galgotiasuniversity.ac.in>"}}
{"__type":"$$EventMessageConfirm","confirm":"5eafe01c-cc65-42ea-84c9-d9ffaa43a136","ts":"2026-09-09T06:49:17.717-04:00","source":{"id":"0","name":"eventBus"}}
{"__type":"$$EventMessageAudit","id":"223234d3-30f6-4d69-b604-d281061ecd48","ts":"2026-09-09T06:49:22.113-04:00","eventName":"n8n.audit.workflow.executed","message":"n8n.audit.workflow.executed","payload":{"userId":"c17e4e51-fb03-4a49-8690-2eb153d72420","_email":"anurag.25scse1180671@galgotiasuniversity.ac.in","_firstName":"ANURAG","_lastName":"SHARMA","globalRole":"global:owner","workflowId":"syQ1650RVcPcjzXQ","workflowName":"Accisense Ack","executionId":"43","projectId":"VPeJW2ayhoZgotkV","projectName":"ANURAG SHARMA <anurag.25scse1180671@galgotiasuniversity.ac.in>","source":"user-manual"}}
{"__type":"$$EventMessageConfirm","confirm":"223234d3-30f6-4d69-b604-d281061ecd48","ts":"2026-09-09T06:49:22.113-04:00","source":{"id":"0","name":"eventBus"}}
{"__type":"$$EventMessageWorkflow","id":"525d05d4-7973-48c5-89b0-1327236faaed","ts":"2026-09-09T06:49:22.114-04:00","eventName":"n8n.workflow.started","message":"n8n.workflow.started","payload":{"executionId":"43","workflowId":"syQ1650RVcPcjzXQ","isManual":false,"mode":"manual","workflowName":"Accisense Ack","projectId":"VPeJW2ayhoZgotkV","projectName":"ANURAG SHARMA <anurag.25scse1180671@galgotiasuniversity.ac.in>"}}
{"__type":"$$EventMessageConfirm","confirm":"525d05d4-7973-48c5-89b0-1327236faaed","ts":"2026-09-09T06:49:22.114-04:00","source":{"id":"0","name":"eventBus"}}
{"__type":"$$EventMessageNode","id":"edba8121-b8ca-47be-8472-621e22124b3f","ts":"2026-09-09T06:49:22.134-04:00","eventName":"n8n.node.started","message":"n8n.node.started","payload":{"workflowId":"syQ1650RVcPcjzXQ","workflowName":"Accisense Ack","executionId":"43","nodeType":"n8n-nodes-base.httpRequest","nodeName":"Update Telegram Message","nodeId":"9710fa08-d09f-4cb7-bf14-984d3edcbc31"}}
{"__type":"$$EventMessageConfirm","confirm":"edba8121-b8ca-47be-8472-621e22124b3f","ts":"2026-09-09T06:49:22.135-04:00","source":{"id":"0","name":"eventBus"}}
{"__type":"$$EventMessageNode","id":"ea1e3ca3-54c9-4791-adbd-de8e983920f4","ts":"2026-09-09T06:49:22.979-04:00","eventName":"n8n.node.finished","message":"n8n.node.finished","payload":{"workflowId":"syQ1650RVcPcjzXQ","workflowName":"Accisense Ack","executionId":"43","nodeType":"n8n-nodes-base.httpRequest","nodeName":"Update Telegram Message","nodeId":"9710fa08-d09f-4cb7-bf14-984d3edcbc31"}}
{"__type":"$$EventMessageConfirm","confirm":"ea1e3ca3-54c9-4791-adbd-de8e983920f4","ts":"2026-09-09T06:49:22.979-04:00","source":{"id":"0","name":"eventBus"}}
{"__type":"$$EventMessageWorkflow","id":"3832862a-8398-4874-a126-745d0578d4c7","ts":"2026-09-09T06:49:22.981-04:00","eventName":"n8n.workflow.failed","message":"n8n.workflow.failed","payload":{"userId":"c17e4e51-fb03-4a49-8690-2eb153d72420","executionId":"43","success":false,"isManual":true,"mode":"manual","workflowId":"syQ1650RVcPcjzXQ","workflowName":"Accisense Ack","projectId":"VPeJW2ayhoZgotkV","projectName":"ANURAG SHARMA <anurag.25scse1180671@galgotiasuniversity.ac.in>","lastNodeExecuted":"Update Telegram Message","errorNodeType":"n8n-nodes-base.httpRequest","errorMessage":"Bad request - please check your parameters"}}
{"__type":"$$EventMessageConfirm","confirm":"3832862a-8398-4874-a126-745d0578d4c7","ts":"2026-09-09T06:49:22.982-04:00","source":{"id":"0","name":"eventBus"}}
{"__type":"$$EventMessageAudit","id":"fd466746-e81a-445a-9288-52533098263b","ts":"2026-09-09T06:54:33.159-04:00","eventName":"n8n.audit.workflow.updated","message":"n8n.audit.workflow.updated","payload":{"userId":"c17e4e51-fb03-4a49-8690-2eb153d72420","_email":"anurag.25scse1180671@galgotiasuniversity.ac.in","_firstName":"ANURAG","_lastName":"SHARMA","globalRole":"global:owner","workflowId":"syQ1650RVcPcjzXQ","workflowName":"Accisense Ack"}}
{"__type":"$$EventMessageConfirm","confirm":"fd466746-e81a-445a-9288-52533098263b","ts":"2026-09-09T06:54:33.159-04:00","source":{"id":"0","name":"eventBus"}}
{"__type":"$$EventMessageAudit","id":"bc8d19bf-d2b1-4431-b34b-eb77290c6826","ts":"2026-09-09T06:54:37.851-04:00","eventName":"n8n.audit.workflow.updated","message":"n8n.audit.workflow.updated","payload":{"userId":"c17e4e51-fb03-4a49-8690-2eb153d72420","_email":"anurag.25scse1180671@galgotiasuniversity.ac.in","_firstName":"ANURAG","_lastName":"SHARMA","globalRole":"global:owner","workflowId":"syQ1650RVcPcjzXQ","workflowName":"Accisense Ack"}}
{"__type":"$$EventMessageConfirm","confirm":"bc8d19bf-d2b1-4431-b34b-eb77290c6826","ts":"2026-09-09T06:54:37.851-04:00","source":{"id":"0","name":"eventBus"}}
{"__type":"$$EventMessageAudit","id":"3748c2e6-17f8-4272-a495-52f530caf339","ts":"2026-09-09T06:54:39.504-04:00","eventName":"n8n.audit.workflow.updated","message":"n8n.audit.workflow.updated","payload":{"userId":"c17e4e51-fb03-4a49-8690-2eb153d72420","_email":"anurag.25scse1180671@galgotiasuniversity.ac.in","_firstName":"ANURAG","_lastName":"SHARMA","globalRole":"global:owner","workflowId":"syQ1650RVcPcjzXQ","workflowName":"Accisense Ack"}}
{"__type":"$$EventMessageConfirm","confirm":"3748c2e6-17f8-4272-a495-52f530caf339","ts":"2026-09-09T06:54:39.504-04:00","source":{"id":"0","name":"eventBus"}}
{"__type":"$$EventMessageAudit","id":"874cfee7-1b4e-41e0-b752-67cc74a24c97","ts":"2026-09-09T06:54:50.546-04:00","eventName":"n8n.audit.workflow.updated","message":"n8n.audit.workflow.updated","payload":{"userId":"c17e4e51-fb03-4a49-8690-2eb153d72420","_email":"anurag.25scse1180671@galgotiasuniversity.ac.in","_firstName":"ANURAG","_lastName":"SHARMA","globalRole":"global:owner","workflowId":"syQ1650RVcPcjzXQ","workflowName":"Accisense Ack"}}
{"__type":"$$EventMessageConfirm","confirm":"874cfee7-1b4e-41e0-b752-67cc74a24c97","ts":"2026-09-09T06:54:50.546-04:00","source":{"id":"0","name":"eventBus"}}
{"__type":"$$EventMessageAudit","id":"9f5aa839-5fd5-4ab9-bc27-5587ef4887df","ts":"2026-09-09T06:54:53.086-04:00","eventName":"n8n.audit.workflow.updated","message":"n8n.audit.workflow.updated","payload":{"userId":"c17e4e51-fb03-4a49-8690-2eb153d72420","_email":"anurag.25scse1180671@galgotiasuniversity.ac.in","_firstName":"ANURAG","_lastName":"SHARMA","globalRole":"global:owner","workflowId":"syQ1650RVcPcjzXQ","workflowName":"Accisense Ack"}}
{"__type":"$$EventMessageConfirm","confirm":"9f5aa839-5fd5-4ab9-bc27-5587ef4887df","ts":"2026-09-09T06:54:53.086-04:00","source":{"id":"0","name":"eventBus"}}
{"__type":"$$EventMessageAudit","id":"eb150602-77fa-44b9-8895-e13688b9073e","ts":"2026-09-09T06:54:55.160-04:00","eventName":"n8n.audit.workflow.updated","message":"n8n.audit.workflow.updated","payload":{"userId":"c17e4e51-fb03-4a49-8690-2eb153d72420","_email":"anurag.25scse1180671@galgotiasuniversity.ac.in","_firstName":"ANURAG","_lastName":"SHARMA","globalRole":"global:owner","workflowId":"syQ1650RVcPcjzXQ","workflowName":"Accisense Ack"}}
{"__type":"$$EventMessageConfirm","confirm":"eb150602-77fa-44b9-8895-e13688b9073e","ts":"2026-09-09T06:54:55.160-04:00","source":{"id":"0","name":"eventBus"}}
{"__type":"$$EventMessageAudit","id":"245aba59-97cd-416b-930f-5c8f88faa633","ts":"2026-09-09T06:54:59.482-04:00","eventName":"n8n.audit.workflow.updated","message":"n8n.audit.workflow.updated","payload":{"userId":"c17e4e51-fb03-4a49-8690-2eb153d72420","_email":"anurag.25scse1180671@galgotiasuniversity.ac.in","_firstName":"ANURAG","_lastName":"SHARMA","globalRole":"global:owner","workflowId":"syQ1650RVcPcjzXQ","workflowName":"Accisense Ack"}}
{"__type":"$$EventMessageConfirm","confirm":"245aba59-97cd-416b-930f-5c8f88faa633","ts":"2026-09-09T06:54:59.482-04:00","source":{"id":"0","name":"eventBus"}}
{"__type":"$$EventMessageAudit","id":"b83e4d97-4c6a-4f55-a2bc-76547fda81b3","ts":"2026-09-09T06:55:05.784-04:00","eventName":"n8n.audit.workflow.updated","message":"n8n.audit.workflow.updated","payload":{"userId":"c17e4e51-fb03-4a49-8690-2eb153d72420","_email":"anurag.25scse1180671@galgotiasuniversity.ac.in","_firstName":"ANURAG","_lastName":"SHARMA","globalRole":"global:owner","workflowId":"syQ1650RVcPcjzXQ","workflowName":"Accisense Ack"}}
{"__type":"$$EventMessageConfirm","confirm":"b83e4d97-4c6a-4f55-a2bc-76547fda81b3","ts":"2026-09-09T06:55:05.784-04:00","source":{"id":"0","name":"eventBus"}}
{"__type":"$$EventMessageAudit","id":"e8710699-3e57-4cf7-bf6d-ddd8caca127c","ts":"2026-09-09T06:55:08.099-04:00","eventName":"n8n.audit.workflow.updated","message":"n8n.audit.workflow.updated","payload":{"userId":"c17e4e51-fb03-4a49-8690-2eb153d72420","_email":"anurag.25scse1180671@galgotiasuniversity.ac.in","_firstName":"ANURAG","_lastName":"SHARMA","globalRole":"global:owner","workflowId":"syQ1650RVcPcjzXQ","workflowName":"Accisense Ack"}}
{"__type":"$$EventMessageConfirm","confirm":"e8710699-3e57-4cf7-bf6d-ddd8caca127c","ts":"2026-09-09T06:55:08.099-04:00","source":{"id":"0","name":"eventBus"}}
{"__type":"$$EventMessageAudit","id":"0890ed84-df0b-4bf1-a5d3-06c6595c8412","ts":"2026-09-09T06:55:11.283-04:00","eventName":"n8n.audit.workflow.updated","message":"n8n.audit.workflow.updated","payload":{"userId":"c17e4e51-fb03-4a49-8690-2eb153d72420","_email":"anurag.25scse1180671@galgotiasuniversity.ac.in","_firstName":"ANURAG","_lastName":"SHARMA","globalRole":"global:owner","workflowId":"syQ1650RVcPcjzXQ","workflowName":"Accisense Ack"}}
{"__type":"$$EventMessageConfirm","confirm":"0890ed84-df0b-4bf1-a5d3-06c6595c8412","ts":"2026-09-09T06:55:11.283-04:00","source":{"id":"0","name":"eventBus"}}
{"__type":"$$EventMessageAudit","id":"0e12b544-792e-4651-80ee-e03ffd703c3f","ts":"2026-09-09T06:55:47.302-04:00","eventName":"n8n.audit.workflow.updated","message":"n8n.audit.workflow.updated","payload":{"userId":"c17e4e51-fb03-4a49-8690-2eb153d72420","_email":"anurag.25scse1180671@galgotiasuniversity.ac.in","_firstName":"ANURAG","_lastName":"SHARMA","globalRole":"global:owner","workflowId":"syQ1650RVcPcjzXQ","workflowName":"Accisense Ack"}}
{"__type":"$$EventMessageConfirm","confirm":"0e12b544-792e-4651-80ee-e03ffd703c3f","ts":"2026-09-09T06:55:47.302-04:00","source":{"id":"0","name":"eventBus"}}
{"__type":"$$EventMessageAudit","id":"81cc4fb3-5ff7-40e5-9485-b1b8020413e0","ts":"2026-09-09T06:55:49.156-04:00","eventName":"n8n.audit.workflow.updated","message":"n8n.audit.workflow.updated","payload":{"userId":"c17e4e51-fb03-4a49-8690-2eb153d72420","_email":"anurag.25scse1180671@galgotiasuniversity.ac.in","_firstName":"ANURAG","_lastName":"SHARMA","globalRole":"global:owner","workflowId":"syQ1650RVcPcjzXQ","workflowName":"Accisense Ack"}}
{"__type":"$$EventMessageConfirm","confirm":"81cc4fb3-5ff7-40e5-9485-b1b8020413e0","ts":"2026-09-09T06:55:49.156-04:00","source":{"id":"0","name":"eventBus"}}
{"__type":"$$EventMessageAudit","id":"f9a7ff39-231e-433f-9608-733d7422cf29","ts":"2026-09-09T06:55:51.918-04:00","eventName":"n8n.audit.workflow.updated","message":"n8n.audit.workflow.updated","payload":{"userId":"c17e4e51-fb03-4a49-8690-2eb153d72420","_email":"anurag.25scse1180671@galgotiasuniversity.ac.in","_firstName":"ANURAG","_lastName":"SHARMA","globalRole":"global:owner","workflowId":"syQ1650RVcPcjzXQ","workflowName":"Accisense Ack"}}
{"__type":"$$EventMessageConfirm","confirm":"f9a7ff39-231e-433f-9608-733d7422cf29","ts":"2026-09-09T06:55:51.918-04:00","source":{"id":"0","name":"eventBus"}}
{"__type":"$$EventMessageAudit","id":"70626ecb-7312-49e8-9f7b-ee1fa9e971e5","ts":"2026-09-09T06:56:01.828-04:00","eventName":"n8n.audit.workflow.updated","message":"n8n.audit.workflow.updated","payload":{"userId":"c17e4e51-fb03-4a49-8690-2eb153d72420","_email":"anurag.25scse1180671@galgotiasuniversity.ac.in","_firstName":"ANURAG","_lastName":"SHARMA","globalRole":"global:owner","workflowId":"syQ1650RVcPcjzXQ","workflowName":"Accisense Ack"}}
{"__type":"$$EventMessageConfirm","confirm":"70626ecb-7312-49e8-9f7b-ee1fa9e971e5","ts":"2026-09-09T06:56:01.828-04:00","source":{"id":"0","name":"eventBus"}}
{"__type":"$$EventMessageAudit","id":"dc3e4e68-2dd9-44cf-a0b9-547b40c516e3","ts":"2026-09-09T06:56:22.306-04:00","eventName":"n8n.audit.workflow.updated","message":"n8n.audit.workflow.updated","payload":{"userId":"c17e4e51-fb03-4a49-8690-2eb153d72420","_email":"anurag.25scse1180671@galgotiasuniversity.ac.in","_firstName":"ANURAG","_lastName":"SHARMA","globalRole":"global:owner","workflowId":"syQ1650RVcPcjzXQ","workflowName":"Accisense Ack"}}
{"__type":"$$EventMessageConfirm","confirm":"dc3e4e68-2dd9-44cf-a0b9-547b40c516e3","ts":"2026-09-09T06:56:22.307-04:00","source":{"id":"0","name":"eventBus"}}
{"__type":"$$EventMessageAudit","id":"f7a14344-8e5f-4ff2-a1c7-35706f3bf13e","ts":"2026-09-09T06:56:26.039-04:00","eventName":"n8n.audit.workflow.updated","message":"n8n.audit.workflow.updated","payload":{"userId":"c17e4e51-fb03-4a49-8690-2eb153d72420","_email":"anurag.25scse1180671@galgotiasuniversity.ac.in","_firstName":"ANURAG","_lastName":"SHARMA","globalRole":"global:owner","workflowId":"syQ1650RVcPcjzXQ","workflowName":"Accisense Ack"}}
{"__type":"$$EventMessageConfirm","confirm":"f7a14344-8e5f-4ff2-a1c7-35706f3bf13e","ts":"2026-09-09T06:56:26.039-04:00","source":{"id":"0","name":"eventBus"}}
{"__type":"$$EventMessageAudit","id":"11d28a23-4772-4513-8ac3-d732dd754416","ts":"2026-09-09T06:57:11.582-04:00","eventName":"n8n.audit.workflow.updated","message":"n8n.audit.workflow.updated","payload":{"userId":"c17e4e51-fb03-4a49-8690-2eb153d72420","_email":"anurag.25scse1180671@galgotiasuniversity.ac.in","_firstName":"ANURAG","_lastName":"SHARMA","globalRole":"global:owner","workflowId":"syQ1650RVcPcjzXQ","workflowName":"Accisense Ack"}}
{"__type":"$$EventMessageConfirm","confirm":"11d28a23-4772-4513-8ac3-d732dd754416","ts":"2026-09-09T06:57:11.582-04:00","source":{"id":"0","name":"eventBus"}}
{"__type":"$$EventMessageAudit","id":"46217c30-3402-4316-a5e5-bc1afb00a96b","ts":"2026-09-09T06:57:39.551-04:00","eventName":"n8n.audit.workflow.updated","message":"n8n.audit.workflow.updated","payload":{"userId":"c17e4e51-fb03-4a49-8690-2eb153d72420","_email":"anurag.25scse1180671@galgotiasuniversity.ac.in","_firstName":"ANURAG","_lastName":"SHARMA","globalRole":"global:owner","workflowId":"syQ1650RVcPcjzXQ","workflowName":"Accisense Ack"}}
{"__type":"$$EventMessageConfirm","confirm":"46217c30-3402-4316-a5e5-bc1afb00a96b","ts":"2026-09-09T06:57:39.551-04:00","source":{"id":"0","name":"eventBus"}}
{"__type":"$$EventMessageAudit","id":"68511271-7406-458d-abd4-a9af79683e93","ts":"2026-09-09T06:57:54.431-04:00","eventName":"n8n.audit.workflow.updated","message":"n8n.audit.workflow.updated","payload":{"userId":"c17e4e51-fb03-4a49-8690-2eb153d72420","_email":"anurag.25scse1180671@galgotiasuniversity.ac.in","_firstName":"ANURAG","_lastName":"SHARMA","globalRole":"global:owner","workflowId":"syQ1650RVcPcjzXQ","workflowName":"Accisense Ack"}}
{"__type":"$$EventMessageConfirm","confirm":"68511271-7406-458d-abd4-a9af79683e93","ts":"2026-09-09T06:57:54.431-04:00","source":{"id":"0","name":"eventBus"}}
{"__type":"$$EventMessageAudit","id":"85b30d1e-89b5-4170-82ea-16f36f81dee1","ts":"2026-09-09T06:58:01.907-04:00","eventName":"n8n.audit.workflow.updated","message":"n8n.audit.workflow.updated","payload":{"userId":"c17e4e51-fb03-4a49-8690-2eb153d72420","_email":"anurag.25scse1180671@galgotiasuniversity.ac.in","_firstName":"ANURAG","_lastName":"SHARMA","globalRole":"global:owner","workflowId":"syQ1650RVcPcjzXQ","workflowName":"Accisense Ack"}}
{"__type":"$$EventMessageConfirm","confirm":"85b30d1e-89b5-4170-82ea-16f36f81dee1","ts":"2026-09-09T06:58:01.907-04:00","source":{"id":"0","name":"eventBus"}}
{"__type":"$$EventMessageAudit","id":"4713b1d8-3299-46d1-b7c3-7c814e553707","ts":"2026-09-09T06:58:04.911-04:00","eventName":"n8n.audit.workflow.updated","message":"n8n.audit.workflow.updated","payload":{"userId":"c17e4e51-fb03-4a49-8690-2eb153d72420","_email":"anurag.25scse1180671@galgotiasuniversity.ac.in","_firstName":"ANURAG","_lastName":"SHARMA","globalRole":"global:owner","workflowId":"syQ1650RVcPcjzXQ","workflowName":"Accisense Ack"}}
{"__type":"$$EventMessageConfirm","confirm":"4713b1d8-3299-46d1-b7c3-7c814e553707","ts":"2026-09-09T06:58:04.911-04:00","source":{"id":"0","name":"eventBus"}}
{"__type":"$$EventMessageAudit","id":"afdb1e2f-8522-429c-8b98-cef888a4d591","ts":"2026-09-09T06:58:06.511-04:00","eventName":"n8n.audit.workflow.updated","message":"n8n.audit.workflow.updated","payload":{"userId":"c17e4e51-fb03-4a49-8690-2eb153d72420","_email":"anurag.25scse1180671@galgotiasuniversity.ac.in","_firstName":"ANURAG","_lastName":"SHARMA","globalRole":"global:owner","workflowId":"syQ1650RVcPcjzXQ","workflowName":"Accisense Ack"}}
{"__type":"$$EventMessageConfirm","confirm":"afdb1e2f-8522-429c-8b98-cef888a4d591","ts":"2026-09-09T06:58:06.512-04:00","source":{"id":"0","name":"eventBus"}}
{"__type":"$$EventMessageAudit","id":"2b443b40-9a80-4428-8614-7c39fc42e605","ts":"2026-09-09T06:58:08.521-04:00","eventName":"n8n.audit.workflow.updated","message":"n8n.audit.workflow.updated","payload":{"userId":"c17e4e51-fb03-4a49-8690-2eb153d72420","_email":"anurag.25scse1180671@galgotiasuniversity.ac.in","_firstName":"ANURAG","_lastName":"SHARMA","globalRole":"global:owner","workflowId":"syQ1650RVcPcjzXQ","workflowName":"Accisense Ack"}}
{"__type":"$$EventMessageConfirm","confirm":"2b443b40-9a80-4428-8614-7c39fc42e605","ts":"2026-09-09T06:58:08.521-04:00","source":{"id":"0","name":"eventBus"}}
{"__type":"$$EventMessageAudit","id":"4fb1d5a0-a4a4-44aa-acd2-6d6ce6f88597","ts":"2026-09-09T06:58:10.798-04:00","eventName":"n8n.audit.workflow.updated","message":"n8n.audit.workflow.updated","payload":{"userId":"c17e4e51-fb03-4a49-8690-2eb153d72420","_email":"anurag.25scse1180671@galgotiasuniversity.ac.in","_firstName":"ANURAG","_lastName":"SHARMA","globalRole":"global:owner","workflowId":"syQ1650RVcPcjzXQ","workflowName":"Accisense Ack"}}
{"__type":"$$EventMessageConfirm","confirm":"4fb1d5a0-a4a4-44aa-acd2-6d6ce6f88597","ts":"2026-09-09T06:58:10.798-04:00","source":{"id":"0","name":"eventBus"}}
{"__type":"$$EventMessageAudit","id":"ad32d1c7-eca0-4608-9e75-87072b342a4e","ts":"2026-09-09T06:58:25.776-04:00","eventName":"n8n.audit.workflow.updated","message":"n8n.audit.workflow.updated","payload":{"userId":"c17e4e51-fb03-4a49-8690-2eb153d72420","_email":"anurag.25scse1180671@galgotiasuniversity.ac.in","_firstName":"ANURAG","_lastName":"SHARMA","globalRole":"global:owner","workflowId":"syQ1650RVcPcjzXQ","workflowName":"Accisense Ack"}}
{"__type":"$$EventMessageConfirm","confirm":"ad32d1c7-eca0-4608-9e75-87072b342a4e","ts":"2026-09-09T06:58:25.776-04:00","source":{"id":"0","name":"eventBus"}}
{"__type":"$$EventMessageAudit","id":"6b792b73-7735-4dcf-b575-ab1daa1afebe","ts":"2026-09-09T06:58:30.293-04:00","eventName":"n8n.audit.workflow.updated","message":"n8n.audit.workflow.updated","payload":{"userId":"c17e4e51-fb03-4a49-8690-2eb153d72420","_email":"anurag.25scse1180671@galgotiasuniversity.ac.in","_firstName":"ANURAG","_lastName":"SHARMA","globalRole":"global:owner","workflowId":"syQ1650RVcPcjzXQ","workflowName":"Accisense Ack"}}
{"__type":"$$EventMessageConfirm","confirm":"6b792b73-7735-4dcf-b575-ab1daa1afebe","ts":"2026-09-09T06:58:30.293-04:00","source":{"id":"0","name":"eventBus"}}
{"__type":"$$EventMessageAudit","id":"56fdfcc0-1430-4f13-8a9c-9a379d74835a","ts":"2026-09-09T06:58:34.495-04:00","eventName":"n8n.audit.workflow.updated","message":"n8n.audit.workflow.updated","payload":{"userId":"c17e4e51-fb03-4a49-8690-2eb153d72420","_email":"anurag.25scse1180671@galgotiasuniversity.ac.in","_firstName":"ANURAG","_lastName":"SHARMA","globalRole":"global:owner","workflowId":"syQ1650RVcPcjzXQ","workflowName":"Accisense Ack"}}
{"__type":"$$EventMessageConfirm","confirm":"56fdfcc0-1430-4f13-8a9c-9a379d74835a","ts":"2026-09-09T06:58:34.496-04:00","source":{"id":"0","name":"eventBus"}}
{"__type":"$$EventMessageAudit","id":"992c70c8-f437-46b7-a631-ab80440d1e23","ts":"2026-09-09T06:59:03.725-04:00","eventName":"n8n.audit.workflow.updated","message":"n8n.audit.workflow.updated","payload":{"userId":"c17e4e51-fb03-4a49-8690-2eb153d72420","_email":"anurag.25scse1180671@galgotiasuniversity.ac.in","_firstName":"ANURAG","_lastName":"SHARMA","globalRole":"global:owner","workflowId":"syQ1650RVcPcjzXQ","workflowName":"Accisense Ack"}}
{"__type":"$$EventMessageConfirm","confirm":"992c70c8-f437-46b7-a631-ab80440d1e23","ts":"2026-09-09T06:59:03.726-04:00","source":{"id":"0","name":"eventBus"}}
{"__type":"$$EventMessageAudit","id":"64a142c6-05ed-4ec9-acc3-3116f25565a5","ts":"2026-09-09T06:59:18.929-04:00","eventName":"n8n.audit.workflow.updated","message":"n8n.audit.workflow.updated","payload":{"userId":"c17e4e51-fb03-4a49-8690-2eb153d72420","_email":"anurag.25scse1180671@galgotiasuniversity.ac.in","_firstName":"ANURAG","_lastName":"SHARMA","globalRole":"global:owner","workflowId":"syQ1650RVcPcjzXQ","workflowName":"Accisense Ack"}}
{"__type":"$$EventMessageConfirm","confirm":"64a142c6-05ed-4ec9-acc3-3116f25565a5","ts":"2026-09-09T06:59:18.930-04:00","source":{"id":"0","name":"eventBus"}}
{"__type":"$$EventMessageAudit","id":"e7a7f473-231f-49ff-809e-d5df6f9cdced","ts":"2026-09-09T06:59:23.502-04:00","eventName":"n8n.audit.workflow.updated","message":"n8n.audit.workflow.updated","payload":{"userId":"c17e4e51-fb03-4a49-8690-2eb153d72420","_email":"anurag.25scse1180671@galgotiasuniversity.ac.in","_firstName":"ANURAG","_lastName":"SHARMA","globalRole":"global:owner","workflowId":"syQ1650RVcPcjzXQ","workflowName":"Accisense Ack"}}
{"__type":"$$EventMessageConfirm","confirm":"e7a7f473-231f-49ff-809e-d5df6f9cdced","ts":"2026-09-09T06:59:23.502-04:00","source":{"id":"0","name":"eventBus"}}
{"__type":"$$EventMessageAudit","id":"4c8c8ffa-d498-46ad-9f72-f0cf07024426","ts":"2026-09-09T06:59:39.292-04:00","eventName":"n8n.audit.workflow.updated","message":"n8n.audit.workflow.updated","payload":{"userId":"c17e4e51-fb03-4a49-8690-2eb153d72420","_email":"anurag.25scse1180671@galgotiasuniversity.ac.in","_firstName":"ANURAG","_lastName":"SHARMA","globalRole":"global:owner","workflowId":"syQ1650RVcPcjzXQ","workflowName":"Accisense Ack"}}
{"__type":"$$EventMessageConfirm","confirm":"4c8c8ffa-d498-46ad-9f72-f0cf07024426","ts":"2026-09-09T06:59:39.293-04:00","source":{"id":"0","name":"eventBus"}}
{"__type":"$$EventMessageAudit","id":"feb8ac72-f8ec-47e9-9359-7b202b2944e7","ts":"2026-09-09T06:59:43.584-04:00","eventName":"n8n.audit.workflow.updated","message":"n8n.audit.workflow.updated","payload":{"userId":"c17e4e51-fb03-4a49-8690-2eb153d72420","_email":"anurag.25scse1180671@galgotiasuniversity.ac.in","_firstName":"ANURAG","_lastName":"SHARMA","globalRole":"global:owner","workflowId":"syQ1650RVcPcjzXQ","workflowName":"Accisense Ack"}}
{"__type":"$$EventMessageConfirm","confirm":"feb8ac72-f8ec-47e9-9359-7b202b2944e7","ts":"2026-09-09T06:59:43.584-04:00","source":{"id":"0","name":"eventBus"}}
{"__type":"$$EventMessageAudit","id":"f531bc44-c722-4dfc-a916-67099528d476","ts":"2026-09-09T06:59:46.670-04:00","eventName":"n8n.audit.workflow.updated","message":"n8n.audit.workflow.updated","payload":{"userId":"c17e4e51-fb03-4a49-8690-2eb153d72420","_email":"anurag.25scse1180671@galgotiasuniversity.ac.in","_firstName":"ANURAG","_lastName":"SHARMA","globalRole":"global:owner","workflowId":"syQ1650RVcPcjzXQ","workflowName":"Accisense Ack"}}
{"__type":"$$EventMessageConfirm","confirm":"f531bc44-c722-4dfc-a916-67099528d476","ts":"2026-09-09T06:59:46.670-04:00","source":{"id":"0","name":"eventBus"}}
{"__type":"$$EventMessageAudit","id":"b6fd3ca0-6856-4e43-852c-bb500c355660","ts":"2026-09-09T06:59:49.705-04:00","eventName":"n8n.audit.workflow.updated","message":"n8n.audit.workflow.updated","payload":{"userId":"c17e4e51-fb03-4a49-8690-2eb153d72420","_email":"anurag.25scse1180671@galgotiasuniversity.ac.in","_firstName":"ANURAG","_lastName":"SHARMA","globalRole":"global:owner","workflowId":"syQ1650RVcPcjzXQ","workflowName":"Accisense Ack"}}
{"__type":"$$EventMessageConfirm","confirm":"b6fd3ca0-6856-4e43-852c-bb500c355660","ts":"2026-09-09T06:59:49.705-04:00","source":{"id":"0","name":"eventBus"}}
{"__type":"$$EventMessageAudit","id":"47ce0b76-a6cc-4e40-966e-1d9b0c23c9d7","ts":"2026-09-09T07:00:17.287-04:00","eventName":"n8n.audit.workflow.updated","message":"n8n.audit.workflow.updated","payload":{"userId":"c17e4e51-fb03-4a49-8690-2eb153d72420","_email":"anurag.25scse1180671@galgotiasuniversity.ac.in","_firstName":"ANURAG","_lastName":"SHARMA","globalRole":"global:owner","workflowId":"syQ1650RVcPcjzXQ","workflowName":"Accisense Ack"}}
{"__type":"$$EventMessageConfirm","confirm":"47ce0b76-a6cc-4e40-966e-1d9b0c23c9d7","ts":"2026-09-09T07:00:17.287-04:00","source":{"id":"0","name":"eventBus"}}
{"__type":"$$EventMessageAudit","id":"ad1e4e98-9e6c-49d6-98ea-b452429fc7bc","ts":"2026-09-09T07:00:55.543-04:00","eventName":"n8n.audit.workflow.updated","message":"n8n.audit.workflow.updated","payload":{"userId":"c17e4e51-fb03-4a49-8690-2eb153d72420","_email":"anurag.25scse1180671@galgotiasuniversity.ac.in","_firstName":"ANURAG","_lastName":"SHARMA","globalRole":"global:owner","workflowId":"syQ1650RVcPcjzXQ","workflowName":"Accisense Ack"}}
{"__type":"$$EventMessageConfirm","confirm":"ad1e4e98-9e6c-49d6-98ea-b452429fc7bc","ts":"2026-09-09T07:00:55.543-04:00","source":{"id":"0","name":"eventBus"}}
{"__type":"$$EventMessageAudit","id":"001b2848-17db-40e6-81be-d1b23dde4f70","ts":"2026-09-09T07:00:57.728-04:00","eventName":"n8n.audit.workflow.updated","message":"n8n.audit.workflow.updated","payload":{"userId":"c17e4e51-fb03-4a49-8690-2eb153d72420","_email":"anurag.25scse1180671@galgotiasuniversity.ac.in","_firstName":"ANURAG","_lastName":"SHARMA","globalRole":"global:owner","workflowId":"syQ1650RVcPcjzXQ","workflowName":"Accisense Ack"}}
{"__type":"$$EventMessageConfirm","confirm":"001b2848-17db-40e6-81be-d1b23dde4f70","ts":"2026-09-09T07:00:57.728-04:00","source":{"id":"0","name":"eventBus"}}
{"__type":"$$EventMessageAudit","id":"795beed9-a2be-4978-9167-2d45426b7d92","ts":"2026-09-09T07:01:02.298-04:00","eventName":"n8n.audit.workflow.updated","message":"n8n.audit.workflow.updated","payload":{"userId":"c17e4e51-fb03-4a49-8690-2eb153d72420","_email":"anurag.25scse1180671@galgotiasuniversity.ac.in","_firstName":"ANURAG","_lastName":"SHARMA","globalRole":"global:owner","workflowId":"syQ1650RVcPcjzXQ","workflowName":"Accisense Ack"}}
{"__type":"$$EventMessageConfirm","confirm":"795beed9-a2be-4978-9167-2d45426b7d92","ts":"2026-09-09T07:01:02.298-04:00","source":{"id":"0","name":"eventBus"}}
{"__type":"$$EventMessageAudit","id":"9b82b57c-19d1-452f-b96c-a35c226d8488","ts":"2026-09-09T07:01:17.698-04:00","eventName":"n8n.audit.workflow.updated","message":"n8n.audit.workflow.updated","payload":{"userId":"c17e4e51-fb03-4a49-8690-2eb153d72420","_email":"anurag.25scse1180671@galgotiasuniversity.ac.in","_firstName":"ANURAG","_lastName":"SHARMA","globalRole":"global:owner","workflowId":"syQ1650RVcPcjzXQ","workflowName":"Accisense Ack"}}
{"__type":"$$EventMessageConfirm","confirm":"9b82b57c-19d1-452f-b96c-a35c226d8488","ts":"2026-09-09T07:01:17.698-04:00","source":{"id":"0","name":"eventBus"}}
{"__type":"$$EventMessageAudit","id":"b9739fce-93e6-4d9e-bf86-ad3166765715","ts":"2026-09-09T07:01:26.392-04:00","eventName":"n8n.audit.workflow.updated","message":"n8n.audit.workflow.updated","payload":{"userId":"c17e4e51-fb03-4a49-8690-2eb153d72420","_email":"anurag.25scse1180671@galgotiasuniversity.ac.in","_firstName":"ANURAG","_lastName":"SHARMA","globalRole":"global:owner","workflowId":"syQ1650RVcPcjzXQ","workflowName":"Accisense Ack"}}
{"__type":"$$EventMessageConfirm","confirm":"b9739fce-93e6-4d9e-bf86-ad3166765715","ts":"2026-09-09T07:01:26.392-04:00","source":{"id":"0","name":"eventBus"}}
{"__type":"$$EventMessageAudit","id":"b61e0e0f-2c07-4dff-b3fd-4696c4eca9f3","ts":"2026-09-09T07:02:29.605-04:00","eventName":"n8n.audit.workflow.executed","message":"n8n.audit.workflow.executed","payload":{"userId":"c17e4e51-fb03-4a49-8690-2eb153d72420","_email":"anurag.25scse1180671@galgotiasuniversity.ac.in","_firstName":"ANURAG","_lastName":"SHARMA","globalRole":"global:owner","workflowId":"syQ1650RVcPcjzXQ","workflowName":"Accisense Ack","executionId":"44","projectId":"VPeJW2ayhoZgotkV","projectName":"ANURAG SHARMA <anurag.25scse1180671@galgotiasuniversity.ac.in>","source":"user-manual"}}
{"__type":"$$EventMessageConfirm","confirm":"b61e0e0f-2c07-4dff-b3fd-4696c4eca9f3","ts":"2026-09-09T07:02:29.606-04:00","source":{"id":"0","name":"eventBus"}}
{"__type":"$$EventMessageWorkflow","id":"adbeb477-fa6b-414b-90d3-30d006f8c396","ts":"2026-09-09T07:02:29.606-04:00","eventName":"n8n.workflow.started","message":"n8n.workflow.started","payload":{"executionId":"44","workflowId":"syQ1650RVcPcjzXQ","isManual":false,"mode":"manual","workflowName":"Accisense Ack","projectId":"VPeJW2ayhoZgotkV","projectName":"ANURAG SHARMA <anurag.25scse1180671@galgotiasuniversity.ac.in>"}}
{"__type":"$$EventMessageConfirm","confirm":"adbeb477-fa6b-414b-90d3-30d006f8c396","ts":"2026-09-09T07:02:29.606-04:00","source":{"id":"0","name":"eventBus"}}
{"__type":"$$EventMessageNode","id":"13d1ef0a-5f39-4276-8c59-6e5c13702a78","ts":"2026-09-09T07:02:29.626-04:00","eventName":"n8n.node.started","message":"n8n.node.started","payload":{"workflowId":"syQ1650RVcPcjzXQ","workflowName":"Accisense Ack","executionId":"44","nodeType":"n8n-nodes-base.httpRequest","nodeName":"Update Telegram Message","nodeId":"9710fa08-d09f-4cb7-bf14-984d3edcbc31"}}
{"__type":"$$EventMessageConfirm","confirm":"13d1ef0a-5f39-4276-8c59-6e5c13702a78","ts":"2026-09-09T07:02:29.627-04:00","source":{"id":"0","name":"eventBus"}}
{"__type":"$$EventMessageNode","id":"3f487f8e-7ae8-449c-a1dd-bacff008f112","ts":"2026-09-09T07:02:30.795-04:00","eventName":"n8n.node.finished","message":"n8n.node.finished","payload":{"workflowId":"syQ1650RVcPcjzXQ","workflowName":"Accisense Ack","executionId":"44","nodeType":"n8n-nodes-base.httpRequest","nodeName":"Update Telegram Message","nodeId":"9710fa08-d09f-4cb7-bf14-984d3edcbc31"}}
{"__type":"$$EventMessageConfirm","confirm":"3f487f8e-7ae8-449c-a1dd-bacff008f112","ts":"2026-09-09T07:02:30.795-04:00","source":{"id":"0","name":"eventBus"}}
{"__type":"$$EventMessageWorkflow","id":"7b305ba1-958d-4213-9c9f-df008c53b321","ts":"2026-09-09T07:02:30.798-04:00","eventName":"n8n.workflow.success","message":"n8n.workflow.success","payload":{"userId":"c17e4e51-fb03-4a49-8690-2eb153d72420","executionId":"44","success":true,"isManual":true,"mode":"manual","workflowId":"syQ1650RVcPcjzXQ","workflowName":"Accisense Ack","projectId":"VPeJW2ayhoZgotkV","projectName":"ANURAG SHARMA <anurag.25scse1180671@galgotiasuniversity.ac.in>"}}
{"__type":"$$EventMessageConfirm","confirm":"7b305ba1-958d-4213-9c9f-df008c53b321","ts":"2026-09-09T07:02:30.798-04:00","source":{"id":"0","name":"eventBus"}}
{"__type":"$$EventMessageAudit","id":"c963b3fd-feaa-4d56-ba07-251d01e6a077","ts":"2026-09-09T07:02:40.013-04:00","eventName":"n8n.audit.workflow.executed","message":"n8n.audit.workflow.executed","payload":{"userId":"c17e4e51-fb03-4a49-8690-2eb153d72420","_email":"anurag.25scse1180671@galgotiasuniversity.ac.in","_firstName":"ANURAG","_lastName":"SHARMA","globalRole":"global:owner","workflowId":"syQ1650RVcPcjzXQ","workflowName":"Accisense Ack","executionId":"45","projectId":"VPeJW2ayhoZgotkV","projectName":"ANURAG SHARMA <anurag.25scse1180671@galgotiasuniversity.ac.in>","source":"user-manual"}}
{"__type":"$$EventMessageConfirm","confirm":"c963b3fd-feaa-4d56-ba07-251d01e6a077","ts":"2026-09-09T07:02:40.013-04:00","source":{"id":"0","name":"eventBus"}}
{"__type":"$$EventMessageWorkflow","id":"92082517-5229-482c-b830-43997f459b18","ts":"2026-09-09T07:02:40.014-04:00","eventName":"n8n.workflow.started","message":"n8n.workflow.started","payload":{"executionId":"45","workflowId":"syQ1650RVcPcjzXQ","isManual":false,"mode":"manual","workflowName":"Accisense Ack","projectId":"VPeJW2ayhoZgotkV","projectName":"ANURAG SHARMA <anurag.25scse1180671@galgotiasuniversity.ac.in>"}}
{"__type":"$$EventMessageConfirm","confirm":"92082517-5229-482c-b830-43997f459b18","ts":"2026-09-09T07:02:40.014-04:00","source":{"id":"0","name":"eventBus"}}
{"__type":"$$EventMessageNode","id":"48928db1-0cc4-42f3-861c-5950b5b874f3","ts":"2026-09-09T07:02:40.031-04:00","eventName":"n8n.node.started","message":"n8n.node.started","payload":{"workflowId":"syQ1650RVcPcjzXQ","workflowName":"Accisense Ack","executionId":"45","nodeType":"n8n-nodes-base.telegram","nodeName":"Notify ACK Success","nodeId":"1dd11c85-ceb3-4e48-8372-71f9f0491bda"}}
{"__type":"$$EventMessageConfirm","confirm":"48928db1-0cc4-42f3-861c-5950b5b874f3","ts":"2026-09-09T07:02:40.031-04:00","source":{"id":"0","name":"eventBus"}}
{"__type":"$$EventMessageNode","id":"8cc6088f-8886-4726-a358-da87a1f3768e","ts":"2026-09-09T07:02:41.082-04:00","eventName":"n8n.node.finished","message":"n8n.node.finished","payload":{"workflowId":"syQ1650RVcPcjzXQ","workflowName":"Accisense Ack","executionId":"45","nodeType":"n8n-nodes-base.telegram","nodeName":"Notify ACK Success","nodeId":"1dd11c85-ceb3-4e48-8372-71f9f0491bda"}}
{"__type":"$$EventMessageConfirm","confirm":"8cc6088f-8886-4726-a358-da87a1f3768e","ts":"2026-09-09T07:02:41.082-04:00","source":{"id":"0","name":"eventBus"}}
{"__type":"$$EventMessageWorkflow","id":"ebe652dd-312f-4701-95bd-630988237ba4","ts":"2026-09-09T07:02:41.084-04:00","eventName":"n8n.workflow.success","message":"n8n.workflow.success","payload":{"userId":"c17e4e51-fb03-4a49-8690-2eb153d72420","executionId":"45","success":true,"isManual":true,"mode":"manual","workflowId":"syQ1650RVcPcjzXQ","workflowName":"Accisense Ack","projectId":"VPeJW2ayhoZgotkV","projectName":"ANURAG SHARMA <anurag.25scse1180671@galgotiasuniversity.ac.in>"}}
{"__type":"$$EventMessageConfirm","confirm":"ebe652dd-312f-4701-95bd-630988237ba4","ts":"2026-09-09T07:02:41.084-04:00","source":{"id":"0","name":"eventBus"}}
{"__type":"$$EventMessageAudit","id":"acae224a-5647-4894-8e6a-6773231eb8e2","ts":"2026-09-09T07:02:54.491-04:00","eventName":"n8n.audit.workflow.executed","message":"n8n.audit.workflow.executed","payload":{"userId":"c17e4e51-fb03-4a49-8690-2eb153d72420","_email":"anurag.25scse1180671@galgotiasuniversity.ac.in","_firstName":"ANURAG","_lastName":"SHARMA","globalRole":"global:owner","workflowId":"syQ1650RVcPcjzXQ","workflowName":"Accisense Ack","executionId":"46","projectId":"VPeJW2ayhoZgotkV","projectName":"ANURAG SHARMA <anurag.25scse1180671@galgotiasuniversity.ac.in>","source":"user-manual"}}
{"__type":"$$EventMessageConfirm","confirm":"acae224a-5647-4894-8e6a-6773231eb8e2","ts":"2026-09-09T07:02:54.492-04:00","source":{"id":"0","name":"eventBus"}}
{"__type":"$$EventMessageWorkflow","id":"cf7cf1a1-8928-4ebc-b733-c3c357fce40f","ts":"2026-09-09T07:02:54.492-04:00","eventName":"n8n.workflow.started","message":"n8n.workflow.started","payload":{"executionId":"46","workflowId":"syQ1650RVcPcjzXQ","isManual":false,"mode":"manual","workflowName":"Accisense Ack","projectId":"VPeJW2ayhoZgotkV","projectName":"ANURAG SHARMA <anurag.25scse1180671@galgotiasuniversity.ac.in>"}}
{"__type":"$$EventMessageConfirm","confirm":"cf7cf1a1-8928-4ebc-b733-c3c357fce40f","ts":"2026-09-09T07:02:54.492-04:00","source":{"id":"0","name":"eventBus"}}
{"__type":"$$EventMessageNode","id":"a91af72e-ac21-4a71-9899-f9a1331660db","ts":"2026-09-09T07:02:54.508-04:00","eventName":"n8n.node.started","message":"n8n.node.started","payload":{"workflowId":"syQ1650RVcPcjzXQ","workflowName":"Accisense Ack","executionId":"46","nodeType":"n8n-nodes-base.httpRequest","nodeName":"Pinata Success","nodeId":"33637d8b-99aa-40bf-8f73-a5e595a1888d"}}
{"__type":"$$EventMessageConfirm","confirm":"a91af72e-ac21-4a71-9899-f9a1331660db","ts":"2026-09-09T07:02:54.509-04:00","source":{"id":"0","name":"eventBus"}}
{"__type":"$$EventMessageNode","id":"12c1ddc7-1334-4ea3-b3ac-3ab38e6cd86e","ts":"2026-09-09T07:02:55.391-04:00","eventName":"n8n.node.finished","message":"n8n.node.finished","payload":{"workflowId":"syQ1650RVcPcjzXQ","workflowName":"Accisense Ack","executionId":"46","nodeType":"n8n-nodes-base.httpRequest","nodeName":"Pinata Success","nodeId":"33637d8b-99aa-40bf-8f73-a5e595a1888d"}}
{"__type":"$$EventMessageConfirm","confirm":"12c1ddc7-1334-4ea3-b3ac-3ab38e6cd86e","ts":"2026-09-09T07:02:55.391-04:00","source":{"id":"0","name":"eventBus"}}
{"__type":"$$EventMessageWorkflow","id":"235db796-ae13-4c7d-af60-a0275d156451","ts":"2026-09-09T07:02:55.395-04:00","eventName":"n8n.workflow.failed","message":"n8n.workflow.failed","payload":{"userId":"c17e4e51-fb03-4a49-8690-2eb153d72420","executionId":"46","success":false,"isManual":true,"mode":"manual","workflowId":"syQ1650RVcPcjzXQ","workflowName":"Accisense Ack","projectId":"VPeJW2ayhoZgotkV","projectName":"ANURAG SHARMA <anurag.25scse1180671@galgotiasuniversity.ac.in>","lastNodeExecuted":"Pinata Success","errorNodeType":"n8n-nodes-base.httpRequest","errorMessage":"The resource you are requesting could not be found"}}
{"__type":"$$EventMessageConfirm","confirm":"235db796-ae13-4c7d-af60-a0275d156451","ts":"2026-09-09T07:02:55.395-04:00","source":{"id":"0","name":"eventBus"}}
{"__type":"$$EventMessageAudit","id":"55f1853c-410f-43e8-bde8-e3c072255453","ts":"2026-09-09T07:03:59.356-04:00","eventName":"n8n.audit.workflow.executed","message":"n8n.audit.workflow.executed","payload":{"workflowId":"fC5E99z5uUn0fKjT","workflowName":"Accisense alert","executionId":"47","projectId":"VPeJW2ayhoZgotkV","projectName":"ANURAG SHARMA <anurag.25scse1180671@galgotiasuniversity.ac.in>","source":"webhook"}}
{"__type":"$$EventMessageConfirm","confirm":"55f1853c-410f-43e8-bde8-e3c072255453","ts":"2026-09-09T07:03:59.356-04:00","source":{"id":"0","name":"eventBus"}}
{"__type":"$$EventMessageWorkflow","id":"32c8d415-638e-4f19-b18a-aea664abe928","ts":"2026-09-09T07:03:59.358-04:00","eventName":"n8n.workflow.started","message":"n8n.workflow.started","payload":{"executionId":"47","workflowId":"fC5E99z5uUn0fKjT","isManual":false,"mode":"manual","workflowName":"Accisense alert","projectId":"VPeJW2ayhoZgotkV","projectName":"ANURAG SHARMA <anurag.25scse1180671@galgotiasuniversity.ac.in>"}}
{"__type":"$$EventMessageConfirm","confirm":"32c8d415-638e-4f19-b18a-aea664abe928","ts":"2026-09-09T07:03:59.358-04:00","source":{"id":"0","name":"eventBus"}}
{"__type":"$$EventMessageNode","id":"14f58c75-4639-4094-9709-b49642d1881d","ts":"2026-09-09T07:03:59.379-04:00","eventName":"n8n.node.started","message":"n8n.node.started","payload":{"workflowId":"fC5E99z5uUn0fKjT","workflowName":"Accisense alert","executionId":"47","nodeType":"n8n-nodes-base.webhook","nodeName":"Webhook","nodeId":"1132293c-0068-4318-83d9-b3883ab01b5a"}}
{"__type":"$$EventMessageConfirm","confirm":"14f58c75-4639-4094-9709-b49642d1881d","ts":"2026-09-09T07:03:59.379-04:00","source":{"id":"0","name":"eventBus"}}
{"__type":"$$EventMessageNode","id":"b5e43cc9-766b-4505-ac34-f7e85b780d5d","ts":"2026-09-09T07:03:59.380-04:00","eventName":"n8n.node.finished","message":"n8n.node.finished","payload":{"workflowId":"fC5E99z5uUn0fKjT","workflowName":"Accisense alert","executionId":"47","nodeType":"n8n-nodes-base.webhook","nodeName":"Webhook","nodeId":"1132293c-0068-4318-83d9-b3883ab01b5a"}}
{"__type":"$$EventMessageConfirm","confirm":"b5e43cc9-766b-4505-ac34-f7e85b780d5d","ts":"2026-09-09T07:03:59.380-04:00","source":{"id":"0","name":"eventBus"}}
{"__type":"$$EventMessageNode","id":"6de547aa-ae0f-4bc9-ba23-e9c12b4f51f6","ts":"2026-09-09T07:03:59.380-04:00","eventName":"n8n.node.started","message":"n8n.node.started","payload":{"workflowId":"fC5E99z5uUn0fKjT","workflowName":"Accisense alert","executionId":"47","nodeType":"n8n-nodes-base.if","nodeName":"If","nodeId":"ae47ab65-f8eb-415b-aafc-fa2cf54d58f9"}}
{"__type":"$$EventMessageConfirm","confirm":"6de547aa-ae0f-4bc9-ba23-e9c12b4f51f6","ts":"2026-09-09T07:03:59.380-04:00","source":{"id":"0","name":"eventBus"}}
{"__type":"$$EventMessageNode","id":"ca2e262d-82e6-4571-9570-c0ab496fdcf0","ts":"2026-09-09T07:03:59.390-04:00","eventName":"n8n.node.finished","message":"n8n.node.finished","payload":{"workflowId":"fC5E99z5uUn0fKjT","workflowName":"Accisense alert","executionId":"47","nodeType":"n8n-nodes-base.if","nodeName":"If","nodeId":"ae47ab65-f8eb-415b-aafc-fa2cf54d58f9"}}
{"__type":"$$EventMessageConfirm","confirm":"ca2e262d-82e6-4571-9570-c0ab496fdcf0","ts":"2026-09-09T07:03:59.390-04:00","source":{"id":"0","name":"eventBus"}}
{"__type":"$$EventMessageNode","id":"eb8019b1-c09d-437e-9133-931c58702555","ts":"2026-09-09T07:03:59.391-04:00","eventName":"n8n.node.started","message":"n8n.node.started","payload":{"workflowId":"fC5E99z5uUn0fKjT","workflowName":"Accisense alert","executionId":"47","nodeType":"n8n-nodes-base.httpRequest","nodeName":"Create Incident","nodeId":"a8982d80-dd7c-4b50-bcc1-9774d5030e50"}}
{"__type":"$$EventMessageConfirm","confirm":"eb8019b1-c09d-437e-9133-931c58702555","ts":"2026-09-09T07:03:59.391-04:00","source":{"id":"0","name":"eventBus"}}
{"__type":"$$EventMessageNode","id":"d2872cb1-3c6a-45a0-9d6a-d7e1d257a682","ts":"2026-09-09T07:04:00.599-04:00","eventName":"n8n.node.finished","message":"n8n.node.finished","payload":{"workflowId":"fC5E99z5uUn0fKjT","workflowName":"Accisense alert","executionId":"47","nodeType":"n8n-nodes-base.httpRequest","nodeName":"Create Incident","nodeId":"a8982d80-dd7c-4b50-bcc1-9774d5030e50"}}
{"__type":"$$EventMessageConfirm","confirm":"d2872cb1-3c6a-45a0-9d6a-d7e1d257a682","ts":"2026-09-09T07:04:00.599-04:00","source":{"id":"0","name":"eventBus"}}
{"__type":"$$EventMessageNode","id":"ee84981a-a819-40a2-8d07-9e3f841dfa2d","ts":"2026-09-09T07:04:00.600-04:00","eventName":"n8n.node.started","message":"n8n.node.started","payload":{"workflowId":"fC5E99z5uUn0fKjT","workflowName":"Accisense alert","executionId":"47","nodeType":"n8n-nodes-base.telegram","nodeName":"Send Alert","nodeId":"7c481263-5942-4621-a0e8-799c9e1a6335"}}
{"__type":"$$EventMessageConfirm","confirm":"ee84981a-a819-40a2-8d07-9e3f841dfa2d","ts":"2026-09-09T07:04:00.600-04:00","source":{"id":"0","name":"eventBus"}}
{"__type":"$$EventMessageNode","id":"849dc226-22e0-4e56-a185-7463962283f9","ts":"2026-09-09T07:04:01.725-04:00","eventName":"n8n.node.finished","message":"n8n.node.finished","payload":{"workflowId":"fC5E99z5uUn0fKjT","workflowName":"Accisense alert","executionId":"47","nodeType":"n8n-nodes-base.telegram","nodeName":"Send Alert","nodeId":"7c481263-5942-4621-a0e8-799c9e1a6335"}}
{"__type":"$$EventMessageConfirm","confirm":"849dc226-22e0-4e56-a185-7463962283f9","ts":"2026-09-09T07:04:01.725-04:00","source":{"id":"0","name":"eventBus"}}
{"__type":"$$EventMessageNode","id":"ef679ddd-d95b-4719-874f-b51eaa66cc22","ts":"2026-09-09T07:04:01.726-04:00","eventName":"n8n.node.started","message":"n8n.node.started","payload":{"workflowId":"fC5E99z5uUn0fKjT","workflowName":"Accisense alert","executionId":"47","nodeType":"n8n-nodes-base.supabase","nodeName":"Create a row","nodeId":"00c26655-3a8f-471e-a1e0-49c908b3a937"}}
{"__type":"$$EventMessageConfirm","confirm":"ef679ddd-d95b-4719-874f-b51eaa66cc22","ts":"2026-09-09T07:04:01.726-04:00","source":{"id":"0","name":"eventBus"}}
{"__type":"$$EventMessageNode","id":"3517bad7-2c70-41e3-8fe1-d491a9c35668","ts":"2026-09-09T07:04:02.193-04:00","eventName":"n8n.node.finished","message":"n8n.node.finished","payload":{"workflowId":"fC5E99z5uUn0fKjT","workflowName":"Accisense alert","executionId":"47","nodeType":"n8n-nodes-base.supabase","nodeName":"Create a row","nodeId":"00c26655-3a8f-471e-a1e0-49c908b3a937"}}
{"__type":"$$EventMessageConfirm","confirm":"3517bad7-2c70-41e3-8fe1-d491a9c35668","ts":"2026-09-09T07:04:02.193-04:00","source":{"id":"0","name":"eventBus"}}
{"__type":"$$EventMessageNode","id":"5591670a-3020-4a65-8255-f8f33d3004aa","ts":"2026-09-09T07:04:02.193-04:00","eventName":"n8n.node.started","message":"n8n.node.started","payload":{"workflowId":"fC5E99z5uUn0fKjT","workflowName":"Accisense alert","executionId":"47","nodeType":"n8n-nodes-base.telegram","nodeName":"Send confirmation/log","nodeId":"c744bd15-731f-4fc0-b570-38a032a54b24"}}
{"__type":"$$EventMessageConfirm","confirm":"5591670a-3020-4a65-8255-f8f33d3004aa","ts":"2026-09-09T07:04:02.193-04:00","source":{"id":"0","name":"eventBus"}}
{"__type":"$$EventMessageNode","id":"bc67fdda-ef64-44a5-a558-07ab8bfb15e1","ts":"2026-09-09T07:04:03.328-04:00","eventName":"n8n.node.finished","message":"n8n.node.finished","payload":{"workflowId":"fC5E99z5uUn0fKjT","workflowName":"Accisense alert","executionId":"47","nodeType":"n8n-nodes-base.telegram","nodeName":"Send confirmation/log","nodeId":"c744bd15-731f-4fc0-b570-38a032a54b24"}}
{"__type":"$$EventMessageConfirm","confirm":"bc67fdda-ef64-44a5-a558-07ab8bfb15e1","ts":"2026-09-09T07:04:03.328-04:00","source":{"id":"0","name":"eventBus"}}
{"__type":"$$EventMessageWorkflow","id":"9d601527-9a05-4ae7-8eda-89e8fc6b1c71","ts":"2026-09-09T07:04:03.330-04:00","eventName":"n8n.workflow.success","message":"n8n.workflow.success","payload":{"userId":"c17e4e51-fb03-4a49-8690-2eb153d72420","executionId":"47","success":true,"isManual":true,"mode":"manual","workflowId":"fC5E99z5uUn0fKjT","workflowName":"Accisense alert","projectId":"VPeJW2ayhoZgotkV","projectName":"ANURAG SHARMA <anurag.25scse1180671@galgotiasuniversity.ac.in>"}}
{"__type":"$$EventMessageConfirm","confirm":"9d601527-9a05-4ae7-8eda-89e8fc6b1c71","ts":"2026-09-09T07:04:03.330-04:00","source":{"id":"0","name":"eventBus"}}
{"__type":"$$EventMessageAudit","id":"461e720e-0025-4f09-a2f2-c7bb81f13cb1","ts":"2026-09-09T07:04:05.138-04:00","eventName":"n8n.audit.workflow.executed","message":"n8n.audit.workflow.executed","payload":{"workflowId":"syQ1650RVcPcjzXQ","workflowName":"Accisense Ack","executionId":"48","projectId":"VPeJW2ayhoZgotkV","projectName":"ANURAG SHARMA <anurag.25scse1180671@galgotiasuniversity.ac.in>","source":"webhook"}}
{"__type":"$$EventMessageConfirm","confirm":"461e720e-0025-4f09-a2f2-c7bb81f13cb1","ts":"2026-09-09T07:04:05.138-04:00","source":{"id":"0","name":"eventBus"}}
{"__type":"$$EventMessageWorkflow","id":"80d43216-c74f-4e44-87b7-b400b6c91156","ts":"2026-09-09T07:04:05.139-04:00","eventName":"n8n.workflow.started","message":"n8n.workflow.started","payload":{"executionId":"48","workflowId":"syQ1650RVcPcjzXQ","isManual":false,"mode":"manual","workflowName":"Accisense Ack","projectId":"VPeJW2ayhoZgotkV","projectName":"ANURAG SHARMA <anurag.25scse1180671@galgotiasuniversity.ac.in>"}}
{"__type":"$$EventMessageConfirm","confirm":"80d43216-c74f-4e44-87b7-b400b6c91156","ts":"2026-09-09T07:04:05.139-04:00","source":{"id":"0","name":"eventBus"}}
{"__type":"$$EventMessageNode","id":"a9bf34c5-a6b0-4ad1-b0f1-1e46980fac81","ts":"2026-09-09T07:04:05.157-04:00","eventName":"n8n.node.started","message":"n8n.node.started","payload":{"workflowId":"syQ1650RVcPcjzXQ","workflowName":"Accisense Ack","executionId":"48","nodeType":"n8n-nodes-base.telegramTrigger","nodeName":"On ACK Button","nodeId":"c6dd631b-5579-4cf6-a48b-fbcd8b4ba156"}}
{"__type":"$$EventMessageConfirm","confirm":"a9bf34c5-a6b0-4ad1-b0f1-1e46980fac81","ts":"2026-09-09T07:04:05.157-04:00","source":{"id":"0","name":"eventBus"}}
{"__type":"$$EventMessageNode","id":"82f3b232-665a-4590-9e7c-31cd07fbcd05","ts":"2026-09-09T07:04:05.158-04:00","eventName":"n8n.node.finished","message":"n8n.node.finished","payload":{"workflowId":"syQ1650RVcPcjzXQ","workflowName":"Accisense Ack","executionId":"48","nodeType":"n8n-nodes-base.telegramTrigger","nodeName":"On ACK Button","nodeId":"c6dd631b-5579-4cf6-a48b-fbcd8b4ba156"}}
{"__type":"$$EventMessageConfirm","confirm":"82f3b232-665a-4590-9e7c-31cd07fbcd05","ts":"2026-09-09T07:04:05.158-04:00","source":{"id":"0","name":"eventBus"}}
{"__type":"$$EventMessageNode","id":"8017a3e7-ec4f-48b7-8f06-563c37168a35","ts":"2026-09-09T07:04:05.159-04:00","eventName":"n8n.node.started","message":"n8n.node.started","payload":{"workflowId":"syQ1650RVcPcjzXQ","workflowName":"Accisense Ack","executionId":"48","nodeType":"n8n-nodes-base.telegram","nodeName":"Answer Query a callback","nodeId":"2661019e-153e-4575-a346-44cc88c70061"}}
{"__type":"$$EventMessageConfirm","confirm":"8017a3e7-ec4f-48b7-8f06-563c37168a35","ts":"2026-09-09T07:04:05.159-04:00","source":{"id":"0","name":"eventBus"}}
{"__type":"$$EventMessageNode","id":"641229b0-5b99-47c6-91c2-7d4dbf7f214e","ts":"2026-09-09T07:04:06.218-04:00","eventName":"n8n.node.finished","message":"n8n.node.finished","payload":{"workflowId":"syQ1650RVcPcjzXQ","workflowName":"Accisense Ack","executionId":"48","nodeType":"n8n-nodes-base.telegram","nodeName":"Answer Query a callback","nodeId":"2661019e-153e-4575-a346-44cc88c70061"}}
{"__type":"$$EventMessageConfirm","confirm":"641229b0-5b99-47c6-91c2-7d4dbf7f214e","ts":"2026-09-09T07:04:06.219-04:00","source":{"id":"0","name":"eventBus"}}
{"__type":"$$EventMessageNode","id":"cf0263a8-dba2-4d8d-a348-feb7da983cc7","ts":"2026-09-09T07:04:06.219-04:00","eventName":"n8n.node.started","message":"n8n.node.started","payload":{"workflowId":"syQ1650RVcPcjzXQ","workflowName":"Accisense Ack","executionId":"48","nodeType":"n8n-nodes-base.set","nodeName":"Parse ACK","nodeId":"683cc3f3-95cc-4e0a-bb0a-53169b4c4597"}}
{"__type":"$$EventMessageConfirm","confirm":"cf0263a8-dba2-4d8d-a348-feb7da983cc7","ts":"2026-09-09T07:04:06.219-04:00","source":{"id":"0","name":"eventBus"}}
{"__type":"$$EventMessageNode","id":"d059b3df-140b-470e-a86f-60ec82fcd818","ts":"2026-09-09T07:04:06.224-04:00","eventName":"n8n.node.finished","message":"n8n.node.finished","payload":{"workflowId":"syQ1650RVcPcjzXQ","workflowName":"Accisense Ack","executionId":"48","nodeType":"n8n-nodes-base.set","nodeName":"Parse ACK","nodeId":"683cc3f3-95cc-4e0a-bb0a-53169b4c4597"}}
{"__type":"$$EventMessageConfirm","confirm":"d059b3df-140b-470e-a86f-60ec82fcd818","ts":"2026-09-09T07:04:06.224-04:00","source":{"id":"0","name":"eventBus"}}
{"__type":"$$EventMessageNode","id":"6947f6a8-79fd-455c-b8c3-f316d8e8258b","ts":"2026-09-09T07:04:06.225-04:00","eventName":"n8n.node.started","message":"n8n.node.started","payload":{"workflowId":"syQ1650RVcPcjzXQ","workflowName":"Accisense Ack","executionId":"48","nodeType":"n8n-nodes-base.set","nodeName":"Extract AcciSense ID","nodeId":"22008c1d-f023-4a46-ab49-e8a035645aac"}}
{"__type":"$$EventMessageConfirm","confirm":"6947f6a8-79fd-455c-b8c3-f316d8e8258b","ts":"2026-09-09T07:04:06.225-04:00","source":{"id":"0","name":"eventBus"}}
{"__type":"$$EventMessageNode","id":"1e9d0fbc-b2c8-442d-85af-1e37d262cd20","ts":"2026-09-09T07:04:06.230-04:00","eventName":"n8n.node.finished","message":"n8n.node.finished","payload":{"workflowId":"syQ1650RVcPcjzXQ","workflowName":"Accisense Ack","executionId":"48","nodeType":"n8n-nodes-base.set","nodeName":"Extract AcciSense ID","nodeId":"22008c1d-f023-4a46-ab49-e8a035645aac"}}
{"__type":"$$EventMessageConfirm","confirm":"1e9d0fbc-b2c8-442d-85af-1e37d262cd20","ts":"2026-09-09T07:04:06.230-04:00","source":{"id":"0","name":"eventBus"}}
{"__type":"$$EventMessageNode","id":"0b6486ad-8447-4a3e-823c-4ef48ca5b9a0","ts":"2026-09-09T07:04:06.230-04:00","eventName":"n8n.node.started","message":"n8n.node.started","payload":{"workflowId":"syQ1650RVcPcjzXQ","workflowName":"Accisense Ack","executionId":"48","nodeType":"n8n-nodes-base.httpRequest","nodeName":"Acknowledge Incident","nodeId":"a141b20b-15fe-436d-84e8-ff699b266095"}}
{"__type":"$$EventMessageConfirm","confirm":"0b6486ad-8447-4a3e-823c-4ef48ca5b9a0","ts":"2026-09-09T07:04:06.230-04:00","source":{"id":"0","name":"eventBus"}}
{"__type":"$$EventMessageNode","id":"d0f4afbd-3dd7-4dc4-b31f-ea31f1b456e1","ts":"2026-09-09T07:04:06.615-04:00","eventName":"n8n.node.finished","message":"n8n.node.finished","payload":{"workflowId":"syQ1650RVcPcjzXQ","workflowName":"Accisense Ack","executionId":"48","nodeType":"n8n-nodes-base.httpRequest","nodeName":"Acknowledge Incident","nodeId":"a141b20b-15fe-436d-84e8-ff699b266095"}}
{"__type":"$$EventMessageConfirm","confirm":"d0f4afbd-3dd7-4dc4-b31f-ea31f1b456e1","ts":"2026-09-09T07:04:06.615-04:00","source":{"id":"0","name":"eventBus"}}
{"__type":"$$EventMessageNode","id":"aa4e1307-f99f-4a7e-811e-2590a351c5d5","ts":"2026-09-09T07:04:06.615-04:00","eventName":"n8n.node.started","message":"n8n.node.started","payload":{"workflowId":"syQ1650RVcPcjzXQ","workflowName":"Accisense Ack","executionId":"48","nodeType":"n8n-nodes-base.supabase","nodeName":"Get many rows","nodeId":"666dfc14-e54f-4d5a-a30c-c0d18601345a"}}
{"__type":"$$EventMessageConfirm","confirm":"aa4e1307-f99f-4a7e-811e-2590a351c5d5","ts":"2026-09-09T07:04:06.615-04:00","source":{"id":"0","name":"eventBus"}}
{"__type":"$$EventMessageNode","id":"dda40a0d-8b11-4514-a73e-01a6218af73e","ts":"2026-09-09T07:04:07.327-04:00","eventName":"n8n.node.finished","message":"n8n.node.finished","payload":{"workflowId":"syQ1650RVcPcjzXQ","workflowName":"Accisense Ack","executionId":"48","nodeType":"n8n-nodes-base.supabase","nodeName":"Get many rows","nodeId":"666dfc14-e54f-4d5a-a30c-c0d18601345a"}}
{"__type":"$$EventMessageConfirm","confirm":"dda40a0d-8b11-4514-a73e-01a6218af73e","ts":"2026-09-09T07:04:07.327-04:00","source":{"id":"0","name":"eventBus"}}
{"__type":"$$EventMessageNode","id":"fea77772-df80-4511-979e-c0b0bacb8f4e","ts":"2026-09-09T07:04:07.327-04:00","eventName":"n8n.node.started","message":"n8n.node.started","payload":{"workflowId":"syQ1650RVcPcjzXQ","workflowName":"Accisense Ack","executionId":"48","nodeType":"n8n-nodes-base.merge","nodeName":"Merge","nodeId":"3f4ac7aa-c27d-4378-a92f-511a8966b11c"}}
{"__type":"$$EventMessageConfirm","confirm":"fea77772-df80-4511-979e-c0b0bacb8f4e","ts":"2026-09-09T07:04:07.327-04:00","source":{"id":"0","name":"eventBus"}}
{"__type":"$$EventMessageNode","id":"33c9831c-33c3-48f7-8e86-1b97e0bbe89d","ts":"2026-09-09T07:04:07.331-04:00","eventName":"n8n.node.finished","message":"n8n.node.finished","payload":{"workflowId":"syQ1650RVcPcjzXQ","workflowName":"Accisense Ack","executionId":"48","nodeType":"n8n-nodes-base.merge","nodeName":"Merge","nodeId":"3f4ac7aa-c27d-4378-a92f-511a8966b11c"}}
{"__type":"$$EventMessageConfirm","confirm":"33c9831c-33c3-48f7-8e86-1b97e0bbe89d","ts":"2026-09-09T07:04:07.331-04:00","source":{"id":"0","name":"eventBus"}}
{"__type":"$$EventMessageNode","id":"2b58a412-d91d-418a-8154-0cc8e5475517","ts":"2026-09-09T07:04:07.332-04:00","eventName":"n8n.node.started","message":"n8n.node.started","payload":{"workflowId":"syQ1650RVcPcjzXQ","workflowName":"Accisense Ack","executionId":"48","nodeType":"n8n-nodes-base.httpRequest","nodeName":"Update Telegram Message","nodeId":"9710fa08-d09f-4cb7-bf14-984d3edcbc31"}}
{"__type":"$$EventMessageConfirm","confirm":"2b58a412-d91d-418a-8154-0cc8e5475517","ts":"2026-09-09T07:04:07.332-04:00","source":{"id":"0","name":"eventBus"}}
{"__type":"$$EventMessageNode","id":"fce2c647-602a-4bbe-849f-b4b96fb9558a","ts":"2026-09-09T07:04:08.145-04:00","eventName":"n8n.node.finished","message":"n8n.node.finished","payload":{"workflowId":"syQ1650RVcPcjzXQ","workflowName":"Accisense Ack","executionId":"48","nodeType":"n8n-nodes-base.httpRequest","nodeName":"Update Telegram Message","nodeId":"9710fa08-d09f-4cb7-bf14-984d3edcbc31"}}
{"__type":"$$EventMessageConfirm","confirm":"fce2c647-602a-4bbe-849f-b4b96fb9558a","ts":"2026-09-09T07:04:08.145-04:00","source":{"id":"0","name":"eventBus"}}
{"__type":"$$EventMessageNode","id":"f7d34cd7-f13a-4a73-b54f-bb11a8b6553d","ts":"2026-09-09T07:04:08.145-04:00","eventName":"n8n.node.started","message":"n8n.node.started","payload":{"workflowId":"syQ1650RVcPcjzXQ","workflowName":"Accisense Ack","executionId":"48","nodeType":"n8n-nodes-base.telegram","nodeName":"Notify ACK Success","nodeId":"1dd11c85-ceb3-4e48-8372-71f9f0491bda"}}
{"__type":"$$EventMessageConfirm","confirm":"f7d34cd7-f13a-4a73-b54f-bb11a8b6553d","ts":"2026-09-09T07:04:08.145-04:00","source":{"id":"0","name":"eventBus"}}
{"__type":"$$EventMessageNode","id":"37f567e5-21cd-42ac-981c-141a235e7ceb","ts":"2026-09-09T07:04:09.237-04:00","eventName":"n8n.node.finished","message":"n8n.node.finished","payload":{"workflowId":"syQ1650RVcPcjzXQ","workflowName":"Accisense Ack","executionId":"48","nodeType":"n8n-nodes-base.telegram","nodeName":"Notify ACK Success","nodeId":"1dd11c85-ceb3-4e48-8372-71f9f0491bda"}}
{"__type":"$$EventMessageConfirm","confirm":"37f567e5-21cd-42ac-981c-141a235e7ceb","ts":"2026-09-09T07:04:09.237-04:00","source":{"id":"0","name":"eventBus"}}
{"__type":"$$EventMessageNode","id":"3531e89c-3524-4ce6-90a4-fff5df2b8423","ts":"2026-09-09T07:04:09.238-04:00","eventName":"n8n.node.started","message":"n8n.node.started","payload":{"workflowId":"syQ1650RVcPcjzXQ","workflowName":"Accisense Ack","executionId":"48","nodeType":"n8n-nodes-base.httpRequest","nodeName":"Pinata Success","nodeId":"33637d8b-99aa-40bf-8f73-a5e595a1888d"}}
{"__type":"$$EventMessageConfirm","confirm":"3531e89c-3524-4ce6-90a4-fff5df2b8423","ts":"2026-09-09T07:04:09.238-04:00","source":{"id":"0","name":"eventBus"}}
{"__type":"$$EventMessageNode","id":"03c42752-7510-4010-acb0-97021ccc6164","ts":"2026-09-09T07:04:10.191-04:00","eventName":"n8n.node.finished","message":"n8n.node.finished","payload":{"workflowId":"syQ1650RVcPcjzXQ","workflowName":"Accisense Ack","executionId":"48","nodeType":"n8n-nodes-base.httpRequest","nodeName":"Pinata Success","nodeId":"33637d8b-99aa-40bf-8f73-a5e595a1888d"}}
{"__type":"$$EventMessageConfirm","confirm":"03c42752-7510-4010-acb0-97021ccc6164","ts":"2026-09-09T07:04:10.191-04:00","source":{"id":"0","name":"eventBus"}}
{"__type":"$$EventMessageWorkflow","id":"257029b3-ac7c-40c0-ace5-7d647b6c2aaf","ts":"2026-09-09T07:04:10.195-04:00","eventName":"n8n.workflow.failed","message":"n8n.workflow.failed","payload":{"userId":"c17e4e51-fb03-4a49-8690-2eb153d72420","executionId":"48","success":false,"isManual":true,"mode":"manual","workflowId":"syQ1650RVcPcjzXQ","workflowName":"Accisense Ack","projectId":"VPeJW2ayhoZgotkV","projectName":"ANURAG SHARMA <anurag.25scse1180671@galgotiasuniversity.ac.in>","lastNodeExecuted":"Pinata Success","errorNodeType":"n8n-nodes-base.httpRequest","errorMessage":"The resource you are requesting could not be found"}}
{"__type":"$$EventMessageConfirm","confirm":"257029b3-ac7c-40c0-ace5-7d647b6c2aaf","ts":"2026-09-09T07:04:10.195-04:00","source":{"id":"0","name":"eventBus"}}
{"__type":"$$EventMessageAudit","id":"1e628d86-0f4f-4c4c-9f74-14a8896791f9","ts":"2026-09-09T07:05:52.658-04:00","eventName":"n8n.audit.workflow.updated","message":"n8n.audit.workflow.updated","payload":{"userId":"c17e4e51-fb03-4a49-8690-2eb153d72420","_email":"anurag.25scse1180671@galgotiasuniversity.ac.in","_firstName":"ANURAG","_lastName":"SHARMA","globalRole":"global:owner","workflowId":"syQ1650RVcPcjzXQ","workflowName":"Accisense Ack"}}
{"__type":"$$EventMessageConfirm","confirm":"1e628d86-0f4f-4c4c-9f74-14a8896791f9","ts":"2026-09-09T07:05:52.658-04:00","source":{"id":"0","name":"eventBus"}}
{"__type":"$$EventMessageAudit","id":"df0b8192-4920-460b-b8d2-4efefdb87605","ts":"2026-09-09T07:05:57.519-04:00","eventName":"n8n.audit.workflow.updated","message":"n8n.audit.workflow.updated","payload":{"userId":"c17e4e51-fb03-4a49-8690-2eb153d72420","_email":"anurag.25scse1180671@galgotiasuniversity.ac.in","_firstName":"ANURAG","_lastName":"SHARMA","globalRole":"global:owner","workflowId":"syQ1650RVcPcjzXQ","workflowName":"Accisense Ack"}}
{"__type":"$$EventMessageConfirm","confirm":"df0b8192-4920-460b-b8d2-4efefdb87605","ts":"2026-09-09T07:05:57.519-04:00","source":{"id":"0","name":"eventBus"}}
{"__type":"$$EventMessageAudit","id":"6e897b35-845f-48cb-bf97-963f73922153","ts":"2026-09-09T07:07:16.520-04:00","eventName":"n8n.audit.workflow.updated","message":"n8n.audit.workflow.updated","payload":{"userId":"c17e4e51-fb03-4a49-8690-2eb153d72420","_email":"anurag.25scse1180671@galgotiasuniversity.ac.in","_firstName":"ANURAG","_lastName":"SHARMA","globalRole":"global:owner","workflowId":"syQ1650RVcPcjzXQ","workflowName":"Accisense Ack"}}
{"__type":"$$EventMessageConfirm","confirm":"6e897b35-845f-48cb-bf97-963f73922153","ts":"2026-09-09T07:07:16.520-04:00","source":{"id":"0","name":"eventBus"}}
{"__type":"$$EventMessageAudit","id":"ceb2bf96-ab8e-4a22-ba56-d90ea66186e9","ts":"2026-09-09T07:07:17.382-04:00","eventName":"n8n.audit.workflow.executed","message":"n8n.audit.workflow.executed","payload":{"userId":"c17e4e51-fb03-4a49-8690-2eb153d72420","_email":"anurag.25scse1180671@galgotiasuniversity.ac.in","_firstName":"ANURAG","_lastName":"SHARMA","globalRole":"global:owner","workflowId":"syQ1650RVcPcjzXQ","workflowName":"Accisense Ack","executionId":"49","projectId":"VPeJW2ayhoZgotkV","projectName":"ANURAG SHARMA <anurag.25scse1180671@galgotiasuniversity.ac.in>","source":"user-manual"}}
{"__type":"$$EventMessageConfirm","confirm":"ceb2bf96-ab8e-4a22-ba56-d90ea66186e9","ts":"2026-09-09T07:07:17.382-04:00","source":{"id":"0","name":"eventBus"}}
{"__type":"$$EventMessageWorkflow","id":"8703c60e-6803-4b9d-b69f-f425fd63ec2f","ts":"2026-09-09T07:07:17.383-04:00","eventName":"n8n.workflow.started","message":"n8n.workflow.started","payload":{"executionId":"49","workflowId":"syQ1650RVcPcjzXQ","isManual":false,"mode":"manual","workflowName":"Accisense Ack","projectId":"VPeJW2ayhoZgotkV","projectName":"ANURAG SHARMA <anurag.25scse1180671@galgotiasuniversity.ac.in>"}}
{"__type":"$$EventMessageConfirm","confirm":"8703c60e-6803-4b9d-b69f-f425fd63ec2f","ts":"2026-09-09T07:07:17.383-04:00","source":{"id":"0","name":"eventBus"}}
{"__type":"$$EventMessageNode","id":"74fadee9-7503-4fc5-b695-0647c6951454","ts":"2026-09-09T07:07:17.422-04:00","eventName":"n8n.node.started","message":"n8n.node.started","payload":{"workflowId":"syQ1650RVcPcjzXQ","workflowName":"Accisense Ack","executionId":"49","nodeType":"n8n-nodes-base.httpRequest","nodeName":"Pinata Success","nodeId":"33637d8b-99aa-40bf-8f73-a5e595a1888d"}}
{"__type":"$$EventMessageConfirm","confirm":"74fadee9-7503-4fc5-b695-0647c6951454","ts":"2026-09-09T07:07:17.422-04:00","source":{"id":"0","name":"eventBus"}}
{"__type":"$$EventMessageNode","id":"1d462a0d-8fdb-4fbf-96b5-548578465696","ts":"2026-09-09T07:07:18.534-04:00","eventName":"n8n.node.finished","message":"n8n.node.finished","payload":{"workflowId":"syQ1650RVcPcjzXQ","workflowName":"Accisense Ack","executionId":"49","nodeType":"n8n-nodes-base.httpRequest","nodeName":"Pinata Success","nodeId":"33637d8b-99aa-40bf-8f73-a5e595a1888d"}}
{"__type":"$$EventMessageConfirm","confirm":"1d462a0d-8fdb-4fbf-96b5-548578465696","ts":"2026-09-09T07:07:18.534-04:00","source":{"id":"0","name":"eventBus"}}
{"__type":"$$EventMessageWorkflow","id":"0eb66f66-ff02-41d1-8f62-50ba159fc88d","ts":"2026-09-09T07:07:18.539-04:00","eventName":"n8n.workflow.failed","message":"n8n.workflow.failed","payload":{"userId":"c17e4e51-fb03-4a49-8690-2eb153d72420","executionId":"49","success":false,"isManual":true,"mode":"manual","workflowId":"syQ1650RVcPcjzXQ","workflowName":"Accisense Ack","projectId":"VPeJW2ayhoZgotkV","projectName":"ANURAG SHARMA <anurag.25scse1180671@galgotiasuniversity.ac.in>","lastNodeExecuted":"Pinata Success","errorNodeType":"n8n-nodes-base.httpRequest","errorMessage":"The resource you are requesting could not be found"}}
{"__type":"$$EventMessageConfirm","confirm":"0eb66f66-ff02-41d1-8f62-50ba159fc88d","ts":"2026-09-09T07:07:18.540-04:00","source":{"id":"0","name":"eventBus"}}
{"__type":"$$EventMessageAudit","id":"7e1821ef-393f-4564-a910-34016082811b","ts":"2026-09-09T07:07:33.048-04:00","eventName":"n8n.audit.workflow.updated","message":"n8n.audit.workflow.updated","payload":{"userId":"c17e4e51-fb03-4a49-8690-2eb153d72420","_email":"anurag.25scse1180671@galgotiasuniversity.ac.in","_firstName":"ANURAG","_lastName":"SHARMA","globalRole":"global:owner","workflowId":"syQ1650RVcPcjzXQ","workflowName":"Accisense Ack"}}
{"__type":"$$EventMessageConfirm","confirm":"7e1821ef-393f-4564-a910-34016082811b","ts":"2026-09-09T07:07:33.048-04:00","source":{"id":"0","name":"eventBus"}}
{"__type":"$$EventMessageAudit","id":"e8951aa7-8321-4183-b652-1269a6341214","ts":"2026-09-09T07:07:33.800-04:00","eventName":"n8n.audit.workflow.executed","message":"n8n.audit.workflow.executed","payload":{"userId":"c17e4e51-fb03-4a49-8690-2eb153d72420","_email":"anurag.25scse1180671@galgotiasuniversity.ac.in","_firstName":"ANURAG","_lastName":"SHARMA","globalRole":"global:owner","workflowId":"syQ1650RVcPcjzXQ","workflowName":"Accisense Ack","executionId":"50","projectId":"VPeJW2ayhoZgotkV","projectName":"ANURAG SHARMA <anurag.25scse1180671@galgotiasuniversity.ac.in>","source":"user-manual"}}
{"__type":"$$EventMessageConfirm","confirm":"e8951aa7-8321-4183-b652-1269a6341214","ts":"2026-09-09T07:07:33.800-04:00","source":{"id":"0","name":"eventBus"}}
{"__type":"$$EventMessageWorkflow","id":"01b18d17-e34b-464a-8052-5ce1e486e0dc","ts":"2026-09-09T07:07:33.801-04:00","eventName":"n8n.workflow.started","message":"n8n.workflow.started","payload":{"executionId":"50","workflowId":"syQ1650RVcPcjzXQ","isManual":false,"mode":"manual","workflowName":"Accisense Ack","projectId":"VPeJW2ayhoZgotkV","projectName":"ANURAG SHARMA <anurag.25scse1180671@galgotiasuniversity.ac.in>"}}
{"__type":"$$EventMessageConfirm","confirm":"01b18d17-e34b-464a-8052-5ce1e486e0dc","ts":"2026-09-09T07:07:33.801-04:00","source":{"id":"0","name":"eventBus"}}
{"__type":"$$EventMessageNode","id":"a7c52246-ee25-45e0-b233-4370d3dac254","ts":"2026-09-09T07:07:33.825-04:00","eventName":"n8n.node.started","message":"n8n.node.started","payload":{"workflowId":"syQ1650RVcPcjzXQ","workflowName":"Accisense Ack","executionId":"50","nodeType":"n8n-nodes-base.httpRequest","nodeName":"Pinata Success","nodeId":"33637d8b-99aa-40bf-8f73-a5e595a1888d"}}
{"__type":"$$EventMessageConfirm","confirm":"a7c52246-ee25-45e0-b233-4370d3dac254","ts":"2026-09-09T07:07:33.825-04:00","source":{"id":"0","name":"eventBus"}}
{"__type":"$$EventMessageNode","id":"73c9f978-b76d-450c-8823-c79e7dab52ea","ts":"2026-09-09T07:07:35.845-04:00","eventName":"n8n.node.finished","message":"n8n.node.finished","payload":{"workflowId":"syQ1650RVcPcjzXQ","workflowName":"Accisense Ack","executionId":"50","nodeType":"n8n-nodes-base.httpRequest","nodeName":"Pinata Success","nodeId":"33637d8b-99aa-40bf-8f73-a5e595a1888d"}}
{"__type":"$$EventMessageConfirm","confirm":"73c9f978-b76d-450c-8823-c79e7dab52ea","ts":"2026-09-09T07:07:35.845-04:00","source":{"id":"0","name":"eventBus"}}
{"__type":"$$EventMessageWorkflow","id":"cdc1f5b1-05d1-4e5e-94a4-4228a0f7b411","ts":"2026-09-09T07:07:35.847-04:00","eventName":"n8n.workflow.success","message":"n8n.workflow.success","payload":{"userId":"c17e4e51-fb03-4a49-8690-2eb153d72420","executionId":"50","success":true,"isManual":true,"mode":"manual","workflowId":"syQ1650RVcPcjzXQ","workflowName":"Accisense Ack","projectId":"VPeJW2ayhoZgotkV","projectName":"ANURAG SHARMA <anurag.25scse1180671@galgotiasuniversity.ac.in>"}}
{"__type":"$$EventMessageConfirm","confirm":"cdc1f5b1-05d1-4e5e-94a4-4228a0f7b411","ts":"2026-09-09T07:07:35.847-04:00","source":{"id":"0","name":"eventBus"}}
{"__type":"$$EventMessageAudit","id":"4acca4e1-73d8-4429-8e99-51b8cabb6b6b","ts":"2026-09-09T07:07:42.340-04:00","eventName":"n8n.audit.workflow.executed","message":"n8n.audit.workflow.executed","payload":{"userId":"c17e4e51-fb03-4a49-8690-2eb153d72420","_email":"anurag.25scse1180671@galgotiasuniversity.ac.in","_firstName":"ANURAG","_lastName":"SHARMA","globalRole":"global:owner","workflowId":"syQ1650RVcPcjzXQ","workflowName":"Accisense Ack","executionId":"51","projectId":"VPeJW2ayhoZgotkV","projectName":"ANURAG SHARMA <anurag.25scse1180671@galgotiasuniversity.ac.in>","source":"user-manual"}}
{"__type":"$$EventMessageConfirm","confirm":"4acca4e1-73d8-4429-8e99-51b8cabb6b6b","ts":"2026-09-09T07:07:42.341-04:00","source":{"id":"0","name":"eventBus"}}
{"__type":"$$EventMessageWorkflow","id":"9075d49a-392d-4f37-a5c5-93883bbae807","ts":"2026-09-09T07:07:42.342-04:00","eventName":"n8n.workflow.started","message":"n8n.workflow.started","payload":{"executionId":"51","workflowId":"syQ1650RVcPcjzXQ","isManual":false,"mode":"manual","workflowName":"Accisense Ack","projectId":"VPeJW2ayhoZgotkV","projectName":"ANURAG SHARMA <anurag.25scse1180671@galgotiasuniversity.ac.in>"}}
{"__type":"$$EventMessageConfirm","confirm":"9075d49a-392d-4f37-a5c5-93883bbae807","ts":"2026-09-09T07:07:42.342-04:00","source":{"id":"0","name":"eventBus"}}
{"__type":"$$EventMessageNode","id":"390dfff7-35fa-4505-8ee9-af37465e7bf3","ts":"2026-09-09T07:07:42.359-04:00","eventName":"n8n.node.started","message":"n8n.node.started","payload":{"workflowId":"syQ1650RVcPcjzXQ","workflowName":"Accisense Ack","executionId":"51","nodeType":"n8n-nodes-base.supabase","nodeName":"Update a row","nodeId":"7169901c-f5e6-4501-ada4-3d651cdf4983"}}
{"__type":"$$EventMessageConfirm","confirm":"390dfff7-35fa-4505-8ee9-af37465e7bf3","ts":"2026-09-09T07:07:42.359-04:00","source":{"id":"0","name":"eventBus"}}
{"__type":"$$EventMessageNode","id":"1b04c40f-6cc0-4563-91c9-72c0a66f2098","ts":"2026-09-09T07:07:42.693-04:00","eventName":"n8n.node.finished","message":"n8n.node.finished","payload":{"workflowId":"syQ1650RVcPcjzXQ","workflowName":"Accisense Ack","executionId":"51","nodeType":"n8n-nodes-base.supabase","nodeName":"Update a row","nodeId":"7169901c-f5e6-4501-ada4-3d651cdf4983"}}
{"__type":"$$EventMessageConfirm","confirm":"1b04c40f-6cc0-4563-91c9-72c0a66f2098","ts":"2026-09-09T07:07:42.693-04:00","source":{"id":"0","name":"eventBus"}}
{"__type":"$$EventMessageWorkflow","id":"4d6c6e91-9904-4cd7-bab3-a8d3a731cad5","ts":"2026-09-09T07:07:42.695-04:00","eventName":"n8n.workflow.success","message":"n8n.workflow.success","payload":{"userId":"c17e4e51-fb03-4a49-8690-2eb153d72420","executionId":"51","success":true,"isManual":true,"mode":"manual","workflowId":"syQ1650RVcPcjzXQ","workflowName":"Accisense Ack","projectId":"VPeJW2ayhoZgotkV","projectName":"ANURAG SHARMA <anurag.25scse1180671@galgotiasuniversity.ac.in>"}}
{"__type":"$$EventMessageConfirm","confirm":"4d6c6e91-9904-4cd7-bab3-a8d3a731cad5","ts":"2026-09-09T07:07:42.695-04:00","source":{"id":"0","name":"eventBus"}}
{"__type":"$$EventMessageAudit","id":"822a7efe-0de9-49cf-afcb-0f36472be4fd","ts":"2026-09-09T07:08:22.744-04:00","eventName":"n8n.audit.workflow.updated","message":"n8n.audit.workflow.updated","payload":{"userId":"c17e4e51-fb03-4a49-8690-2eb153d72420","_email":"anurag.25scse1180671@galgotiasuniversity.ac.in","_firstName":"ANURAG","_lastName":"SHARMA","globalRole":"global:owner","workflowId":"syQ1650RVcPcjzXQ","workflowName":"Accisense Ack"}}
{"__type":"$$EventMessageConfirm","confirm":"822a7efe-0de9-49cf-afcb-0f36472be4fd","ts":"2026-09-09T07:08:22.745-04:00","source":{"id":"0","name":"eventBus"}}
{"__type":"$$EventMessageAudit","id":"51258440-c8ea-44cc-bf4f-f2487ad82dc8","ts":"2026-09-09T07:08:28.385-04:00","eventName":"n8n.audit.workflow.updated","message":"n8n.audit.workflow.updated","payload":{"userId":"c17e4e51-fb03-4a49-8690-2eb153d72420","_email":"anurag.25scse1180671@galgotiasuniversity.ac.in","_firstName":"ANURAG","_lastName":"SHARMA","globalRole":"global:owner","workflowId":"syQ1650RVcPcjzXQ","workflowName":"Accisense Ack"}}
{"__type":"$$EventMessageConfirm","confirm":"51258440-c8ea-44cc-bf4f-f2487ad82dc8","ts":"2026-09-09T07:08:28.386-04:00","source":{"id":"0","name":"eventBus"}}
{"__type":"$$EventMessageAudit","id":"bd73cd53-9983-4bff-9b11-79a0ebefd5cd","ts":"2026-09-09T07:08:30.190-04:00","eventName":"n8n.audit.workflow.executed","message":"n8n.audit.workflow.executed","payload":{"userId":"c17e4e51-fb03-4a49-8690-2eb153d72420","_email":"anurag.25scse1180671@galgotiasuniversity.ac.in","_firstName":"ANURAG","_lastName":"SHARMA","globalRole":"global:owner","workflowId":"syQ1650RVcPcjzXQ","workflowName":"Accisense Ack","executionId":"52","projectId":"VPeJW2ayhoZgotkV","projectName":"ANURAG SHARMA <anurag.25scse1180671@galgotiasuniversity.ac.in>","source":"user-manual"}}
{"__type":"$$EventMessageConfirm","confirm":"bd73cd53-9983-4bff-9b11-79a0ebefd5cd","ts":"2026-09-09T07:08:30.190-04:00","source":{"id":"0","name":"eventBus"}}
{"__type":"$$EventMessageWorkflow","id":"6b93c13a-eead-494b-a2d1-dfa1812cd6bf","ts":"2026-09-09T07:08:30.190-04:00","eventName":"n8n.workflow.started","message":"n8n.workflow.started","payload":{"executionId":"52","workflowId":"syQ1650RVcPcjzXQ","isManual":false,"mode":"manual","workflowName":"Accisense Ack","projectId":"VPeJW2ayhoZgotkV","projectName":"ANURAG SHARMA <anurag.25scse1180671@galgotiasuniversity.ac.in>"}}
{"__type":"$$EventMessageConfirm","confirm":"6b93c13a-eead-494b-a2d1-dfa1812cd6bf","ts":"2026-09-09T07:08:30.190-04:00","source":{"id":"0","name":"eventBus"}}
{"__type":"$$EventMessageNode","id":"a8fc7e8b-e382-4663-9ba2-2dfecda2fb82","ts":"2026-09-09T07:08:30.208-04:00","eventName":"n8n.node.started","message":"n8n.node.started","payload":{"workflowId":"syQ1650RVcPcjzXQ","workflowName":"Accisense Ack","executionId":"52","nodeType":"n8n-nodes-base.supabase","nodeName":"Update a row","nodeId":"7169901c-f5e6-4501-ada4-3d651cdf4983"}}
{"__type":"$$EventMessageConfirm","confirm":"a8fc7e8b-e382-4663-9ba2-2dfecda2fb82","ts":"2026-09-09T07:08:30.208-04:00","source":{"id":"0","name":"eventBus"}}
{"__type":"$$EventMessageNode","id":"4bdcab7d-48d3-44c8-af5e-50658fac0471","ts":"2026-09-09T07:08:31.009-04:00","eventName":"n8n.node.finished","message":"n8n.node.finished","payload":{"workflowId":"syQ1650RVcPcjzXQ","workflowName":"Accisense Ack","executionId":"52","nodeType":"n8n-nodes-base.supabase","nodeName":"Update a row","nodeId":"7169901c-f5e6-4501-ada4-3d651cdf4983"}}
{"__type":"$$EventMessageConfirm","confirm":"4bdcab7d-48d3-44c8-af5e-50658fac0471","ts":"2026-09-09T07:08:31.009-04:00","source":{"id":"0","name":"eventBus"}}
{"__type":"$$EventMessageWorkflow","id":"3a16696d-d18e-4fe7-b02e-f13b55111762","ts":"2026-09-09T07:08:31.011-04:00","eventName":"n8n.workflow.success","message":"n8n.workflow.success","payload":{"userId":"c17e4e51-fb03-4a49-8690-2eb153d72420","executionId":"52","success":true,"isManual":true,"mode":"manual","workflowId":"syQ1650RVcPcjzXQ","workflowName":"Accisense Ack","projectId":"VPeJW2ayhoZgotkV","projectName":"ANURAG SHARMA <anurag.25scse1180671@galgotiasuniversity.ac.in>"}}
{"__type":"$$EventMessageConfirm","confirm":"3a16696d-d18e-4fe7-b02e-f13b55111762","ts":"2026-09-09T07:08:31.011-04:00","source":{"id":"0","name":"eventBus"}}
{"__type":"$$EventMessageAudit","id":"4a043e6d-d86c-4487-bc83-1514e2f0dfcc","ts":"2026-09-09T07:08:56.598-04:00","eventName":"n8n.audit.workflow.executed","message":"n8n.audit.workflow.executed","payload":{"workflowId":"fC5E99z5uUn0fKjT","workflowName":"Accisense alert","executionId":"53","projectId":"VPeJW2ayhoZgotkV","projectName":"ANURAG SHARMA <anurag.25scse1180671@galgotiasuniversity.ac.in>","source":"webhook"}}
{"__type":"$$EventMessageConfirm","confirm":"4a043e6d-d86c-4487-bc83-1514e2f0dfcc","ts":"2026-09-09T07:08:56.598-04:00","source":{"id":"0","name":"eventBus"}}
{"__type":"$$EventMessageWorkflow","id":"a64382b5-bc17-47ee-8c2f-de55d8583fdc","ts":"2026-09-09T07:08:56.599-04:00","eventName":"n8n.workflow.started","message":"n8n.workflow.started","payload":{"executionId":"53","workflowId":"fC5E99z5uUn0fKjT","isManual":false,"mode":"manual","workflowName":"Accisense alert","projectId":"VPeJW2ayhoZgotkV","projectName":"ANURAG SHARMA <anurag.25scse1180671@galgotiasuniversity.ac.in>"}}
{"__type":"$$EventMessageConfirm","confirm":"a64382b5-bc17-47ee-8c2f-de55d8583fdc","ts":"2026-09-09T07:08:56.599-04:00","source":{"id":"0","name":"eventBus"}}
{"__type":"$$EventMessageNode","id":"395cab76-11b2-4374-92c0-8342b9ba7e88","ts":"2026-09-09T07:08:56.624-04:00","eventName":"n8n.node.started","message":"n8n.node.started","payload":{"workflowId":"fC5E99z5uUn0fKjT","workflowName":"Accisense alert","executionId":"53","nodeType":"n8n-nodes-base.webhook","nodeName":"Webhook","nodeId":"1132293c-0068-4318-83d9-b3883ab01b5a"}}
{"__type":"$$EventMessageConfirm","confirm":"395cab76-11b2-4374-92c0-8342b9ba7e88","ts":"2026-09-09T07:08:56.625-04:00","source":{"id":"0","name":"eventBus"}}
{"__type":"$$EventMessageNode","id":"b96babad-bea6-4b43-bd94-17be009e9b43","ts":"2026-09-09T07:08:56.626-04:00","eventName":"n8n.node.finished","message":"n8n.node.finished","payload":{"workflowId":"fC5E99z5uUn0fKjT","workflowName":"Accisense alert","executionId":"53","nodeType":"n8n-nodes-base.webhook","nodeName":"Webhook","nodeId":"1132293c-0068-4318-83d9-b3883ab01b5a"}}
{"__type":"$$EventMessageConfirm","confirm":"b96babad-bea6-4b43-bd94-17be009e9b43","ts":"2026-09-09T07:08:56.626-04:00","source":{"id":"0","name":"eventBus"}}
{"__type":"$$EventMessageNode","id":"7c03edf3-7524-400a-8f04-5484fa988ceb","ts":"2026-09-09T07:08:56.627-04:00","eventName":"n8n.node.started","message":"n8n.node.started","payload":{"workflowId":"fC5E99z5uUn0fKjT","workflowName":"Accisense alert","executionId":"53","nodeType":"n8n-nodes-base.if","nodeName":"If","nodeId":"ae47ab65-f8eb-415b-aafc-fa2cf54d58f9"}}
{"__type":"$$EventMessageConfirm","confirm":"7c03edf3-7524-400a-8f04-5484fa988ceb","ts":"2026-09-09T07:08:56.627-04:00","source":{"id":"0","name":"eventBus"}}
{"__type":"$$EventMessageNode","id":"98f56c9c-d678-4cb1-810f-5700d63f42a1","ts":"2026-09-09T07:08:56.635-04:00","eventName":"n8n.node.finished","message":"n8n.node.finished","payload":{"workflowId":"fC5E99z5uUn0fKjT","workflowName":"Accisense alert","executionId":"53","nodeType":"n8n-nodes-base.if","nodeName":"If","nodeId":"ae47ab65-f8eb-415b-aafc-fa2cf54d58f9"}}
{"__type":"$$EventMessageConfirm","confirm":"98f56c9c-d678-4cb1-810f-5700d63f42a1","ts":"2026-09-09T07:08:56.635-04:00","source":{"id":"0","name":"eventBus"}}
{"__type":"$$EventMessageNode","id":"11b799e9-312b-4c88-bb22-203ae66319ef","ts":"2026-09-09T07:08:56.637-04:00","eventName":"n8n.node.started","message":"n8n.node.started","payload":{"workflowId":"fC5E99z5uUn0fKjT","workflowName":"Accisense alert","executionId":"53","nodeType":"n8n-nodes-base.httpRequest","nodeName":"Create Incident","nodeId":"a8982d80-dd7c-4b50-bcc1-9774d5030e50"}}
{"__type":"$$EventMessageConfirm","confirm":"11b799e9-312b-4c88-bb22-203ae66319ef","ts":"2026-09-09T07:08:56.637-04:00","source":{"id":"0","name":"eventBus"}}
{"__type":"$$EventMessageNode","id":"688f406a-8f47-44e4-bdec-9e5131590308","ts":"2026-09-09T07:08:57.148-04:00","eventName":"n8n.node.finished","message":"n8n.node.finished","payload":{"workflowId":"fC5E99z5uUn0fKjT","workflowName":"Accisense alert","executionId":"53","nodeType":"n8n-nodes-base.httpRequest","nodeName":"Create Incident","nodeId":"a8982d80-dd7c-4b50-bcc1-9774d5030e50"}}
{"__type":"$$EventMessageConfirm","confirm":"688f406a-8f47-44e4-bdec-9e5131590308","ts":"2026-09-09T07:08:57.148-04:00","source":{"id":"0","name":"eventBus"}}
{"__type":"$$EventMessageNode","id":"29385aa6-c724-4655-9db2-cb9f620ec0c4","ts":"2026-09-09T07:08:57.149-04:00","eventName":"n8n.node.started","message":"n8n.node.started","payload":{"workflowId":"fC5E99z5uUn0fKjT","workflowName":"Accisense alert","executionId":"53","nodeType":"n8n-nodes-base.telegram","nodeName":"Send Alert","nodeId":"7c481263-5942-4621-a0e8-799c9e1a6335"}}
{"__type":"$$EventMessageConfirm","confirm":"29385aa6-c724-4655-9db2-cb9f620ec0c4","ts":"2026-09-09T07:08:57.149-04:00","source":{"id":"0","name":"eventBus"}}
{"__type":"$$EventMessageNode","id":"4426385f-1cd2-4cf3-8ab0-2e763ef1df76","ts":"2026-09-09T07:08:58.576-04:00","eventName":"n8n.node.finished","message":"n8n.node.finished","payload":{"workflowId":"fC5E99z5uUn0fKjT","workflowName":"Accisense alert","executionId":"53","nodeType":"n8n-nodes-base.telegram","nodeName":"Send Alert","nodeId":"7c481263-5942-4621-a0e8-799c9e1a6335"}}
{"__type":"$$EventMessageConfirm","confirm":"4426385f-1cd2-4cf3-8ab0-2e763ef1df76","ts":"2026-09-09T07:08:58.576-04:00","source":{"id":"0","name":"eventBus"}}
{"__type":"$$EventMessageNode","id":"6a91acc7-4227-4aad-873e-54a215b53427","ts":"2026-09-09T07:08:58.577-04:00","eventName":"n8n.node.started","message":"n8n.node.started","payload":{"workflowId":"fC5E99z5uUn0fKjT","workflowName":"Accisense alert","executionId":"53","nodeType":"n8n-nodes-base.supabase","nodeName":"Create a row","nodeId":"00c26655-3a8f-471e-a1e0-49c908b3a937"}}
{"__type":"$$EventMessageConfirm","confirm":"6a91acc7-4227-4aad-873e-54a215b53427","ts":"2026-09-09T07:08:58.577-04:00","source":{"id":"0","name":"eventBus"}}
{"__type":"$$EventMessageNode","id":"6f6f15d9-c8e2-46b6-8d5e-fe63b130104b","ts":"2026-09-09T07:08:59.398-04:00","eventName":"n8n.node.finished","message":"n8n.node.finished","payload":{"workflowId":"fC5E99z5uUn0fKjT","workflowName":"Accisense alert","executionId":"53","nodeType":"n8n-nodes-base.supabase","nodeName":"Create a row","nodeId":"00c26655-3a8f-471e-a1e0-49c908b3a937"}}
{"__type":"$$EventMessageConfirm","confirm":"6f6f15d9-c8e2-46b6-8d5e-fe63b130104b","ts":"2026-09-09T07:08:59.398-04:00","source":{"id":"0","name":"eventBus"}}
{"__type":"$$EventMessageNode","id":"7dc28743-e509-4fe2-aa81-9fa8e494e9a9","ts":"2026-09-09T07:08:59.399-04:00","eventName":"n8n.node.started","message":"n8n.node.started","payload":{"workflowId":"fC5E99z5uUn0fKjT","workflowName":"Accisense alert","executionId":"53","nodeType":"n8n-nodes-base.telegram","nodeName":"Send confirmation/log","nodeId":"c744bd15-731f-4fc0-b570-38a032a54b24"}}
{"__type":"$$EventMessageConfirm","confirm":"7dc28743-e509-4fe2-aa81-9fa8e494e9a9","ts":"2026-09-09T07:08:59.399-04:00","source":{"id":"0","name":"eventBus"}}
{"__type":"$$EventMessageNode","id":"d08a943f-a415-4728-acbd-e48e2807a89d","ts":"2026-09-09T07:09:00.944-04:00","eventName":"n8n.node.finished","message":"n8n.node.finished","payload":{"workflowId":"fC5E99z5uUn0fKjT","workflowName":"Accisense alert","executionId":"53","nodeType":"n8n-nodes-base.telegram","nodeName":"Send confirmation/log","nodeId":"c744bd15-731f-4fc0-b570-38a032a54b24"}}
{"__type":"$$EventMessageConfirm","confirm":"d08a943f-a415-4728-acbd-e48e2807a89d","ts":"2026-09-09T07:09:00.944-04:00","source":{"id":"0","name":"eventBus"}}
{"__type":"$$EventMessageWorkflow","id":"7b76bd89-bbe8-4b02-ad31-f13084806359","ts":"2026-09-09T07:09:00.947-04:00","eventName":"n8n.workflow.success","message":"n8n.workflow.success","payload":{"userId":"c17e4e51-fb03-4a49-8690-2eb153d72420","executionId":"53","success":true,"isManual":true,"mode":"manual","workflowId":"fC5E99z5uUn0fKjT","workflowName":"Accisense alert","projectId":"VPeJW2ayhoZgotkV","projectName":"ANURAG SHARMA <anurag.25scse1180671@galgotiasuniversity.ac.in>"}}
{"__type":"$$EventMessageConfirm","confirm":"7b76bd89-bbe8-4b02-ad31-f13084806359","ts":"2026-09-09T07:09:00.947-04:00","source":{"id":"0","name":"eventBus"}}
{"__type":"$$EventMessageAudit","id":"a2aa31a2-17d8-46ed-8742-5be4a5d52343","ts":"2026-09-09T07:09:03.124-04:00","eventName":"n8n.audit.workflow.executed","message":"n8n.audit.workflow.executed","payload":{"workflowId":"syQ1650RVcPcjzXQ","workflowName":"Accisense Ack","executionId":"54","projectId":"VPeJW2ayhoZgotkV","projectName":"ANURAG SHARMA <anurag.25scse1180671@galgotiasuniversity.ac.in>","source":"webhook"}}
{"__type":"$$EventMessageConfirm","confirm":"a2aa31a2-17d8-46ed-8742-5be4a5d52343","ts":"2026-09-09T07:09:03.124-04:00","source":{"id":"0","name":"eventBus"}}
{"__type":"$$EventMessageWorkflow","id":"a9b8f1e5-2c79-469b-94e6-624027c3f9ef","ts":"2026-09-09T07:09:03.125-04:00","eventName":"n8n.workflow.started","message":"n8n.workflow.started","payload":{"executionId":"54","workflowId":"syQ1650RVcPcjzXQ","isManual":false,"mode":"manual","workflowName":"Accisense Ack","projectId":"VPeJW2ayhoZgotkV","projectName":"ANURAG SHARMA <anurag.25scse1180671@galgotiasuniversity.ac.in>"}}
{"__type":"$$EventMessageConfirm","confirm":"a9b8f1e5-2c79-469b-94e6-624027c3f9ef","ts":"2026-09-09T07:09:03.125-04:00","source":{"id":"0","name":"eventBus"}}
{"__type":"$$EventMessageNode","id":"6a7b01d8-2f9a-482b-920d-79fabbdf0407","ts":"2026-09-09T07:09:03.146-04:00","eventName":"n8n.node.started","message":"n8n.node.started","payload":{"workflowId":"syQ1650RVcPcjzXQ","workflowName":"Accisense Ack","executionId":"54","nodeType":"n8n-nodes-base.telegramTrigger","nodeName":"On ACK Button","nodeId":"c6dd631b-5579-4cf6-a48b-fbcd8b4ba156"}}
{"__type":"$$EventMessageConfirm","confirm":"6a7b01d8-2f9a-482b-920d-79fabbdf0407","ts":"2026-09-09T07:09:03.146-04:00","source":{"id":"0","name":"eventBus"}}
{"__type":"$$EventMessageNode","id":"987760d2-e675-4c8a-ad02-3fd7e9023e2c","ts":"2026-09-09T07:09:03.147-04:00","eventName":"n8n.node.finished","message":"n8n.node.finished","payload":{"workflowId":"syQ1650RVcPcjzXQ","workflowName":"Accisense Ack","executionId":"54","nodeType":"n8n-nodes-base.telegramTrigger","nodeName":"On ACK Button","nodeId":"c6dd631b-5579-4cf6-a48b-fbcd8b4ba156"}}
{"__type":"$$EventMessageConfirm","confirm":"987760d2-e675-4c8a-ad02-3fd7e9023e2c","ts":"2026-09-09T07:09:03.147-04:00","source":{"id":"0","name":"eventBus"}}
{"__type":"$$EventMessageNode","id":"b8f89f0f-3beb-4079-928b-435f043262a7","ts":"2026-09-09T07:09:03.148-04:00","eventName":"n8n.node.started","message":"n8n.node.started","payload":{"workflowId":"syQ1650RVcPcjzXQ","workflowName":"Accisense Ack","executionId":"54","nodeType":"n8n-nodes-base.telegram","nodeName":"Answer Query a callback","nodeId":"2661019e-153e-4575-a346-44cc88c70061"}}
{"__type":"$$EventMessageConfirm","confirm":"b8f89f0f-3beb-4079-928b-435f043262a7","ts":"2026-09-09T07:09:03.148-04:00","source":{"id":"0","name":"eventBus"}}
{"__type":"$$EventMessageNode","id":"9f179688-e1d6-4aef-a733-c00720e85046","ts":"2026-09-09T07:09:04.312-04:00","eventName":"n8n.node.finished","message":"n8n.node.finished","payload":{"workflowId":"syQ1650RVcPcjzXQ","workflowName":"Accisense Ack","executionId":"54","nodeType":"n8n-nodes-base.telegram","nodeName":"Answer Query a callback","nodeId":"2661019e-153e-4575-a346-44cc88c70061"}}
{"__type":"$$EventMessageConfirm","confirm":"9f179688-e1d6-4aef-a733-c00720e85046","ts":"2026-09-09T07:09:04.312-04:00","source":{"id":"0","name":"eventBus"}}
{"__type":"$$EventMessageNode","id":"69150baa-581d-41bd-aac4-d25dd24f34ae","ts":"2026-09-09T07:09:04.313-04:00","eventName":"n8n.node.started","message":"n8n.node.started","payload":{"workflowId":"syQ1650RVcPcjzXQ","workflowName":"Accisense Ack","executionId":"54","nodeType":"n8n-nodes-base.set","nodeName":"Parse ACK","nodeId":"683cc3f3-95cc-4e0a-bb0a-53169b4c4597"}}
{"__type":"$$EventMessageConfirm","confirm":"69150baa-581d-41bd-aac4-d25dd24f34ae","ts":"2026-09-09T07:09:04.313-04:00","source":{"id":"0","name":"eventBus"}}
{"__type":"$$EventMessageNode","id":"c5a206be-9193-49ab-bd94-199730a596d0","ts":"2026-09-09T07:09:04.317-04:00","eventName":"n8n.node.finished","message":"n8n.node.finished","payload":{"workflowId":"syQ1650RVcPcjzXQ","workflowName":"Accisense Ack","executionId":"54","nodeType":"n8n-nodes-base.set","nodeName":"Parse ACK","nodeId":"683cc3f3-95cc-4e0a-bb0a-53169b4c4597"}}
{"__type":"$$EventMessageConfirm","confirm":"c5a206be-9193-49ab-bd94-199730a596d0","ts":"2026-09-09T07:09:04.317-04:00","source":{"id":"0","name":"eventBus"}}
{"__type":"$$EventMessageNode","id":"b6ca3abc-f314-4913-b87d-9d41d32eaf11","ts":"2026-09-09T07:09:04.318-04:00","eventName":"n8n.node.started","message":"n8n.node.started","payload":{"workflowId":"syQ1650RVcPcjzXQ","workflowName":"Accisense Ack","executionId":"54","nodeType":"n8n-nodes-base.set","nodeName":"Extract AcciSense ID","nodeId":"22008c1d-f023-4a46-ab49-e8a035645aac"}}
{"__type":"$$EventMessageConfirm","confirm":"b6ca3abc-f314-4913-b87d-9d41d32eaf11","ts":"2026-09-09T07:09:04.318-04:00","source":{"id":"0","name":"eventBus"}}
{"__type":"$$EventMessageNode","id":"3f8ae89d-de9e-496c-ad75-ed603a043a60","ts":"2026-09-09T07:09:04.322-04:00","eventName":"n8n.node.finished","message":"n8n.node.finished","payload":{"workflowId":"syQ1650RVcPcjzXQ","workflowName":"Accisense Ack","executionId":"54","nodeType":"n8n-nodes-base.set","nodeName":"Extract AcciSense ID","nodeId":"22008c1d-f023-4a46-ab49-e8a035645aac"}}
{"__type":"$$EventMessageConfirm","confirm":"3f8ae89d-de9e-496c-ad75-ed603a043a60","ts":"2026-09-09T07:09:04.322-04:00","source":{"id":"0","name":"eventBus"}}
{"__type":"$$EventMessageNode","id":"c28b166f-0094-4e0e-b1ff-e9b57877b97b","ts":"2026-09-09T07:09:04.323-04:00","eventName":"n8n.node.started","message":"n8n.node.started","payload":{"workflowId":"syQ1650RVcPcjzXQ","workflowName":"Accisense Ack","executionId":"54","nodeType":"n8n-nodes-base.httpRequest","nodeName":"Acknowledge Incident","nodeId":"a141b20b-15fe-436d-84e8-ff699b266095"}}
{"__type":"$$EventMessageConfirm","confirm":"c28b166f-0094-4e0e-b1ff-e9b57877b97b","ts":"2026-09-09T07:09:04.323-04:00","source":{"id":"0","name":"eventBus"}}
{"__type":"$$EventMessageNode","id":"0df56d55-6a75-4c3a-b1e2-52b85b9b181d","ts":"2026-09-09T07:09:04.643-04:00","eventName":"n8n.node.finished","message":"n8n.node.finished","payload":{"workflowId":"syQ1650RVcPcjzXQ","workflowName":"Accisense Ack","executionId":"54","nodeType":"n8n-nodes-base.httpRequest","nodeName":"Acknowledge Incident","nodeId":"a141b20b-15fe-436d-84e8-ff699b266095"}}
{"__type":"$$EventMessageConfirm","confirm":"0df56d55-6a75-4c3a-b1e2-52b85b9b181d","ts":"2026-09-09T07:09:04.643-04:00","source":{"id":"0","name":"eventBus"}}
{"__type":"$$EventMessageNode","id":"f12a9ada-94dc-4655-a6fa-52f1c7f93fc1","ts":"2026-09-09T07:09:04.643-04:00","eventName":"n8n.node.started","message":"n8n.node.started","payload":{"workflowId":"syQ1650RVcPcjzXQ","workflowName":"Accisense Ack","executionId":"54","nodeType":"n8n-nodes-base.supabase","nodeName":"Get many rows","nodeId":"666dfc14-e54f-4d5a-a30c-c0d18601345a"}}
{"__type":"$$EventMessageConfirm","confirm":"f12a9ada-94dc-4655-a6fa-52f1c7f93fc1","ts":"2026-09-09T07:09:04.643-04:00","source":{"id":"0","name":"eventBus"}}
{"__type":"$$EventMessageNode","id":"e4635e36-2efa-483c-bc05-6a0979fd8d32","ts":"2026-09-09T07:09:04.975-04:00","eventName":"n8n.node.finished","message":"n8n.node.finished","payload":{"workflowId":"syQ1650RVcPcjzXQ","workflowName":"Accisense Ack","executionId":"54","nodeType":"n8n-nodes-base.supabase","nodeName":"Get many rows","nodeId":"666dfc14-e54f-4d5a-a30c-c0d18601345a"}}
{"__type":"$$EventMessageConfirm","confirm":"e4635e36-2efa-483c-bc05-6a0979fd8d32","ts":"2026-09-09T07:09:04.975-04:00","source":{"id":"0","name":"eventBus"}}
{"__type":"$$EventMessageNode","id":"ed9b2952-a039-4fb3-82e5-42506fb900d3","ts":"2026-09-09T07:09:04.976-04:00","eventName":"n8n.node.started","message":"n8n.node.started","payload":{"workflowId":"syQ1650RVcPcjzXQ","workflowName":"Accisense Ack","executionId":"54","nodeType":"n8n-nodes-base.merge","nodeName":"Merge","nodeId":"3f4ac7aa-c27d-4378-a92f-511a8966b11c"}}
{"__type":"$$EventMessageConfirm","confirm":"ed9b2952-a039-4fb3-82e5-42506fb900d3","ts":"2026-09-09T07:09:04.976-04:00","source":{"id":"0","name":"eventBus"}}
{"__type":"$$EventMessageNode","id":"05acf4b9-d3b9-443a-97c8-a9ad598e9cce","ts":"2026-09-09T07:09:04.980-04:00","eventName":"n8n.node.finished","message":"n8n.node.finished","payload":{"workflowId":"syQ1650RVcPcjzXQ","workflowName":"Accisense Ack","executionId":"54","nodeType":"n8n-nodes-base.merge","nodeName":"Merge","nodeId":"3f4ac7aa-c27d-4378-a92f-511a8966b11c"}}
{"__type":"$$EventMessageConfirm","confirm":"05acf4b9-d3b9-443a-97c8-a9ad598e9cce","ts":"2026-09-09T07:09:04.980-04:00","source":{"id":"0","name":"eventBus"}}
{"__type":"$$EventMessageNode","id":"464c9d8c-0b9f-49a1-9ecf-17b4c9b4176b","ts":"2026-09-09T07:09:04.980-04:00","eventName":"n8n.node.started","message":"n8n.node.started","payload":{"workflowId":"syQ1650RVcPcjzXQ","workflowName":"Accisense Ack","executionId":"54","nodeType":"n8n-nodes-base.httpRequest","nodeName":"Update Telegram Message","nodeId":"9710fa08-d09f-4cb7-bf14-984d3edcbc31"}}
{"__type":"$$EventMessageConfirm","confirm":"464c9d8c-0b9f-49a1-9ecf-17b4c9b4176b","ts":"2026-09-09T07:09:04.981-04:00","source":{"id":"0","name":"eventBus"}}
{"__type":"$$EventMessageNode","id":"004f033d-1bb5-4993-bc1d-c108ed2d6998","ts":"2026-09-09T07:09:05.841-04:00","eventName":"n8n.node.finished","message":"n8n.node.finished","payload":{"workflowId":"syQ1650RVcPcjzXQ","workflowName":"Accisense Ack","executionId":"54","nodeType":"n8n-nodes-base.httpRequest","nodeName":"Update Telegram Message","nodeId":"9710fa08-d09f-4cb7-bf14-984d3edcbc31"}}
{"__type":"$$EventMessageConfirm","confirm":"004f033d-1bb5-4993-bc1d-c108ed2d6998","ts":"2026-09-09T07:09:05.842-04:00","source":{"id":"0","name":"eventBus"}}
{"__type":"$$EventMessageNode","id":"818e0890-0071-4c9f-bd08-57a56cd4d840","ts":"2026-09-09T07:09:05.843-04:00","eventName":"n8n.node.started","message":"n8n.node.started","payload":{"workflowId":"syQ1650RVcPcjzXQ","workflowName":"Accisense Ack","executionId":"54","nodeType":"n8n-nodes-base.telegram","nodeName":"Notify ACK Success","nodeId":"1dd11c85-ceb3-4e48-8372-71f9f0491bda"}}
{"__type":"$$EventMessageConfirm","confirm":"818e0890-0071-4c9f-bd08-57a56cd4d840","ts":"2026-09-09T07:09:05.843-04:00","source":{"id":"0","name":"eventBus"}}
{"__type":"$$EventMessageNode","id":"643cea29-50f8-4964-8e36-3f56dd4876f0","ts":"2026-09-09T07:09:06.843-04:00","eventName":"n8n.node.finished","message":"n8n.node.finished","payload":{"workflowId":"syQ1650RVcPcjzXQ","workflowName":"Accisense Ack","executionId":"54","nodeType":"n8n-nodes-base.telegram","nodeName":"Notify ACK Success","nodeId":"1dd11c85-ceb3-4e48-8372-71f9f0491bda"}}
{"__type":"$$EventMessageConfirm","confirm":"643cea29-50f8-4964-8e36-3f56dd4876f0","ts":"2026-09-09T07:09:06.843-04:00","source":{"id":"0","name":"eventBus"}}
{"__type":"$$EventMessageNode","id":"767b8944-8419-4133-ae3a-45470d04010c","ts":"2026-09-09T07:09:06.845-04:00","eventName":"n8n.node.started","message":"n8n.node.started","payload":{"workflowId":"syQ1650RVcPcjzXQ","workflowName":"Accisense Ack","executionId":"54","nodeType":"n8n-nodes-base.httpRequest","nodeName":"Pinata Success","nodeId":"33637d8b-99aa-40bf-8f73-a5e595a1888d"}}
{"__type":"$$EventMessageConfirm","confirm":"767b8944-8419-4133-ae3a-45470d04010c","ts":"2026-09-09T07:09:06.845-04:00","source":{"id":"0","name":"eventBus"}}
{"__type":"$$EventMessageNode","id":"eedd4cf4-479c-47ab-bd03-541160d808ec","ts":"2026-09-09T07:09:08.832-04:00","eventName":"n8n.node.finished","message":"n8n.node.finished","payload":{"workflowId":"syQ1650RVcPcjzXQ","workflowName":"Accisense Ack","executionId":"54","nodeType":"n8n-nodes-base.httpRequest","nodeName":"Pinata Success","nodeId":"33637d8b-99aa-40bf-8f73-a5e595a1888d"}}
{"__type":"$$EventMessageConfirm","confirm":"eedd4cf4-479c-47ab-bd03-541160d808ec","ts":"2026-09-09T07:09:08.832-04:00","source":{"id":"0","name":"eventBus"}}
{"__type":"$$EventMessageNode","id":"6ad1a230-df7a-480f-9f6a-68f86ad220ad","ts":"2026-09-09T07:09:08.832-04:00","eventName":"n8n.node.started","message":"n8n.node.started","payload":{"workflowId":"syQ1650RVcPcjzXQ","workflowName":"Accisense Ack","executionId":"54","nodeType":"n8n-nodes-base.supabase","nodeName":"Update a row","nodeId":"7169901c-f5e6-4501-ada4-3d651cdf4983"}}
{"__type":"$$EventMessageConfirm","confirm":"6ad1a230-df7a-480f-9f6a-68f86ad220ad","ts":"2026-09-09T07:09:08.833-04:00","source":{"id":"0","name":"eventBus"}}
{"__type":"$$EventMessageNode","id":"62609d0f-3ceb-4de6-b349-b9f9f927a015","ts":"2026-09-09T07:09:09.844-04:00","eventName":"n8n.node.finished","message":"n8n.node.finished","payload":{"workflowId":"syQ1650RVcPcjzXQ","workflowName":"Accisense Ack","executionId":"54","nodeType":"n8n-nodes-base.supabase","nodeName":"Update a row","nodeId":"7169901c-f5e6-4501-ada4-3d651cdf4983"}}
{"__type":"$$EventMessageConfirm","confirm":"62609d0f-3ceb-4de6-b349-b9f9f927a015","ts":"2026-09-09T07:09:09.844-04:00","source":{"id":"0","name":"eventBus"}}
{"__type":"$$EventMessageWorkflow","id":"63955c9e-dbc9-4527-950a-e9add317ad11","ts":"2026-09-09T07:09:09.846-04:00","eventName":"n8n.workflow.success","message":"n8n.workflow.success","payload":{"userId":"c17e4e51-fb03-4a49-8690-2eb153d72420","executionId":"54","success":true,"isManual":true,"mode":"manual","workflowId":"syQ1650RVcPcjzXQ","workflowName":"Accisense Ack","projectId":"VPeJW2ayhoZgotkV","projectName":"ANURAG SHARMA <anurag.25scse1180671@galgotiasuniversity.ac.in>"}}
{"__type":"$$EventMessageConfirm","confirm":"63955c9e-dbc9-4527-950a-e9add317ad11","ts":"2026-09-09T07:09:09.846-04:00","source":{"id":"0","name":"eventBus"}}
{"__type":"$$EventMessageAudit","id":"a317f470-c2fa-4f30-b010-6d6ab9e21054","ts":"2026-09-09T07:24:45.666-04:00","eventName":"n8n.audit.workflow.updated","message":"n8n.audit.workflow.updated","payload":{"userId":"c17e4e51-fb03-4a49-8690-2eb153d72420","_email":"anurag.25scse1180671@galgotiasuniversity.ac.in","_firstName":"ANURAG","_lastName":"SHARMA","globalRole":"global:owner","workflowId":"fC5E99z5uUn0fKjT","workflowName":"Accisense alert"}}
{"__type":"$$EventMessageConfirm","confirm":"a317f470-c2fa-4f30-b010-6d6ab9e21054","ts":"2026-09-09T07:24:45.666-04:00","source":{"id":"0","name":"eventBus"}}
{"__type":"$$EventMessageAudit","id":"836d6faf-bfc9-4dc0-b4a8-d6f29e235d29","ts":"2026-09-09T07:25:23.008-04:00","eventName":"n8n.audit.workflow.updated","message":"n8n.audit.workflow.updated","payload":{"userId":"c17e4e51-fb03-4a49-8690-2eb153d72420","_email":"anurag.25scse1180671@galgotiasuniversity.ac.in","_firstName":"ANURAG","_lastName":"SHARMA","globalRole":"global:owner","workflowId":"fC5E99z5uUn0fKjT","workflowName":"Accisense alert"}}
{"__type":"$$EventMessageConfirm","confirm":"836d6faf-bfc9-4dc0-b4a8-d6f29e235d29","ts":"2026-09-09T07:25:23.008-04:00","source":{"id":"0","name":"eventBus"}}
{"__type":"$$EventMessageAudit","id":"032604cf-6a93-45c6-a7f8-f4eb1c05014e","ts":"2026-09-09T07:28:04.143-04:00","eventName":"n8n.audit.workflow.updated","message":"n8n.audit.workflow.updated","payload":{"userId":"c17e4e51-fb03-4a49-8690-2eb153d72420","_email":"anurag.25scse1180671@galgotiasuniversity.ac.in","_firstName":"ANURAG","_lastName":"SHARMA","globalRole":"global:owner","workflowId":"fC5E99z5uUn0fKjT","workflowName":"Accisense alert"}}
{"__type":"$$EventMessageConfirm","confirm":"032604cf-6a93-45c6-a7f8-f4eb1c05014e","ts":"2026-09-09T07:28:04.143-04:00","source":{"id":"0","name":"eventBus"}}
{"__type":"$$EventMessageAudit","id":"e99e17f2-918b-49f8-8bb3-172c1d505c55","ts":"2026-09-09T07:28:20.258-04:00","eventName":"n8n.audit.workflow.updated","message":"n8n.audit.workflow.updated","payload":{"userId":"c17e4e51-fb03-4a49-8690-2eb153d72420","_email":"anurag.25scse1180671@galgotiasuniversity.ac.in","_firstName":"ANURAG","_lastName":"SHARMA","globalRole":"global:owner","workflowId":"fC5E99z5uUn0fKjT","workflowName":"Accisense alert"}}
{"__type":"$$EventMessageConfirm","confirm":"e99e17f2-918b-49f8-8bb3-172c1d505c55","ts":"2026-09-09T07:28:20.258-04:00","source":{"id":"0","name":"eventBus"}}
{"__type":"$$EventMessageAudit","id":"8ed150f7-62c9-46a8-9f71-b92b908dc068","ts":"2026-09-09T07:28:36.956-04:00","eventName":"n8n.audit.workflow.updated","message":"n8n.audit.workflow.updated","payload":{"userId":"c17e4e51-fb03-4a49-8690-2eb153d72420","_email":"anurag.25scse1180671@galgotiasuniversity.ac.in","_firstName":"ANURAG","_lastName":"SHARMA","globalRole":"global:owner","workflowId":"fC5E99z5uUn0fKjT","workflowName":"Accisense alert"}}
{"__type":"$$EventMessageConfirm","confirm":"8ed150f7-62c9-46a8-9f71-b92b908dc068","ts":"2026-09-09T07:28:36.956-04:00","source":{"id":"0","name":"eventBus"}}
{"__type":"$$EventMessageAudit","id":"06215c38-c018-444b-9cc4-09f48125b1a6","ts":"2026-09-09T07:29:07.188-04:00","eventName":"n8n.audit.workflow.updated","message":"n8n.audit.workflow.updated","payload":{"userId":"c17e4e51-fb03-4a49-8690-2eb153d72420","_email":"anurag.25scse1180671@galgotiasuniversity.ac.in","_firstName":"ANURAG","_lastName":"SHARMA","globalRole":"global:owner","workflowId":"fC5E99z5uUn0fKjT","workflowName":"Accisense alert"}}
{"__type":"$$EventMessageConfirm","confirm":"06215c38-c018-444b-9cc4-09f48125b1a6","ts":"2026-09-09T07:29:07.189-04:00","source":{"id":"0","name":"eventBus"}}
{"__type":"$$EventMessageAudit","id":"7a4c5cda-b211-4fa8-83ec-5b430660ee57","ts":"2026-09-09T07:32:50.573-04:00","eventName":"n8n.audit.workflow.updated","message":"n8n.audit.workflow.updated","payload":{"userId":"c17e4e51-fb03-4a49-8690-2eb153d72420","_email":"anurag.25scse1180671@galgotiasuniversity.ac.in","_firstName":"ANURAG","_lastName":"SHARMA","globalRole":"global:owner","workflowId":"fC5E99z5uUn0fKjT","workflowName":"Accisense alert"}}
{"__type":"$$EventMessageConfirm","confirm":"7a4c5cda-b211-4fa8-83ec-5b430660ee57","ts":"2026-09-09T07:32:50.573-04:00","source":{"id":"0","name":"eventBus"}}
{"__type":"$$EventMessageAudit","id":"1c5da02a-bda8-403f-99b3-12e67d063e13","ts":"2026-09-09T07:34:02.966-04:00","eventName":"n8n.audit.workflow.updated","message":"n8n.audit.workflow.updated","payload":{"userId":"c17e4e51-fb03-4a49-8690-2eb153d72420","_email":"anurag.25scse1180671@galgotiasuniversity.ac.in","_firstName":"ANURAG","_lastName":"SHARMA","globalRole":"global:owner","workflowId":"fC5E99z5uUn0fKjT","workflowName":"Accisense alert"}}
{"__type":"$$EventMessageConfirm","confirm":"1c5da02a-bda8-403f-99b3-12e67d063e13","ts":"2026-09-09T07:34:02.966-04:00","source":{"id":"0","name":"eventBus"}}
{"__type":"$$EventMessageAudit","id":"8ebd4193-061f-43d0-aa33-5fc21db84f3f","ts":"2026-09-09T07:35:55.108-04:00","eventName":"n8n.audit.workflow.updated","message":"n8n.audit.workflow.updated","payload":{"userId":"c17e4e51-fb03-4a49-8690-2eb153d72420","_email":"anurag.25scse1180671@galgotiasuniversity.ac.in","_firstName":"ANURAG","_lastName":"SHARMA","globalRole":"global:owner","workflowId":"fC5E99z5uUn0fKjT","workflowName":"Accisense alert"}}
{"__type":"$$EventMessageConfirm","confirm":"8ebd4193-061f-43d0-aa33-5fc21db84f3f","ts":"2026-09-09T07:35:55.109-04:00","source":{"id":"0","name":"eventBus"}}
{"__type":"$$EventMessageAudit","id":"11184b33-8a9e-4f4c-8dcf-d13434550388","ts":"2026-09-09T07:36:28.191-04:00","eventName":"n8n.audit.workflow.updated","message":"n8n.audit.workflow.updated","payload":{"userId":"c17e4e51-fb03-4a49-8690-2eb153d72420","_email":"anurag.25scse1180671@galgotiasuniversity.ac.in","_firstName":"ANURAG","_lastName":"SHARMA","globalRole":"global:owner","workflowId":"fC5E99z5uUn0fKjT","workflowName":"Accisense alert"}}
{"__type":"$$EventMessageConfirm","confirm":"11184b33-8a9e-4f4c-8dcf-d13434550388","ts":"2026-09-09T07:36:28.191-04:00","source":{"id":"0","name":"eventBus"}}
{"__type":"$$EventMessageAudit","id":"e91e8862-95ca-4c78-b95c-2d0cc87a857b","ts":"2026-09-09T07:37:36.581-04:00","eventName":"n8n.audit.workflow.updated","message":"n8n.audit.workflow.updated","payload":{"userId":"c17e4e51-fb03-4a49-8690-2eb153d72420","_email":"anurag.25scse1180671@galgotiasuniversity.ac.in","_firstName":"ANURAG","_lastName":"SHARMA","globalRole":"global:owner","workflowId":"fC5E99z5uUn0fKjT","workflowName":"Accisense alert"}}
{"__type":"$$EventMessageConfirm","confirm":"e91e8862-95ca-4c78-b95c-2d0cc87a857b","ts":"2026-09-09T07:37:36.581-04:00","source":{"id":"0","name":"eventBus"}}
{"__type":"$$EventMessageAudit","id":"8fad69a5-3326-45fd-b635-cb5f63882342","ts":"2026-09-09T07:37:42.264-04:00","eventName":"n8n.audit.workflow.updated","message":"n8n.audit.workflow.updated","payload":{"userId":"c17e4e51-fb03-4a49-8690-2eb153d72420","_email":"anurag.25scse1180671@galgotiasuniversity.ac.in","_firstName":"ANURAG","_lastName":"SHARMA","globalRole":"global:owner","workflowId":"fC5E99z5uUn0fKjT","workflowName":"Accisense alert"}}
{"__type":"$$EventMessageConfirm","confirm":"8fad69a5-3326-45fd-b635-cb5f63882342","ts":"2026-09-09T07:37:42.264-04:00","source":{"id":"0","name":"eventBus"}}
{"__type":"$$EventMessageWorkflow","id":"cee9b956-7ae5-4ec4-8f57-36f23b9015f5","ts":"2026-09-09T07:38:11.201-04:00","eventName":"n8n.workflow.started","message":"n8n.workflow.started","payload":{"executionId":"55","workflowId":"fC5E99z5uUn0fKjT","isManual":false,"mode":"manual","workflowName":"Accisense alert","projectId":"VPeJW2ayhoZgotkV","projectName":"ANURAG SHARMA <anurag.25scse1180671@galgotiasuniversity.ac.in>"}}
{"__type":"$$EventMessageConfirm","confirm":"cee9b956-7ae5-4ec4-8f57-36f23b9015f5","ts":"2026-09-09T07:38:11.201-04:00","source":{"id":"0","name":"eventBus"}}
{"__type":"$$EventMessageWorkflow","id":"8cbd64ee-40e0-4902-af4e-7531a69d6cd3","ts":"2026-09-09T07:38:11.218-04:00","eventName":"n8n.workflow.failed","message":"n8n.workflow.failed","payload":{"userId":"c17e4e51-fb03-4a49-8690-2eb153d72420","executionId":"55","success":false,"isManual":true,"mode":"manual","workflowId":"fC5E99z5uUn0fKjT","workflowName":"Accisense alert","projectId":"VPeJW2ayhoZgotkV","projectName":"ANURAG SHARMA <anurag.25scse1180671@galgotiasuniversity.ac.in>","errorMessage":"The 'AI Triage' node has issues:\n- Parameter \"Model\" is required."}}
{"__type":"$$EventMessageConfirm","confirm":"8cbd64ee-40e0-4902-af4e-7531a69d6cd3","ts":"2026-09-09T07:38:11.218-04:00","source":{"id":"0","name":"eventBus"}}
{"__type":"$$EventMessageAudit","id":"32c66a7e-0f66-4f05-8204-564550cac7e6","ts":"2026-09-09T07:38:11.263-04:00","eventName":"n8n.audit.workflow.executed","message":"n8n.audit.workflow.executed","payload":{"userId":"c17e4e51-fb03-4a49-8690-2eb153d72420","_email":"anurag.25scse1180671@galgotiasuniversity.ac.in","_firstName":"ANURAG","_lastName":"SHARMA","globalRole":"global:owner","workflowId":"fC5E99z5uUn0fKjT","workflowName":"Accisense alert","executionId":"55","projectId":"VPeJW2ayhoZgotkV","projectName":"ANURAG SHARMA <anurag.25scse1180671@galgotiasuniversity.ac.in>","source":"user-manual"}}
{"__type":"$$EventMessageConfirm","confirm":"32c66a7e-0f66-4f05-8204-564550cac7e6","ts":"2026-09-09T07:38:11.263-04:00","source":{"id":"0","name":"eventBus"}}
{"__type":"$$EventMessageAudit","id":"93d15e56-d2d8-4bbd-bc8d-1af5dc5b0988","ts":"2026-09-09T07:38:19.459-04:00","eventName":"n8n.audit.workflow.updated","message":"n8n.audit.workflow.updated","payload":{"userId":"c17e4e51-fb03-4a49-8690-2eb153d72420","_email":"anurag.25scse1180671@galgotiasuniversity.ac.in","_firstName":"ANURAG","_lastName":"SHARMA","globalRole":"global:owner","workflowId":"fC5E99z5uUn0fKjT","workflowName":"Accisense alert"}}
{"__type":"$$EventMessageConfirm","confirm":"93d15e56-d2d8-4bbd-bc8d-1af5dc5b0988","ts":"2026-09-09T07:38:19.459-04:00","source":{"id":"0","name":"eventBus"}}
{"__type":"$$EventMessageAudit","id":"bcfa120f-7728-44c5-b3b0-2767e399ee31","ts":"2026-09-09T07:38:23.330-04:00","eventName":"n8n.audit.workflow.updated","message":"n8n.audit.workflow.updated","payload":{"userId":"c17e4e51-fb03-4a49-8690-2eb153d72420","_email":"anurag.25scse1180671@galgotiasuniversity.ac.in","_firstName":"ANURAG","_lastName":"SHARMA","globalRole":"global:owner","workflowId":"fC5E99z5uUn0fKjT","workflowName":"Accisense alert"}}
{"__type":"$$EventMessageConfirm","confirm":"bcfa120f-7728-44c5-b3b0-2767e399ee31","ts":"2026-09-09T07:38:23.331-04:00","source":{"id":"0","name":"eventBus"}}
{"__type":"$$EventMessageAudit","id":"96d2e567-0862-4e6c-bd7d-408507d9762c","ts":"2026-09-09T07:39:46.762-04:00","eventName":"n8n.audit.workflow.updated","message":"n8n.audit.workflow.updated","payload":{"userId":"c17e4e51-fb03-4a49-8690-2eb153d72420","_email":"anurag.25scse1180671@galgotiasuniversity.ac.in","_firstName":"ANURAG","_lastName":"SHARMA","globalRole":"global:owner","workflowId":"fC5E99z5uUn0fKjT","workflowName":"Accisense alert"}}
{"__type":"$$EventMessageConfirm","confirm":"96d2e567-0862-4e6c-bd7d-408507d9762c","ts":"2026-09-09T07:39:46.762-04:00","source":{"id":"0","name":"eventBus"}}
{"__type":"$$EventMessageAudit","id":"64164825-1f90-473f-a801-8bb1f2d29240","ts":"2026-09-09T07:39:49.321-04:00","eventName":"n8n.audit.workflow.updated","message":"n8n.audit.workflow.updated","payload":{"userId":"c17e4e51-fb03-4a49-8690-2eb153d72420","_email":"anurag.25scse1180671@galgotiasuniversity.ac.in","_firstName":"ANURAG","_lastName":"SHARMA","globalRole":"global:owner","workflowId":"fC5E99z5uUn0fKjT","workflowName":"Accisense alert"}}
{"__type":"$$EventMessageConfirm","confirm":"64164825-1f90-473f-a801-8bb1f2d29240","ts":"2026-09-09T07:39:49.322-04:00","source":{"id":"0","name":"eventBus"}}
{"__type":"$$EventMessageAudit","id":"72396cfc-5518-4424-8dad-288a0fcbb067","ts":"2026-09-09T07:40:08.623-04:00","eventName":"n8n.audit.workflow.updated","message":"n8n.audit.workflow.updated","payload":{"userId":"c17e4e51-fb03-4a49-8690-2eb153d72420","_email":"anurag.25scse1180671@galgotiasuniversity.ac.in","_firstName":"ANURAG","_lastName":"SHARMA","globalRole":"global:owner","workflowId":"fC5E99z5uUn0fKjT","workflowName":"Accisense alert"}}
{"__type":"$$EventMessageConfirm","confirm":"72396cfc-5518-4424-8dad-288a0fcbb067","ts":"2026-09-09T07:40:08.624-04:00","source":{"id":"0","name":"eventBus"}}
{"__type":"$$EventMessageAudit","id":"dbddcc5c-655e-47d7-bc5b-acfc178e4ddd","ts":"2026-09-09T07:40:25.769-04:00","eventName":"n8n.audit.workflow.updated","message":"n8n.audit.workflow.updated","payload":{"userId":"c17e4e51-fb03-4a49-8690-2eb153d72420","_email":"anurag.25scse1180671@galgotiasuniversity.ac.in","_firstName":"ANURAG","_lastName":"SHARMA","globalRole":"global:owner","workflowId":"fC5E99z5uUn0fKjT","workflowName":"Accisense alert"}}
{"__type":"$$EventMessageConfirm","confirm":"dbddcc5c-655e-47d7-bc5b-acfc178e4ddd","ts":"2026-09-09T07:40:25.769-04:00","source":{"id":"0","name":"eventBus"}}
{"__type":"$$EventMessageAudit","id":"00265ade-5921-42b2-aac1-43f40276ac9a","ts":"2026-09-09T07:40:29.924-04:00","eventName":"n8n.audit.workflow.updated","message":"n8n.audit.workflow.updated","payload":{"userId":"c17e4e51-fb03-4a49-8690-2eb153d72420","_email":"anurag.25scse1180671@galgotiasuniversity.ac.in","_firstName":"ANURAG","_lastName":"SHARMA","globalRole":"global:owner","workflowId":"fC5E99z5uUn0fKjT","workflowName":"Accisense alert"}}
{"__type":"$$EventMessageConfirm","confirm":"00265ade-5921-42b2-aac1-43f40276ac9a","ts":"2026-09-09T07:40:29.925-04:00","source":{"id":"0","name":"eventBus"}}
{"__type":"$$EventMessageAudit","id":"bd8d2389-5a6c-405c-95f5-e0c9714ec85d","ts":"2026-09-09T07:58:33.882-04:00","eventName":"n8n.audit.workflow.updated","message":"n8n.audit.workflow.updated","payload":{"userId":"c17e4e51-fb03-4a49-8690-2eb153d72420","_email":"anurag.25scse1180671@galgotiasuniversity.ac.in","_firstName":"ANURAG","_lastName":"SHARMA","globalRole":"global:owner","workflowId":"fC5E99z5uUn0fKjT","workflowName":"Accisense alert"}}
{"__type":"$$EventMessageConfirm","confirm":"bd8d2389-5a6c-405c-95f5-e0c9714ec85d","ts":"2026-09-09T07:58:33.882-04:00","source":{"id":"0","name":"eventBus"}}
{"__type":"$$EventMessageAudit","id":"f863595e-c935-4619-b14d-117bc14acc5c","ts":"2026-09-09T08:00:10.729-04:00","eventName":"n8n.audit.user.credentials.created","message":"n8n.audit.user.credentials.created","payload":{"userId":"c17e4e51-fb03-4a49-8690-2eb153d72420","_email":"anurag.25scse1180671@galgotiasuniversity.ac.in","_firstName":"ANURAG","_lastName":"SHARMA","globalRole":"global:owner","credentialType":"googlePalmApi","credentialId":"PppfcENWQWJII9Do","publicApi":false,"projectId":"VPeJW2ayhoZgotkV","projectType":"personal","isDynamic":false,"usesExternalSecrets":false,"jweEnabled":false,"supportsManagedAuth":false,"usesManagedAuth":false}}
{"__type":"$$EventMessageConfirm","confirm":"f863595e-c935-4619-b14d-117bc14acc5c","ts":"2026-09-09T08:00:10.729-04:00","source":{"id":"0","name":"eventBus"}}
{"__type":"$$EventMessageAudit","id":"1d3edcd7-22dc-459c-bd75-18318f20bdf6","ts":"2026-09-09T08:00:12.452-04:00","eventName":"n8n.audit.workflow.updated","message":"n8n.audit.workflow.updated","payload":{"userId":"c17e4e51-fb03-4a49-8690-2eb153d72420","_email":"anurag.25scse1180671@galgotiasuniversity.ac.in","_firstName":"ANURAG","_lastName":"SHARMA","globalRole":"global:owner","workflowId":"fC5E99z5uUn0fKjT","workflowName":"Accisense alert"}}
{"__type":"$$EventMessageConfirm","confirm":"1d3edcd7-22dc-459c-bd75-18318f20bdf6","ts":"2026-09-09T08:00:12.452-04:00","source":{"id":"0","name":"eventBus"}}
{"__type":"$$EventMessageAudit","id":"29324dfd-9186-4534-9458-d1885b10ca1a","ts":"2026-09-09T08:01:39.914-04:00","eventName":"n8n.audit.workflow.updated","message":"n8n.audit.workflow.updated","payload":{"userId":"c17e4e51-fb03-4a49-8690-2eb153d72420","_email":"anurag.25scse1180671@galgotiasuniversity.ac.in","_firstName":"ANURAG","_lastName":"SHARMA","globalRole":"global:owner","workflowId":"fC5E99z5uUn0fKjT","workflowName":"Accisense alert"}}
{"__type":"$$EventMessageConfirm","confirm":"29324dfd-9186-4534-9458-d1885b10ca1a","ts":"2026-09-09T08:01:39.914-04:00","source":{"id":"0","name":"eventBus"}}
{"__type":"$$EventMessageAudit","id":"792b70c7-f795-4abe-bf0f-81ef7bacef14","ts":"2026-09-09T08:02:36.111-04:00","eventName":"n8n.audit.workflow.updated","message":"n8n.audit.workflow.updated","payload":{"userId":"c17e4e51-fb03-4a49-8690-2eb153d72420","_email":"anurag.25scse1180671@galgotiasuniversity.ac.in","_firstName":"ANURAG","_lastName":"SHARMA","globalRole":"global:owner","workflowId":"fC5E99z5uUn0fKjT","workflowName":"Accisense alert"}}
{"__type":"$$EventMessageConfirm","confirm":"792b70c7-f795-4abe-bf0f-81ef7bacef14","ts":"2026-09-09T08:02:36.111-04:00","source":{"id":"0","name":"eventBus"}}
{"__type":"$$EventMessageAudit","id":"1829c97f-f6c0-4e2b-a651-8ff86f88ab56","ts":"2026-09-09T08:04:14.675-04:00","eventName":"n8n.audit.workflow.executed","message":"n8n.audit.workflow.executed","payload":{"workflowId":"fC5E99z5uUn0fKjT","workflowName":"Accisense alert","executionId":"56","projectId":"VPeJW2ayhoZgotkV","projectName":"ANURAG SHARMA <anurag.25scse1180671@galgotiasuniversity.ac.in>","source":"webhook"}}
{"__type":"$$EventMessageConfirm","confirm":"1829c97f-f6c0-4e2b-a651-8ff86f88ab56","ts":"2026-09-09T08:04:14.675-04:00","source":{"id":"0","name":"eventBus"}}
{"__type":"$$EventMessageWorkflow","id":"b7285e74-a23a-45e4-ba39-d4054a8daf87","ts":"2026-09-09T08:04:14.676-04:00","eventName":"n8n.workflow.started","message":"n8n.workflow.started","payload":{"executionId":"56","workflowId":"fC5E99z5uUn0fKjT","isManual":false,"mode":"manual","workflowName":"Accisense alert","projectId":"VPeJW2ayhoZgotkV","projectName":"ANURAG SHARMA <anurag.25scse1180671@galgotiasuniversity.ac.in>"}}
{"__type":"$$EventMessageConfirm","confirm":"b7285e74-a23a-45e4-ba39-d4054a8daf87","ts":"2026-09-09T08:04:14.677-04:00","source":{"id":"0","name":"eventBus"}}
{"__type":"$$EventMessageNode","id":"931644ee-c6b5-4d05-b554-ebae2c5ee0e6","ts":"2026-09-09T08:04:14.698-04:00","eventName":"n8n.node.started","message":"n8n.node.started","payload":{"workflowId":"fC5E99z5uUn0fKjT","workflowName":"Accisense alert","executionId":"56","nodeType":"n8n-nodes-base.webhook","nodeName":"Webhook","nodeId":"1132293c-0068-4318-83d9-b3883ab01b5a"}}
{"__type":"$$EventMessageConfirm","confirm":"931644ee-c6b5-4d05-b554-ebae2c5ee0e6","ts":"2026-09-09T08:04:14.698-04:00","source":{"id":"0","name":"eventBus"}}
{"__type":"$$EventMessageNode","id":"2fa50b14-714c-4299-8ea3-83345c32b949","ts":"2026-09-09T08:04:14.700-04:00","eventName":"n8n.node.finished","message":"n8n.node.finished","payload":{"workflowId":"fC5E99z5uUn0fKjT","workflowName":"Accisense alert","executionId":"56","nodeType":"n8n-nodes-base.webhook","nodeName":"Webhook","nodeId":"1132293c-0068-4318-83d9-b3883ab01b5a"}}
{"__type":"$$EventMessageConfirm","confirm":"2fa50b14-714c-4299-8ea3-83345c32b949","ts":"2026-09-09T08:04:14.700-04:00","source":{"id":"0","name":"eventBus"}}
{"__type":"$$EventMessageNode","id":"87af9a4c-570b-4421-86e4-0f2a7b23ea81","ts":"2026-09-09T08:04:14.701-04:00","eventName":"n8n.node.started","message":"n8n.node.started","payload":{"workflowId":"fC5E99z5uUn0fKjT","workflowName":"Accisense alert","executionId":"56","nodeType":"n8n-nodes-base.if","nodeName":"Parse Alert","nodeId":"ae47ab65-f8eb-415b-aafc-fa2cf54d58f9"}}
{"__type":"$$EventMessageConfirm","confirm":"87af9a4c-570b-4421-86e4-0f2a7b23ea81","ts":"2026-09-09T08:04:14.701-04:00","source":{"id":"0","name":"eventBus"}}
{"__type":"$$EventMessageNode","id":"9fa99139-1c72-4e35-86aa-7e6e2f8295b7","ts":"2026-09-09T08:04:14.711-04:00","eventName":"n8n.node.finished","message":"n8n.node.finished","payload":{"workflowId":"fC5E99z5uUn0fKjT","workflowName":"Accisense alert","executionId":"56","nodeType":"n8n-nodes-base.if","nodeName":"Parse Alert","nodeId":"ae47ab65-f8eb-415b-aafc-fa2cf54d58f9"}}
{"__type":"$$EventMessageConfirm","confirm":"9fa99139-1c72-4e35-86aa-7e6e2f8295b7","ts":"2026-09-09T08:04:14.711-04:00","source":{"id":"0","name":"eventBus"}}
{"__type":"$$EventMessageNode","id":"bf1e0c19-b615-48a0-abe2-5623dfa822a5","ts":"2026-09-09T08:04:14.712-04:00","eventName":"n8n.node.started","message":"n8n.node.started","payload":{"workflowId":"fC5E99z5uUn0fKjT","workflowName":"Accisense alert","executionId":"56","nodeType":"@n8n/n8n-nodes-langchain.googleGemini","nodeName":"AI Triage","nodeId":"194c44f4-774e-44c0-8867-125d45a66c11"}}
{"__type":"$$EventMessageConfirm","confirm":"bf1e0c19-b615-48a0-abe2-5623dfa822a5","ts":"2026-09-09T08:04:14.712-04:00","source":{"id":"0","name":"eventBus"}}
{"__type":"$$EventMessageNode","id":"79879852-d569-4e18-9b1f-7b4635e0b2fe","ts":"2026-09-09T08:04:51.536-04:00","eventName":"n8n.node.finished","message":"n8n.node.finished","payload":{"workflowId":"fC5E99z5uUn0fKjT","workflowName":"Accisense alert","executionId":"56","nodeType":"@n8n/n8n-nodes-langchain.googleGemini","nodeName":"AI Triage","nodeId":"194c44f4-774e-44c0-8867-125d45a66c11"}}
{"__type":"$$EventMessageConfirm","confirm":"79879852-d569-4e18-9b1f-7b4635e0b2fe","ts":"2026-09-09T08:04:51.536-04:00","source":{"id":"0","name":"eventBus"}}
{"__type":"$$EventMessageWorkflow","id":"e38e8154-0334-4a99-b896-ea57c6d8da73","ts":"2026-09-09T08:04:51.541-04:00","eventName":"n8n.workflow.success","message":"n8n.workflow.success","payload":{"userId":"c17e4e51-fb03-4a49-8690-2eb153d72420","executionId":"56","success":true,"isManual":true,"mode":"manual","workflowId":"fC5E99z5uUn0fKjT","workflowName":"Accisense alert","projectId":"VPeJW2ayhoZgotkV","projectName":"ANURAG SHARMA <anurag.25scse1180671@galgotiasuniversity.ac.in>"}}
{"__type":"$$EventMessageConfirm","confirm":"e38e8154-0334-4a99-b896-ea57c6d8da73","ts":"2026-09-09T08:04:51.541-04:00","source":{"id":"0","name":"eventBus"}}
{"__type":"$$EventMessageAudit","id":"dc4f03a3-c1f3-4787-ada6-3bdbc95d154c","ts":"2026-09-09T08:07:37.017-04:00","eventName":"n8n.audit.workflow.updated","message":"n8n.audit.workflow.updated","payload":{"userId":"c17e4e51-fb03-4a49-8690-2eb153d72420","_email":"anurag.25scse1180671@galgotiasuniversity.ac.in","_firstName":"ANURAG","_lastName":"SHARMA","globalRole":"global:owner","workflowId":"fC5E99z5uUn0fKjT","workflowName":"Accisense alert"}}
{"__type":"$$EventMessageConfirm","confirm":"dc4f03a3-c1f3-4787-ada6-3bdbc95d154c","ts":"2026-09-09T08:07:37.018-04:00","source":{"id":"0","name":"eventBus"}}
{"__type":"$$EventMessageAudit","id":"6576604c-3274-458c-98bb-98f259c714f3","ts":"2026-09-09T08:08:21.720-04:00","eventName":"n8n.audit.workflow.updated","message":"n8n.audit.workflow.updated","payload":{"userId":"c17e4e51-fb03-4a49-8690-2eb153d72420","_email":"anurag.25scse1180671@galgotiasuniversity.ac.in","_firstName":"ANURAG","_lastName":"SHARMA","globalRole":"global:owner","workflowId":"fC5E99z5uUn0fKjT","workflowName":"Accisense alert"}}
{"__type":"$$EventMessageConfirm","confirm":"6576604c-3274-458c-98bb-98f259c714f3","ts":"2026-09-09T08:08:21.720-04:00","source":{"id":"0","name":"eventBus"}}
{"__type":"$$EventMessageAudit","id":"c57f6603-621a-43b7-9cb0-fcb6daeba023","ts":"2026-09-09T08:09:51.732-04:00","eventName":"n8n.audit.workflow.executed","message":"n8n.audit.workflow.executed","payload":{"userId":"c17e4e51-fb03-4a49-8690-2eb153d72420","_email":"anurag.25scse1180671@galgotiasuniversity.ac.in","_firstName":"ANURAG","_lastName":"SHARMA","globalRole":"global:owner","workflowId":"fC5E99z5uUn0fKjT","workflowName":"Accisense alert","executionId":"57","projectId":"VPeJW2ayhoZgotkV","projectName":"ANURAG SHARMA <anurag.25scse1180671@galgotiasuniversity.ac.in>","source":"user-manual"}}
{"__type":"$$EventMessageConfirm","confirm":"c57f6603-621a-43b7-9cb0-fcb6daeba023","ts":"2026-09-09T08:09:51.732-04:00","source":{"id":"0","name":"eventBus"}}
{"__type":"$$EventMessageWorkflow","id":"b25c1937-024c-4052-8f96-cdb93cf897b8","ts":"2026-09-09T08:09:51.733-04:00","eventName":"n8n.workflow.started","message":"n8n.workflow.started","payload":{"executionId":"57","workflowId":"fC5E99z5uUn0fKjT","isManual":false,"mode":"manual","workflowName":"Accisense alert","projectId":"VPeJW2ayhoZgotkV","projectName":"ANURAG SHARMA <anurag.25scse1180671@galgotiasuniversity.ac.in>"}}
{"__type":"$$EventMessageConfirm","confirm":"b25c1937-024c-4052-8f96-cdb93cf897b8","ts":"2026-09-09T08:09:51.733-04:00","source":{"id":"0","name":"eventBus"}}
{"__type":"$$EventMessageNode","id":"4047af7b-a80e-42e2-92c6-ecfff04457c7","ts":"2026-09-09T08:09:51.749-04:00","eventName":"n8n.node.started","message":"n8n.node.started","payload":{"workflowId":"fC5E99z5uUn0fKjT","workflowName":"Accisense alert","executionId":"57","nodeType":"@n8n/n8n-nodes-langchain.googleGemini","nodeName":"AI Triage","nodeId":"194c44f4-774e-44c0-8867-125d45a66c11"}}
{"__type":"$$EventMessageConfirm","confirm":"4047af7b-a80e-42e2-92c6-ecfff04457c7","ts":"2026-09-09T08:09:51.750-04:00","source":{"id":"0","name":"eventBus"}}
{"__type":"$$EventMessageNode","id":"beec83f4-dbcf-461e-ac8f-9eba938d06ea","ts":"2026-09-09T08:09:55.991-04:00","eventName":"n8n.node.finished","message":"n8n.node.finished","payload":{"workflowId":"fC5E99z5uUn0fKjT","workflowName":"Accisense alert","executionId":"57","nodeType":"@n8n/n8n-nodes-langchain.googleGemini","nodeName":"AI Triage","nodeId":"194c44f4-774e-44c0-8867-125d45a66c11"}}
{"__type":"$$EventMessageConfirm","confirm":"beec83f4-dbcf-461e-ac8f-9eba938d06ea","ts":"2026-09-09T08:09:55.991-04:00","source":{"id":"0","name":"eventBus"}}
{"__type":"$$EventMessageWorkflow","id":"a7bfb778-c8d8-4c4e-b0f9-eaf2f583dd18","ts":"2026-09-09T08:09:55.994-04:00","eventName":"n8n.workflow.success","message":"n8n.workflow.success","payload":{"userId":"c17e4e51-fb03-4a49-8690-2eb153d72420","executionId":"57","success":true,"isManual":true,"mode":"manual","workflowId":"fC5E99z5uUn0fKjT","workflowName":"Accisense alert","projectId":"VPeJW2ayhoZgotkV","projectName":"ANURAG SHARMA <anurag.25scse1180671@galgotiasuniversity.ac.in>"}}
{"__type":"$$EventMessageConfirm","confirm":"a7bfb778-c8d8-4c4e-b0f9-eaf2f583dd18","ts":"2026-09-09T08:09:55.994-04:00","source":{"id":"0","name":"eventBus"}}
{"__type":"$$EventMessageAudit","id":"d13462ad-3d6b-42f8-874e-0a8c490835b1","ts":"2026-09-09T08:10:51.164-04:00","eventName":"n8n.audit.workflow.updated","message":"n8n.audit.workflow.updated","payload":{"userId":"c17e4e51-fb03-4a49-8690-2eb153d72420","_email":"anurag.25scse1180671@galgotiasuniversity.ac.in","_firstName":"ANURAG","_lastName":"SHARMA","globalRole":"global:owner","workflowId":"fC5E99z5uUn0fKjT","workflowName":"Accisense alert"}}
{"__type":"$$EventMessageConfirm","confirm":"d13462ad-3d6b-42f8-874e-0a8c490835b1","ts":"2026-09-09T08:10:51.164-04:00","source":{"id":"0","name":"eventBus"}}
{"__type":"$$EventMessageAudit","id":"c45c42b7-1fea-4beb-88a6-8a928e82e452","ts":"2026-09-09T08:10:53.777-04:00","eventName":"n8n.audit.workflow.updated","message":"n8n.audit.workflow.updated","payload":{"userId":"c17e4e51-fb03-4a49-8690-2eb153d72420","_email":"anurag.25scse1180671@galgotiasuniversity.ac.in","_firstName":"ANURAG","_lastName":"SHARMA","globalRole":"global:owner","workflowId":"fC5E99z5uUn0fKjT","workflowName":"Accisense alert"}}
{"__type":"$$EventMessageConfirm","confirm":"c45c42b7-1fea-4beb-88a6-8a928e82e452","ts":"2026-09-09T08:10:53.777-04:00","source":{"id":"0","name":"eventBus"}}
{"__type":"$$EventMessageAudit","id":"0dd9273c-abe5-47d1-bd00-99d97b2f92dc","ts":"2026-09-09T08:10:56.362-04:00","eventName":"n8n.audit.workflow.updated","message":"n8n.audit.workflow.updated","payload":{"userId":"c17e4e51-fb03-4a49-8690-2eb153d72420","_email":"anurag.25scse1180671@galgotiasuniversity.ac.in","_firstName":"ANURAG","_lastName":"SHARMA","globalRole":"global:owner","workflowId":"fC5E99z5uUn0fKjT","workflowName":"Accisense alert"}}
{"__type":"$$EventMessageConfirm","confirm":"0dd9273c-abe5-47d1-bd00-99d97b2f92dc","ts":"2026-09-09T08:10:56.363-04:00","source":{"id":"0","name":"eventBus"}}
{"__type":"$$EventMessageAudit","id":"4f83a91f-04ca-44a6-a3a8-0ca7933ba1ba","ts":"2026-09-09T08:11:09.828-04:00","eventName":"n8n.audit.workflow.updated","message":"n8n.audit.workflow.updated","payload":{"userId":"c17e4e51-fb03-4a49-8690-2eb153d72420","_email":"anurag.25scse1180671@galgotiasuniversity.ac.in","_firstName":"ANURAG","_lastName":"SHARMA","globalRole":"global:owner","workflowId":"fC5E99z5uUn0fKjT","workflowName":"Accisense alert"}}
{"__type":"$$EventMessageConfirm","confirm":"4f83a91f-04ca-44a6-a3a8-0ca7933ba1ba","ts":"2026-09-09T08:11:09.828-04:00","source":{"id":"0","name":"eventBus"}}
{"__type":"$$EventMessageAudit","id":"f5823ba9-9f3b-41d6-83d1-2f41c439d9a6","ts":"2026-09-09T08:11:47.175-04:00","eventName":"n8n.audit.workflow.executed","message":"n8n.audit.workflow.executed","payload":{"userId":"c17e4e51-fb03-4a49-8690-2eb153d72420","_email":"anurag.25scse1180671@galgotiasuniversity.ac.in","_firstName":"ANURAG","_lastName":"SHARMA","globalRole":"global:owner","workflowId":"fC5E99z5uUn0fKjT","workflowName":"Accisense alert","executionId":"58","projectId":"VPeJW2ayhoZgotkV","projectName":"ANURAG SHARMA <anurag.25scse1180671@galgotiasuniversity.ac.in>","source":"user-manual"}}
{"__type":"$$EventMessageConfirm","confirm":"f5823ba9-9f3b-41d6-83d1-2f41c439d9a6","ts":"2026-09-09T08:11:47.176-04:00","source":{"id":"0","name":"eventBus"}}
{"__type":"$$EventMessageWorkflow","id":"e80a1b64-5d4b-49a2-8300-b353626a4871","ts":"2026-09-09T08:11:47.177-04:00","eventName":"n8n.workflow.started","message":"n8n.workflow.started","payload":{"executionId":"58","workflowId":"fC5E99z5uUn0fKjT","isManual":false,"mode":"manual","workflowName":"Accisense alert","projectId":"VPeJW2ayhoZgotkV","projectName":"ANURAG SHARMA <anurag.25scse1180671@galgotiasuniversity.ac.in>"}}
{"__type":"$$EventMessageConfirm","confirm":"e80a1b64-5d4b-49a2-8300-b353626a4871","ts":"2026-09-09T08:11:47.177-04:00","source":{"id":"0","name":"eventBus"}}
{"__type":"$$EventMessageNode","id":"2a3f58af-fd70-4dd7-82d1-1aa5187f7660","ts":"2026-09-09T08:11:47.196-04:00","eventName":"n8n.node.started","message":"n8n.node.started","payload":{"workflowId":"fC5E99z5uUn0fKjT","workflowName":"Accisense alert","executionId":"58","nodeType":"n8n-nodes-base.code","nodeName":"Code in JavaScript","nodeId":"d61afa8b-db4d-44e0-bedd-5359b32ee7bd"}}
{"__type":"$$EventMessageConfirm","confirm":"2a3f58af-fd70-4dd7-82d1-1aa5187f7660","ts":"2026-09-09T08:11:47.196-04:00","source":{"id":"0","name":"eventBus"}}
{"__type":"$$EventMessageRunner","id":"8b5b37e1-5fd3-44d6-a541-36cbc4f52d9b","ts":"2026-09-09T08:11:47.238-04:00","eventName":"n8n.runner.task.requested","message":"n8n.runner.task.requested","payload":{"taskId":"zijBM6-F","nodeId":"d61afa8b-db4d-44e0-bedd-5359b32ee7bd","workflowId":"fC5E99z5uUn0fKjT","executionId":"58"}}
{"__type":"$$EventMessageConfirm","confirm":"8b5b37e1-5fd3-44d6-a541-36cbc4f52d9b","ts":"2026-09-09T08:11:47.238-04:00","source":{"id":"0","name":"eventBus"}}
{"__type":"$$EventMessageRunner","id":"282f3513-8a01-48f5-bece-e0aaf82c1450","ts":"2026-09-09T08:11:47.475-04:00","eventName":"n8n.runner.response.received","message":"n8n.runner.response.received","payload":{"taskId":"zijBM6-F","nodeId":"d61afa8b-db4d-44e0-bedd-5359b32ee7bd","workflowId":"fC5E99z5uUn0fKjT","executionId":"58"}}
{"__type":"$$EventMessageConfirm","confirm":"282f3513-8a01-48f5-bece-e0aaf82c1450","ts":"2026-09-09T08:11:47.475-04:00","source":{"id":"0","name":"eventBus"}}
{"__type":"$$EventMessageNode","id":"dab53662-ac75-4134-9a4f-405ba67e9761","ts":"2026-09-09T08:11:47.476-04:00","eventName":"n8n.node.finished","message":"n8n.node.finished","payload":{"workflowId":"fC5E99z5uUn0fKjT","workflowName":"Accisense alert","executionId":"58","nodeType":"n8n-nodes-base.code","nodeName":"Code in JavaScript","nodeId":"d61afa8b-db4d-44e0-bedd-5359b32ee7bd"}}
{"__type":"$$EventMessageConfirm","confirm":"dab53662-ac75-4134-9a4f-405ba67e9761","ts":"2026-09-09T08:11:47.476-04:00","source":{"id":"0","name":"eventBus"}}
{"__type":"$$EventMessageWorkflow","id":"24cfb4d8-e3ed-4e39-b2ef-49e36ac93d17","ts":"2026-09-09T08:11:47.479-04:00","eventName":"n8n.workflow.success","message":"n8n.workflow.success","payload":{"userId":"c17e4e51-fb03-4a49-8690-2eb153d72420","executionId":"58","success":true,"isManual":true,"mode":"manual","workflowId":"fC5E99z5uUn0fKjT","workflowName":"Accisense alert","projectId":"VPeJW2ayhoZgotkV","projectName":"ANURAG SHARMA <anurag.25scse1180671@galgotiasuniversity.ac.in>"}}
{"__type":"$$EventMessageConfirm","confirm":"24cfb4d8-e3ed-4e39-b2ef-49e36ac93d17","ts":"2026-09-09T08:11:47.479-04:00","source":{"id":"0","name":"eventBus"}}
{"__type":"$$EventMessageAudit","id":"4638a6a9-9840-47e0-8a53-ff39fdffef8a","ts":"2026-09-09T08:12:36.819-04:00","eventName":"n8n.audit.workflow.updated","message":"n8n.audit.workflow.updated","payload":{"userId":"c17e4e51-fb03-4a49-8690-2eb153d72420","_email":"anurag.25scse1180671@galgotiasuniversity.ac.in","_firstName":"ANURAG","_lastName":"SHARMA","globalRole":"global:owner","workflowId":"fC5E99z5uUn0fKjT","workflowName":"Accisense alert"}}
{"__type":"$$EventMessageConfirm","confirm":"4638a6a9-9840-47e0-8a53-ff39fdffef8a","ts":"2026-09-09T08:12:36.819-04:00","source":{"id":"0","name":"eventBus"}}
{"__type":"$$EventMessageAudit","id":"c34f38f7-ac3f-4802-a6f6-dd4f54cd164a","ts":"2026-09-09T08:12:41.103-04:00","eventName":"n8n.audit.workflow.updated","message":"n8n.audit.workflow.updated","payload":{"userId":"c17e4e51-fb03-4a49-8690-2eb153d72420","_email":"anurag.25scse1180671@galgotiasuniversity.ac.in","_firstName":"ANURAG","_lastName":"SHARMA","globalRole":"global:owner","workflowId":"fC5E99z5uUn0fKjT","workflowName":"Accisense alert"}}
{"__type":"$$EventMessageConfirm","confirm":"c34f38f7-ac3f-4802-a6f6-dd4f54cd164a","ts":"2026-09-09T08:12:41.103-04:00","source":{"id":"0","name":"eventBus"}}
{"__type":"$$EventMessageAudit","id":"89e90649-ef6f-480c-992c-6124ae179891","ts":"2026-09-09T08:12:42.994-04:00","eventName":"n8n.audit.workflow.updated","message":"n8n.audit.workflow.updated","payload":{"userId":"c17e4e51-fb03-4a49-8690-2eb153d72420","_email":"anurag.25scse1180671@galgotiasuniversity.ac.in","_firstName":"ANURAG","_lastName":"SHARMA","globalRole":"global:owner","workflowId":"fC5E99z5uUn0fKjT","workflowName":"Accisense alert"}}
{"__type":"$$EventMessageConfirm","confirm":"89e90649-ef6f-480c-992c-6124ae179891","ts":"2026-09-09T08:12:42.994-04:00","source":{"id":"0","name":"eventBus"}}
{"__type":"$$EventMessageAudit","id":"14962d77-c821-4eab-b2d1-76a83980f6fa","ts":"2026-09-09T08:13:11.603-04:00","eventName":"n8n.audit.workflow.updated","message":"n8n.audit.workflow.updated","payload":{"userId":"c17e4e51-fb03-4a49-8690-2eb153d72420","_email":"anurag.25scse1180671@galgotiasuniversity.ac.in","_firstName":"ANURAG","_lastName":"SHARMA","globalRole":"global:owner","workflowId":"fC5E99z5uUn0fKjT","workflowName":"Accisense alert"}}
{"__type":"$$EventMessageConfirm","confirm":"14962d77-c821-4eab-b2d1-76a83980f6fa","ts":"2026-09-09T08:13:11.603-04:00","source":{"id":"0","name":"eventBus"}}
{"__type":"$$EventMessageAudit","id":"97f6791a-b330-4764-8cca-4a9c2bfe6e89","ts":"2026-09-09T08:13:17.418-04:00","eventName":"n8n.audit.workflow.updated","message":"n8n.audit.workflow.updated","payload":{"userId":"c17e4e51-fb03-4a49-8690-2eb153d72420","_email":"anurag.25scse1180671@galgotiasuniversity.ac.in","_firstName":"ANURAG","_lastName":"SHARMA","globalRole":"global:owner","workflowId":"fC5E99z5uUn0fKjT","workflowName":"Accisense alert"}}
{"__type":"$$EventMessageConfirm","confirm":"97f6791a-b330-4764-8cca-4a9c2bfe6e89","ts":"2026-09-09T08:13:17.418-04:00","source":{"id":"0","name":"eventBus"}}
{"__type":"$$EventMessageAudit","id":"3d6b502e-321f-4462-8c8d-3edb64e96bed","ts":"2026-09-09T08:13:24.833-04:00","eventName":"n8n.audit.workflow.updated","message":"n8n.audit.workflow.updated","payload":{"userId":"c17e4e51-fb03-4a49-8690-2eb153d72420","_email":"anurag.25scse1180671@galgotiasuniversity.ac.in","_firstName":"ANURAG","_lastName":"SHARMA","globalRole":"global:owner","workflowId":"fC5E99z5uUn0fKjT","workflowName":"Accisense alert"}}
{"__type":"$$EventMessageConfirm","confirm":"3d6b502e-321f-4462-8c8d-3edb64e96bed","ts":"2026-09-09T08:13:24.833-04:00","source":{"id":"0","name":"eventBus"}}
{"__type":"$$EventMessageAudit","id":"3d9cd73f-b5b7-480d-87c1-862fe60dfa0f","ts":"2026-09-09T08:13:36.364-04:00","eventName":"n8n.audit.workflow.updated","message":"n8n.audit.workflow.updated","payload":{"userId":"c17e4e51-fb03-4a49-8690-2eb153d72420","_email":"anurag.25scse1180671@galgotiasuniversity.ac.in","_firstName":"ANURAG","_lastName":"SHARMA","globalRole":"global:owner","workflowId":"fC5E99z5uUn0fKjT","workflowName":"Accisense alert"}}
{"__type":"$$EventMessageConfirm","confirm":"3d9cd73f-b5b7-480d-87c1-862fe60dfa0f","ts":"2026-09-09T08:13:36.364-04:00","source":{"id":"0","name":"eventBus"}}
{"__type":"$$EventMessageAudit","id":"e980752c-ff01-41a5-a95c-73c5c918dc83","ts":"2026-09-09T08:15:00.484-04:00","eventName":"n8n.audit.workflow.executed","message":"n8n.audit.workflow.executed","payload":{"userId":"c17e4e51-fb03-4a49-8690-2eb153d72420","_email":"anurag.25scse1180671@galgotiasuniversity.ac.in","_firstName":"ANURAG","_lastName":"SHARMA","globalRole":"global:owner","workflowId":"fC5E99z5uUn0fKjT","workflowName":"Accisense alert","executionId":"59","projectId":"VPeJW2ayhoZgotkV","projectName":"ANURAG SHARMA <anurag.25scse1180671@galgotiasuniversity.ac.in>","source":"user-manual"}}
{"__type":"$$EventMessageConfirm","confirm":"e980752c-ff01-41a5-a95c-73c5c918dc83","ts":"2026-09-09T08:15:00.484-04:00","source":{"id":"0","name":"eventBus"}}
{"__type":"$$EventMessageWorkflow","id":"b5dd416c-699e-4293-88cc-c918aabff3ab","ts":"2026-09-09T08:15:00.486-04:00","eventName":"n8n.workflow.started","message":"n8n.workflow.started","payload":{"executionId":"59","workflowId":"fC5E99z5uUn0fKjT","isManual":false,"mode":"manual","workflowName":"Accisense alert","projectId":"VPeJW2ayhoZgotkV","projectName":"ANURAG SHARMA <anurag.25scse1180671@galgotiasuniversity.ac.in>"}}
{"__type":"$$EventMessageConfirm","confirm":"b5dd416c-699e-4293-88cc-c918aabff3ab","ts":"2026-09-09T08:15:00.486-04:00","source":{"id":"0","name":"eventBus"}}
{"__type":"$$EventMessageNode","id":"133da55e-8cf0-400d-9360-83fe4f5888cf","ts":"2026-09-09T08:15:00.569-04:00","eventName":"n8n.node.started","message":"n8n.node.started","payload":{"workflowId":"fC5E99z5uUn0fKjT","workflowName":"Accisense alert","executionId":"59","nodeType":"n8n-nodes-base.httpRequest","nodeName":"Create Incident","nodeId":"a8982d80-dd7c-4b50-bcc1-9774d5030e50"}}
{"__type":"$$EventMessageConfirm","confirm":"133da55e-8cf0-400d-9360-83fe4f5888cf","ts":"2026-09-09T08:15:00.570-04:00","source":{"id":"0","name":"eventBus"}}
{"__type":"$$EventMessageNode","id":"e4dd96b7-fde2-4f41-b48e-e4fa93dde61a","ts":"2026-09-09T08:15:00.693-04:00","eventName":"n8n.node.finished","message":"n8n.node.finished","payload":{"workflowId":"fC5E99z5uUn0fKjT","workflowName":"Accisense alert","executionId":"59","nodeType":"n8n-nodes-base.httpRequest","nodeName":"Create Incident","nodeId":"a8982d80-dd7c-4b50-bcc1-9774d5030e50"}}
{"__type":"$$EventMessageConfirm","confirm":"e4dd96b7-fde2-4f41-b48e-e4fa93dde61a","ts":"2026-09-09T08:15:00.693-04:00","source":{"id":"0","name":"eventBus"}}
{"__type":"$$EventMessageWorkflow","id":"17b9f339-3248-4ac2-ad3e-4869a839646c","ts":"2026-09-09T08:15:00.712-04:00","eventName":"n8n.workflow.failed","message":"n8n.workflow.failed","payload":{"userId":"c17e4e51-fb03-4a49-8690-2eb153d72420","executionId":"59","success":false,"isManual":true,"mode":"manual","workflowId":"fC5E99z5uUn0fKjT","workflowName":"Accisense alert","projectId":"VPeJW2ayhoZgotkV","projectName":"ANURAG SHARMA <anurag.25scse1180671@galgotiasuniversity.ac.in>","lastNodeExecuted":"Create Incident","errorNodeType":"n8n-nodes-base.httpRequest","errorMessage":"The value in the \"JSON Body\" field is not valid JSON"}}
{"__type":"$$EventMessageConfirm","confirm":"17b9f339-3248-4ac2-ad3e-4869a839646c","ts":"2026-09-09T08:15:00.713-04:00","source":{"id":"0","name":"eventBus"}}
{"__type":"$$EventMessageAudit","id":"e280fdc0-1c5d-4a91-ada9-6a54b1e73274","ts":"2026-09-09T08:15:27.170-04:00","eventName":"n8n.audit.workflow.updated","message":"n8n.audit.workflow.updated","payload":{"userId":"c17e4e51-fb03-4a49-8690-2eb153d72420","_email":"anurag.25scse1180671@galgotiasuniversity.ac.in","_firstName":"ANURAG","_lastName":"SHARMA","globalRole":"global:owner","workflowId":"fC5E99z5uUn0fKjT","workflowName":"Accisense alert"}}
{"__type":"$$EventMessageConfirm","confirm":"e280fdc0-1c5d-4a91-ada9-6a54b1e73274","ts":"2026-09-09T08:15:27.170-04:00","source":{"id":"0","name":"eventBus"}}
{"__type":"$$EventMessageAudit","id":"64e87496-6358-448f-88f8-f79f895995f5","ts":"2026-09-09T08:15:29.191-04:00","eventName":"n8n.audit.workflow.updated","message":"n8n.audit.workflow.updated","payload":{"userId":"c17e4e51-fb03-4a49-8690-2eb153d72420","_email":"anurag.25scse1180671@galgotiasuniversity.ac.in","_firstName":"ANURAG","_lastName":"SHARMA","globalRole":"global:owner","workflowId":"fC5E99z5uUn0fKjT","workflowName":"Accisense alert"}}
{"__type":"$$EventMessageConfirm","confirm":"64e87496-6358-448f-88f8-f79f895995f5","ts":"2026-09-09T08:15:29.192-04:00","source":{"id":"0","name":"eventBus"}}
{"__type":"$$EventMessageAudit","id":"0ff44a7c-41bf-4a01-960b-f08a98528205","ts":"2026-09-09T08:15:31.580-04:00","eventName":"n8n.audit.workflow.updated","message":"n8n.audit.workflow.updated","payload":{"userId":"c17e4e51-fb03-4a49-8690-2eb153d72420","_email":"anurag.25scse1180671@galgotiasuniversity.ac.in","_firstName":"ANURAG","_lastName":"SHARMA","globalRole":"global:owner","workflowId":"fC5E99z5uUn0fKjT","workflowName":"Accisense alert"}}
{"__type":"$$EventMessageConfirm","confirm":"0ff44a7c-41bf-4a01-960b-f08a98528205","ts":"2026-09-09T08:15:31.580-04:00","source":{"id":"0","name":"eventBus"}}
{"__type":"$$EventMessageAudit","id":"3a82246e-f0a6-459b-a2e9-22941167910c","ts":"2026-09-09T08:15:33.634-04:00","eventName":"n8n.audit.workflow.updated","message":"n8n.audit.workflow.updated","payload":{"userId":"c17e4e51-fb03-4a49-8690-2eb153d72420","_email":"anurag.25scse1180671@galgotiasuniversity.ac.in","_firstName":"ANURAG","_lastName":"SHARMA","globalRole":"global:owner","workflowId":"fC5E99z5uUn0fKjT","workflowName":"Accisense alert"}}
{"__type":"$$EventMessageConfirm","confirm":"3a82246e-f0a6-459b-a2e9-22941167910c","ts":"2026-09-09T08:15:33.634-04:00","source":{"id":"0","name":"eventBus"}}
{"__type":"$$EventMessageAudit","id":"a5caaac0-f2e5-42a1-8590-ceba49dc73b2","ts":"2026-09-09T08:15:34.383-04:00","eventName":"n8n.audit.workflow.executed","message":"n8n.audit.workflow.executed","payload":{"userId":"c17e4e51-fb03-4a49-8690-2eb153d72420","_email":"anurag.25scse1180671@galgotiasuniversity.ac.in","_firstName":"ANURAG","_lastName":"SHARMA","globalRole":"global:owner","workflowId":"fC5E99z5uUn0fKjT","workflowName":"Accisense alert","executionId":"60","projectId":"VPeJW2ayhoZgotkV","projectName":"ANURAG SHARMA <anurag.25scse1180671@galgotiasuniversity.ac.in>","source":"user-manual"}}
{"__type":"$$EventMessageConfirm","confirm":"a5caaac0-f2e5-42a1-8590-ceba49dc73b2","ts":"2026-09-09T08:15:34.383-04:00","source":{"id":"0","name":"eventBus"}}
{"__type":"$$EventMessageWorkflow","id":"cf71a0f4-8528-4256-adce-7ccf0689be6d","ts":"2026-09-09T08:15:34.384-04:00","eventName":"n8n.workflow.started","message":"n8n.workflow.started","payload":{"executionId":"60","workflowId":"fC5E99z5uUn0fKjT","isManual":false,"mode":"manual","workflowName":"Accisense alert","projectId":"VPeJW2ayhoZgotkV","projectName":"ANURAG SHARMA <anurag.25scse1180671@galgotiasuniversity.ac.in>"}}
{"__type":"$$EventMessageConfirm","confirm":"cf71a0f4-8528-4256-adce-7ccf0689be6d","ts":"2026-09-09T08:15:34.384-04:00","source":{"id":"0","name":"eventBus"}}
{"__type":"$$EventMessageNode","id":"0d3a4320-abd1-4e49-8c69-a7f91ce025bd","ts":"2026-09-09T08:15:34.402-04:00","eventName":"n8n.node.started","message":"n8n.node.started","payload":{"workflowId":"fC5E99z5uUn0fKjT","workflowName":"Accisense alert","executionId":"60","nodeType":"n8n-nodes-base.httpRequest","nodeName":"Create Incident","nodeId":"a8982d80-dd7c-4b50-bcc1-9774d5030e50"}}
{"__type":"$$EventMessageConfirm","confirm":"0d3a4320-abd1-4e49-8c69-a7f91ce025bd","ts":"2026-09-09T08:15:34.402-04:00","source":{"id":"0","name":"eventBus"}}
{"__type":"$$EventMessageNode","id":"d911e2e9-735a-4e06-b9eb-0412e2b324e8","ts":"2026-09-09T08:15:35.899-04:00","eventName":"n8n.node.finished","message":"n8n.node.finished","payload":{"workflowId":"fC5E99z5uUn0fKjT","workflowName":"Accisense alert","executionId":"60","nodeType":"n8n-nodes-base.httpRequest","nodeName":"Create Incident","nodeId":"a8982d80-dd7c-4b50-bcc1-9774d5030e50"}}
{"__type":"$$EventMessageConfirm","confirm":"d911e2e9-735a-4e06-b9eb-0412e2b324e8","ts":"2026-09-09T08:15:35.899-04:00","source":{"id":"0","name":"eventBus"}}
{"__type":"$$EventMessageWorkflow","id":"a834fcde-699b-4a2f-9fe0-759d02f2a427","ts":"2026-09-09T08:15:35.904-04:00","eventName":"n8n.workflow.success","message":"n8n.workflow.success","payload":{"userId":"c17e4e51-fb03-4a49-8690-2eb153d72420","executionId":"60","success":true,"isManual":true,"mode":"manual","workflowId":"fC5E99z5uUn0fKjT","workflowName":"Accisense alert","projectId":"VPeJW2ayhoZgotkV","projectName":"ANURAG SHARMA <anurag.25scse1180671@galgotiasuniversity.ac.in>"}}
{"__type":"$$EventMessageConfirm","confirm":"a834fcde-699b-4a2f-9fe0-759d02f2a427","ts":"2026-09-09T08:15:35.905-04:00","source":{"id":"0","name":"eventBus"}}
{"__type":"$$EventMessageAudit","id":"1e329726-bf4f-4860-bde3-a65693869ddd","ts":"2026-09-09T08:17:34.075-04:00","eventName":"n8n.audit.workflow.updated","message":"n8n.audit.workflow.updated","payload":{"userId":"c17e4e51-fb03-4a49-8690-2eb153d72420","_email":"anurag.25scse1180671@galgotiasuniversity.ac.in","_firstName":"ANURAG","_lastName":"SHARMA","globalRole":"global:owner","workflowId":"fC5E99z5uUn0fKjT","workflowName":"Accisense alert"}}
{"__type":"$$EventMessageConfirm","confirm":"1e329726-bf4f-4860-bde3-a65693869ddd","ts":"2026-09-09T08:17:34.075-04:00","source":{"id":"0","name":"eventBus"}}
{"__type":"$$EventMessageAudit","id":"db68c71e-5c6e-4edd-a714-f9448fe7b681","ts":"2026-09-09T08:17:45.816-04:00","eventName":"n8n.audit.workflow.updated","message":"n8n.audit.workflow.updated","payload":{"userId":"c17e4e51-fb03-4a49-8690-2eb153d72420","_email":"anurag.25scse1180671@galgotiasuniversity.ac.in","_firstName":"ANURAG","_lastName":"SHARMA","globalRole":"global:owner","workflowId":"fC5E99z5uUn0fKjT","workflowName":"Accisense alert"}}
{"__type":"$$EventMessageConfirm","confirm":"db68c71e-5c6e-4edd-a714-f9448fe7b681","ts":"2026-09-09T08:17:45.817-04:00","source":{"id":"0","name":"eventBus"}}
{"__type":"$$EventMessageAudit","id":"c2e16a8a-327d-4b96-8f9f-ccd24c62ccd1","ts":"2026-09-09T08:17:55.346-04:00","eventName":"n8n.audit.workflow.updated","message":"n8n.audit.workflow.updated","payload":{"userId":"c17e4e51-fb03-4a49-8690-2eb153d72420","_email":"anurag.25scse1180671@galgotiasuniversity.ac.in","_firstName":"ANURAG","_lastName":"SHARMA","globalRole":"global:owner","workflowId":"fC5E99z5uUn0fKjT","workflowName":"Accisense alert"}}
{"__type":"$$EventMessageConfirm","confirm":"c2e16a8a-327d-4b96-8f9f-ccd24c62ccd1","ts":"2026-09-09T08:17:55.346-04:00","source":{"id":"0","name":"eventBus"}}
{"__type":"$$EventMessageAudit","id":"306bf317-9b49-49dd-abd1-9a867c796c5d","ts":"2026-09-09T08:18:05.453-04:00","eventName":"n8n.audit.workflow.updated","message":"n8n.audit.workflow.updated","payload":{"userId":"c17e4e51-fb03-4a49-8690-2eb153d72420","_email":"anurag.25scse1180671@galgotiasuniversity.ac.in","_firstName":"ANURAG","_lastName":"SHARMA","globalRole":"global:owner","workflowId":"fC5E99z5uUn0fKjT","workflowName":"Accisense alert"}}
{"__type":"$$EventMessageConfirm","confirm":"306bf317-9b49-49dd-abd1-9a867c796c5d","ts":"2026-09-09T08:18:05.453-04:00","source":{"id":"0","name":"eventBus"}}
{"__type":"$$EventMessageAudit","id":"c38ae99c-0298-49cf-a86c-fe1b199dec60","ts":"2026-09-09T08:18:30.244-04:00","eventName":"n8n.audit.workflow.updated","message":"n8n.audit.workflow.updated","payload":{"userId":"c17e4e51-fb03-4a49-8690-2eb153d72420","_email":"anurag.25scse1180671@galgotiasuniversity.ac.in","_firstName":"ANURAG","_lastName":"SHARMA","globalRole":"global:owner","workflowId":"fC5E99z5uUn0fKjT","workflowName":"Accisense alert"}}
{"__type":"$$EventMessageConfirm","confirm":"c38ae99c-0298-49cf-a86c-fe1b199dec60","ts":"2026-09-09T08:18:30.244-04:00","source":{"id":"0","name":"eventBus"}}
{"__type":"$$EventMessageAudit","id":"b480c6bf-fffe-4255-950f-d8b18de6f27e","ts":"2026-09-09T08:18:43.711-04:00","eventName":"n8n.audit.workflow.updated","message":"n8n.audit.workflow.updated","payload":{"userId":"c17e4e51-fb03-4a49-8690-2eb153d72420","_email":"anurag.25scse1180671@galgotiasuniversity.ac.in","_firstName":"ANURAG","_lastName":"SHARMA","globalRole":"global:owner","workflowId":"fC5E99z5uUn0fKjT","workflowName":"Accisense alert"}}
{"__type":"$$EventMessageConfirm","confirm":"b480c6bf-fffe-4255-950f-d8b18de6f27e","ts":"2026-09-09T08:18:43.711-04:00","source":{"id":"0","name":"eventBus"}}
{"__type":"$$EventMessageAudit","id":"27721195-b17f-42e0-8306-144381e88291","ts":"2026-09-09T08:19:04.128-04:00","eventName":"n8n.audit.workflow.updated","message":"n8n.audit.workflow.updated","payload":{"userId":"c17e4e51-fb03-4a49-8690-2eb153d72420","_email":"anurag.25scse1180671@galgotiasuniversity.ac.in","_firstName":"ANURAG","_lastName":"SHARMA","globalRole":"global:owner","workflowId":"fC5E99z5uUn0fKjT","workflowName":"Accisense alert"}}
{"__type":"$$EventMessageConfirm","confirm":"27721195-b17f-42e0-8306-144381e88291","ts":"2026-09-09T08:19:04.128-04:00","source":{"id":"0","name":"eventBus"}}
{"__type":"$$EventMessageAudit","id":"010539c2-17da-4110-96fd-4890f57c74c6","ts":"2026-09-09T08:19:48.992-04:00","eventName":"n8n.audit.workflow.executed","message":"n8n.audit.workflow.executed","payload":{"userId":"c17e4e51-fb03-4a49-8690-2eb153d72420","_email":"anurag.25scse1180671@galgotiasuniversity.ac.in","_firstName":"ANURAG","_lastName":"SHARMA","globalRole":"global:owner","workflowId":"fC5E99z5uUn0fKjT","workflowName":"Accisense alert","executionId":"61","projectId":"VPeJW2ayhoZgotkV","projectName":"ANURAG SHARMA <anurag.25scse1180671@galgotiasuniversity.ac.in>","source":"user-manual"}}
{"__type":"$$EventMessageConfirm","confirm":"010539c2-17da-4110-96fd-4890f57c74c6","ts":"2026-09-09T08:19:48.993-04:00","source":{"id":"0","name":"eventBus"}}
{"__type":"$$EventMessageWorkflow","id":"f8e1eea6-547b-4eb7-a9ca-d3bd54612472","ts":"2026-09-09T08:19:48.993-04:00","eventName":"n8n.workflow.started","message":"n8n.workflow.started","payload":{"executionId":"61","workflowId":"fC5E99z5uUn0fKjT","isManual":false,"mode":"manual","workflowName":"Accisense alert","projectId":"VPeJW2ayhoZgotkV","projectName":"ANURAG SHARMA <anurag.25scse1180671@galgotiasuniversity.ac.in>"}}
{"__type":"$$EventMessageConfirm","confirm":"f8e1eea6-547b-4eb7-a9ca-d3bd54612472","ts":"2026-09-09T08:19:48.993-04:00","source":{"id":"0","name":"eventBus"}}
{"__type":"$$EventMessageNode","id":"364232d5-f291-4410-990b-5429c5ea8ae6","ts":"2026-09-09T08:19:49.012-04:00","eventName":"n8n.node.started","message":"n8n.node.started","payload":{"workflowId":"fC5E99z5uUn0fKjT","workflowName":"Accisense alert","executionId":"61","nodeType":"n8n-nodes-base.telegram","nodeName":"Send Alert","nodeId":"7c481263-5942-4621-a0e8-799c9e1a6335"}}
{"__type":"$$EventMessageConfirm","confirm":"364232d5-f291-4410-990b-5429c5ea8ae6","ts":"2026-09-09T08:19:49.012-04:00","source":{"id":"0","name":"eventBus"}}
{"__type":"$$EventMessageNode","id":"a29f6b2c-caf9-4116-8ecf-b7ff000137dd","ts":"2026-09-09T08:19:50.227-04:00","eventName":"n8n.node.finished","message":"n8n.node.finished","payload":{"workflowId":"fC5E99z5uUn0fKjT","workflowName":"Accisense alert","executionId":"61","nodeType":"n8n-nodes-base.telegram","nodeName":"Send Alert","nodeId":"7c481263-5942-4621-a0e8-799c9e1a6335"}}
{"__type":"$$EventMessageConfirm","confirm":"a29f6b2c-caf9-4116-8ecf-b7ff000137dd","ts":"2026-09-09T08:19:50.227-04:00","source":{"id":"0","name":"eventBus"}}
{"__type":"$$EventMessageWorkflow","id":"bd9f090d-ff7f-4055-a8f1-71a528733897","ts":"2026-09-09T08:19:50.229-04:00","eventName":"n8n.workflow.success","message":"n8n.workflow.success","payload":{"userId":"c17e4e51-fb03-4a49-8690-2eb153d72420","executionId":"61","success":true,"isManual":true,"mode":"manual","workflowId":"fC5E99z5uUn0fKjT","workflowName":"Accisense alert","projectId":"VPeJW2ayhoZgotkV","projectName":"ANURAG SHARMA <anurag.25scse1180671@galgotiasuniversity.ac.in>"}}
{"__type":"$$EventMessageConfirm","confirm":"bd9f090d-ff7f-4055-a8f1-71a528733897","ts":"2026-09-09T08:19:50.229-04:00","source":{"id":"0","name":"eventBus"}}
{"__type":"$$EventMessageAudit","id":"b980c305-88be-4f83-bfcc-5f89481a9cac","ts":"2026-09-09T08:20:16.118-04:00","eventName":"n8n.audit.workflow.executed","message":"n8n.audit.workflow.executed","payload":{"userId":"c17e4e51-fb03-4a49-8690-2eb153d72420","_email":"anurag.25scse1180671@galgotiasuniversity.ac.in","_firstName":"ANURAG","_lastName":"SHARMA","globalRole":"global:owner","workflowId":"fC5E99z5uUn0fKjT","workflowName":"Accisense alert","executionId":"62","projectId":"VPeJW2ayhoZgotkV","projectName":"ANURAG SHARMA <anurag.25scse1180671@galgotiasuniversity.ac.in>","source":"user-manual"}}
{"__type":"$$EventMessageConfirm","confirm":"b980c305-88be-4f83-bfcc-5f89481a9cac","ts":"2026-09-09T08:20:16.119-04:00","source":{"id":"0","name":"eventBus"}}
{"__type":"$$EventMessageWorkflow","id":"66ba11a3-46c4-4d5e-96d4-a5519c0eb98b","ts":"2026-09-09T08:20:16.121-04:00","eventName":"n8n.workflow.started","message":"n8n.workflow.started","payload":{"executionId":"62","workflowId":"fC5E99z5uUn0fKjT","isManual":false,"mode":"manual","workflowName":"Accisense alert","projectId":"VPeJW2ayhoZgotkV","projectName":"ANURAG SHARMA <anurag.25scse1180671@galgotiasuniversity.ac.in>"}}
{"__type":"$$EventMessageConfirm","confirm":"66ba11a3-46c4-4d5e-96d4-a5519c0eb98b","ts":"2026-09-09T08:20:16.121-04:00","source":{"id":"0","name":"eventBus"}}
{"__type":"$$EventMessageNode","id":"9358bc48-5a9d-454c-a49d-930b233b49de","ts":"2026-09-09T08:20:16.156-04:00","eventName":"n8n.node.started","message":"n8n.node.started","payload":{"workflowId":"fC5E99z5uUn0fKjT","workflowName":"Accisense alert","executionId":"62","nodeType":"n8n-nodes-base.supabase","nodeName":"Create a row","nodeId":"00c26655-3a8f-471e-a1e0-49c908b3a937"}}
{"__type":"$$EventMessageConfirm","confirm":"9358bc48-5a9d-454c-a49d-930b233b49de","ts":"2026-09-09T08:20:16.156-04:00","source":{"id":"0","name":"eventBus"}}
{"__type":"$$EventMessageNode","id":"f4f16f16-4795-4d66-8cdd-bc8861b6ba51","ts":"2026-09-09T08:20:16.511-04:00","eventName":"n8n.node.finished","message":"n8n.node.finished","payload":{"workflowId":"fC5E99z5uUn0fKjT","workflowName":"Accisense alert","executionId":"62","nodeType":"n8n-nodes-base.supabase","nodeName":"Create a row","nodeId":"00c26655-3a8f-471e-a1e0-49c908b3a937"}}
{"__type":"$$EventMessageConfirm","confirm":"f4f16f16-4795-4d66-8cdd-bc8861b6ba51","ts":"2026-09-09T08:20:16.511-04:00","source":{"id":"0","name":"eventBus"}}
{"__type":"$$EventMessageWorkflow","id":"620dc5ee-f9cd-44ec-bb39-a04044d4b8c0","ts":"2026-09-09T08:20:16.513-04:00","eventName":"n8n.workflow.success","message":"n8n.workflow.success","payload":{"userId":"c17e4e51-fb03-4a49-8690-2eb153d72420","executionId":"62","success":true,"isManual":true,"mode":"manual","workflowId":"fC5E99z5uUn0fKjT","workflowName":"Accisense alert","projectId":"VPeJW2ayhoZgotkV","projectName":"ANURAG SHARMA <anurag.25scse1180671@galgotiasuniversity.ac.in>"}}
{"__type":"$$EventMessageConfirm","confirm":"620dc5ee-f9cd-44ec-bb39-a04044d4b8c0","ts":"2026-09-09T08:20:16.513-04:00","source":{"id":"0","name":"eventBus"}}
{"__type":"$$EventMessageAudit","id":"c3ea868a-301b-4a01-a889-355fadb812f6","ts":"2026-09-09T08:20:24.712-04:00","eventName":"n8n.audit.workflow.executed","message":"n8n.audit.workflow.executed","payload":{"userId":"c17e4e51-fb03-4a49-8690-2eb153d72420","_email":"anurag.25scse1180671@galgotiasuniversity.ac.in","_firstName":"ANURAG","_lastName":"SHARMA","globalRole":"global:owner","workflowId":"fC5E99z5uUn0fKjT","workflowName":"Accisense alert","executionId":"63","projectId":"VPeJW2ayhoZgotkV","projectName":"ANURAG SHARMA <anurag.25scse1180671@galgotiasuniversity.ac.in>","source":"user-manual"}}
{"__type":"$$EventMessageConfirm","confirm":"c3ea868a-301b-4a01-a889-355fadb812f6","ts":"2026-09-09T08:20:24.712-04:00","source":{"id":"0","name":"eventBus"}}
{"__type":"$$EventMessageWorkflow","id":"915d2880-40ff-4d51-99f6-ad6c061c492a","ts":"2026-09-09T08:20:24.712-04:00","eventName":"n8n.workflow.started","message":"n8n.workflow.started","payload":{"executionId":"63","workflowId":"fC5E99z5uUn0fKjT","isManual":false,"mode":"manual","workflowName":"Accisense alert","projectId":"VPeJW2ayhoZgotkV","projectName":"ANURAG SHARMA <anurag.25scse1180671@galgotiasuniversity.ac.in>"}}
{"__type":"$$EventMessageConfirm","confirm":"915d2880-40ff-4d51-99f6-ad6c061c492a","ts":"2026-09-09T08:20:24.712-04:00","source":{"id":"0","name":"eventBus"}}
{"__type":"$$EventMessageNode","id":"35ad91b1-8f2b-472c-95e9-c56c9331220d","ts":"2026-09-09T08:20:24.728-04:00","eventName":"n8n.node.started","message":"n8n.node.started","payload":{"workflowId":"fC5E99z5uUn0fKjT","workflowName":"Accisense alert","executionId":"63","nodeType":"n8n-nodes-base.telegram","nodeName":"Send confirmation/log","nodeId":"c744bd15-731f-4fc0-b570-38a032a54b24"}}
{"__type":"$$EventMessageConfirm","confirm":"35ad91b1-8f2b-472c-95e9-c56c9331220d","ts":"2026-09-09T08:20:24.728-04:00","source":{"id":"0","name":"eventBus"}}
{"__type":"$$EventMessageNode","id":"1db29598-e17d-4335-9b41-661799133983","ts":"2026-09-09T08:20:25.556-04:00","eventName":"n8n.node.finished","message":"n8n.node.finished","payload":{"workflowId":"fC5E99z5uUn0fKjT","workflowName":"Accisense alert","executionId":"63","nodeType":"n8n-nodes-base.telegram","nodeName":"Send confirmation/log","nodeId":"c744bd15-731f-4fc0-b570-38a032a54b24"}}
{"__type":"$$EventMessageConfirm","confirm":"1db29598-e17d-4335-9b41-661799133983","ts":"2026-09-09T08:20:25.557-04:00","source":{"id":"0","name":"eventBus"}}
{"__type":"$$EventMessageWorkflow","id":"1b99d8aa-4fa5-4d39-8602-d9088c6120e8","ts":"2026-09-09T08:20:25.559-04:00","eventName":"n8n.workflow.success","message":"n8n.workflow.success","payload":{"userId":"c17e4e51-fb03-4a49-8690-2eb153d72420","executionId":"63","success":true,"isManual":true,"mode":"manual","workflowId":"fC5E99z5uUn0fKjT","workflowName":"Accisense alert","projectId":"VPeJW2ayhoZgotkV","projectName":"ANURAG SHARMA <anurag.25scse1180671@galgotiasuniversity.ac.in>"}}
{"__type":"$$EventMessageConfirm","confirm":"1b99d8aa-4fa5-4d39-8602-d9088c6120e8","ts":"2026-09-09T08:20:25.559-04:00","source":{"id":"0","name":"eventBus"}}
{"__type":"$$EventMessageAudit","id":"10ff8b00-7fe4-4b4b-b2cb-049dc427f453","ts":"2026-09-09T08:20:33.038-04:00","eventName":"n8n.audit.workflow.executed","message":"n8n.audit.workflow.executed","payload":{"userId":"c17e4e51-fb03-4a49-8690-2eb153d72420","_email":"anurag.25scse1180671@galgotiasuniversity.ac.in","_firstName":"ANURAG","_lastName":"SHARMA","globalRole":"global:owner","workflowId":"fC5E99z5uUn0fKjT","workflowName":"Accisense alert","executionId":"64","projectId":"VPeJW2ayhoZgotkV","projectName":"ANURAG SHARMA <anurag.25scse1180671@galgotiasuniversity.ac.in>","source":"user-manual"}}
{"__type":"$$EventMessageConfirm","confirm":"10ff8b00-7fe4-4b4b-b2cb-049dc427f453","ts":"2026-09-09T08:20:33.039-04:00","source":{"id":"0","name":"eventBus"}}
{"__type":"$$EventMessageWorkflow","id":"3cbffbb1-e5b6-42a1-98ce-31bf421c0686","ts":"2026-09-09T08:20:33.039-04:00","eventName":"n8n.workflow.started","message":"n8n.workflow.started","payload":{"executionId":"64","workflowId":"fC5E99z5uUn0fKjT","isManual":false,"mode":"manual","workflowName":"Accisense alert","projectId":"VPeJW2ayhoZgotkV","projectName":"ANURAG SHARMA <anurag.25scse1180671@galgotiasuniversity.ac.in>"}}
{"__type":"$$EventMessageConfirm","confirm":"3cbffbb1-e5b6-42a1-98ce-31bf421c0686","ts":"2026-09-09T08:20:33.039-04:00","source":{"id":"0","name":"eventBus"}}
{"__type":"$$EventMessageNode","id":"52169f88-269e-4db2-83d6-c1bbee4667b9","ts":"2026-09-09T08:20:33.054-04:00","eventName":"n8n.node.started","message":"n8n.node.started","payload":{"workflowId":"fC5E99z5uUn0fKjT","workflowName":"Accisense alert","executionId":"64","nodeType":"n8n-nodes-base.wait","nodeName":"Wait for ACK","nodeId":"ca787a9f-9728-483b-bdd3-2b2d7ea9e12f"}}
{"__type":"$$EventMessageConfirm","confirm":"52169f88-269e-4db2-83d6-c1bbee4667b9","ts":"2026-09-09T08:20:33.054-04:00","source":{"id":"0","name":"eventBus"}}
{"__type":"$$EventMessageNode","id":"e232fbbe-571d-42f3-ba73-6f5bbd12a45c","ts":"2026-09-09T08:20:43.056-04:00","eventName":"n8n.node.finished","message":"n8n.node.finished","payload":{"workflowId":"fC5E99z5uUn0fKjT","workflowName":"Accisense alert","executionId":"64","nodeType":"n8n-nodes-base.wait","nodeName":"Wait for ACK","nodeId":"ca787a9f-9728-483b-bdd3-2b2d7ea9e12f"}}
{"__type":"$$EventMessageConfirm","confirm":"e232fbbe-571d-42f3-ba73-6f5bbd12a45c","ts":"2026-09-09T08:20:43.056-04:00","source":{"id":"0","name":"eventBus"}}
{"__type":"$$EventMessageWorkflow","id":"2be7499e-9077-4e6d-8015-1a24f8640142","ts":"2026-09-09T08:20:43.059-04:00","eventName":"n8n.workflow.success","message":"n8n.workflow.success","payload":{"userId":"c17e4e51-fb03-4a49-8690-2eb153d72420","executionId":"64","success":true,"isManual":true,"mode":"manual","workflowId":"fC5E99z5uUn0fKjT","workflowName":"Accisense alert","projectId":"VPeJW2ayhoZgotkV","projectName":"ANURAG SHARMA <anurag.25scse1180671@galgotiasuniversity.ac.in>"}}
{"__type":"$$EventMessageConfirm","confirm":"2be7499e-9077-4e6d-8015-1a24f8640142","ts":"2026-09-09T08:20:43.060-04:00","source":{"id":"0","name":"eventBus"}}
{"__type":"$$EventMessageAudit","id":"1ccc5d01-a345-4214-a7b8-172f0ea3f50f","ts":"2026-09-09T08:20:50.347-04:00","eventName":"n8n.audit.workflow.executed","message":"n8n.audit.workflow.executed","payload":{"userId":"c17e4e51-fb03-4a49-8690-2eb153d72420","_email":"anurag.25scse1180671@galgotiasuniversity.ac.in","_firstName":"ANURAG","_lastName":"SHARMA","globalRole":"global:owner","workflowId":"fC5E99z5uUn0fKjT","workflowName":"Accisense alert","executionId":"65","projectId":"VPeJW2ayhoZgotkV","projectName":"ANURAG SHARMA <anurag.25scse1180671@galgotiasuniversity.ac.in>","source":"user-manual"}}
{"__type":"$$EventMessageConfirm","confirm":"1ccc5d01-a345-4214-a7b8-172f0ea3f50f","ts":"2026-09-09T08:20:50.347-04:00","source":{"id":"0","name":"eventBus"}}
{"__type":"$$EventMessageWorkflow","id":"edfa9229-72a8-4b32-ae50-e6fb035ba9c2","ts":"2026-09-09T08:20:50.348-04:00","eventName":"n8n.workflow.started","message":"n8n.workflow.started","payload":{"executionId":"65","workflowId":"fC5E99z5uUn0fKjT","isManual":false,"mode":"manual","workflowName":"Accisense alert","projectId":"VPeJW2ayhoZgotkV","projectName":"ANURAG SHARMA <anurag.25scse1180671@galgotiasuniversity.ac.in>"}}
{"__type":"$$EventMessageConfirm","confirm":"edfa9229-72a8-4b32-ae50-e6fb035ba9c2","ts":"2026-09-09T08:20:50.349-04:00","source":{"id":"0","name":"eventBus"}}
{"__type":"$$EventMessageNode","id":"d4b5998d-7ad6-4169-a2f8-1d3c3c54de21","ts":"2026-09-09T08:20:50.369-04:00","eventName":"n8n.node.started","message":"n8n.node.started","payload":{"workflowId":"fC5E99z5uUn0fKjT","workflowName":"Accisense alert","executionId":"65","nodeType":"n8n-nodes-base.httpRequest","nodeName":"Check Status","nodeId":"5dc63647-4c85-425a-a253-e4da96ec3e44"}}
{"__type":"$$EventMessageConfirm","confirm":"d4b5998d-7ad6-4169-a2f8-1d3c3c54de21","ts":"2026-09-09T08:20:50.369-04:00","source":{"id":"0","name":"eventBus"}}
{"__type":"$$EventMessageNode","id":"1fe51f12-e00c-417b-b8d7-2aa2f2ab3e7f","ts":"2026-09-09T08:20:50.418-04:00","eventName":"n8n.node.finished","message":"n8n.node.finished","payload":{"workflowId":"fC5E99z5uUn0fKjT","workflowName":"Accisense alert","executionId":"65","nodeType":"n8n-nodes-base.httpRequest","nodeName":"Check Status","nodeId":"5dc63647-4c85-425a-a253-e4da96ec3e44"}}
{"__type":"$$EventMessageConfirm","confirm":"1fe51f12-e00c-417b-b8d7-2aa2f2ab3e7f","ts":"2026-09-09T08:20:50.418-04:00","source":{"id":"0","name":"eventBus"}}
{"__type":"$$EventMessageWorkflow","id":"04a0a8f5-bc57-4963-b459-a5c25960ad9e","ts":"2026-09-09T08:20:50.422-04:00","eventName":"n8n.workflow.failed","message":"n8n.workflow.failed","payload":{"userId":"c17e4e51-fb03-4a49-8690-2eb153d72420","executionId":"65","success":false,"isManual":true,"mode":"manual","workflowId":"fC5E99z5uUn0fKjT","workflowName":"Accisense alert","projectId":"VPeJW2ayhoZgotkV","projectName":"ANURAG SHARMA <anurag.25scse1180671@galgotiasuniversity.ac.in>","lastNodeExecuted":"Check Status","errorNodeType":"n8n-nodes-base.httpRequest","errorMessage":"The resource you are requesting could not be found"}}
{"__type":"$$EventMessageConfirm","confirm":"04a0a8f5-bc57-4963-b459-a5c25960ad9e","ts":"2026-09-09T08:20:50.423-04:00","source":{"id":"0","name":"eventBus"}}
{"__type":"$$EventMessageAudit","id":"bcb75477-9eeb-4f9c-9253-b65ed25a001c","ts":"2026-09-09T08:21:26.844-04:00","eventName":"n8n.audit.workflow.updated","message":"n8n.audit.workflow.updated","payload":{"userId":"c17e4e51-fb03-4a49-8690-2eb153d72420","_email":"anurag.25scse1180671@galgotiasuniversity.ac.in","_firstName":"ANURAG","_lastName":"SHARMA","globalRole":"global:owner","workflowId":"fC5E99z5uUn0fKjT","workflowName":"Accisense alert"}}
{"__type":"$$EventMessageConfirm","confirm":"bcb75477-9eeb-4f9c-9253-b65ed25a001c","ts":"2026-09-09T08:21:26.844-04:00","source":{"id":"0","name":"eventBus"}}
{"__type":"$$EventMessageAudit","id":"2a86361d-d006-42f5-be54-349087e14fd6","ts":"2026-09-09T08:21:36.613-04:00","eventName":"n8n.audit.workflow.updated","message":"n8n.audit.workflow.updated","payload":{"userId":"c17e4e51-fb03-4a49-8690-2eb153d72420","_email":"anurag.25scse1180671@galgotiasuniversity.ac.in","_firstName":"ANURAG","_lastName":"SHARMA","globalRole":"global:owner","workflowId":"fC5E99z5uUn0fKjT","workflowName":"Accisense alert"}}
{"__type":"$$EventMessageConfirm","confirm":"2a86361d-d006-42f5-be54-349087e14fd6","ts":"2026-09-09T08:21:36.613-04:00","source":{"id":"0","name":"eventBus"}}
{"__type":"$$EventMessageAudit","id":"027d976d-ba04-4f23-a6f7-8957473924b4","ts":"2026-09-09T08:21:43.496-04:00","eventName":"n8n.audit.workflow.updated","message":"n8n.audit.workflow.updated","payload":{"userId":"c17e4e51-fb03-4a49-8690-2eb153d72420","_email":"anurag.25scse1180671@galgotiasuniversity.ac.in","_firstName":"ANURAG","_lastName":"SHARMA","globalRole":"global:owner","workflowId":"fC5E99z5uUn0fKjT","workflowName":"Accisense alert"}}
{"__type":"$$EventMessageConfirm","confirm":"027d976d-ba04-4f23-a6f7-8957473924b4","ts":"2026-09-09T08:21:43.496-04:00","source":{"id":"0","name":"eventBus"}}
{"__type":"$$EventMessageAudit","id":"0f0b1761-9cd9-4fbb-8ab9-e489faf8ad01","ts":"2026-09-09T08:21:45.774-04:00","eventName":"n8n.audit.workflow.updated","message":"n8n.audit.workflow.updated","payload":{"userId":"c17e4e51-fb03-4a49-8690-2eb153d72420","_email":"anurag.25scse1180671@galgotiasuniversity.ac.in","_firstName":"ANURAG","_lastName":"SHARMA","globalRole":"global:owner","workflowId":"fC5E99z5uUn0fKjT","workflowName":"Accisense alert"}}
{"__type":"$$EventMessageConfirm","confirm":"0f0b1761-9cd9-4fbb-8ab9-e489faf8ad01","ts":"2026-09-09T08:21:45.774-04:00","source":{"id":"0","name":"eventBus"}}
{"__type":"$$EventMessageAudit","id":"86f86ed8-8b59-4e2e-9330-7711c59ea68c","ts":"2026-09-09T08:21:53.616-04:00","eventName":"n8n.audit.workflow.updated","message":"n8n.audit.workflow.updated","payload":{"userId":"c17e4e51-fb03-4a49-8690-2eb153d72420","_email":"anurag.25scse1180671@galgotiasuniversity.ac.in","_firstName":"ANURAG","_lastName":"SHARMA","globalRole":"global:owner","workflowId":"fC5E99z5uUn0fKjT","workflowName":"Accisense alert"}}
{"__type":"$$EventMessageConfirm","confirm":"86f86ed8-8b59-4e2e-9330-7711c59ea68c","ts":"2026-09-09T08:21:53.616-04:00","source":{"id":"0","name":"eventBus"}}
{"__type":"$$EventMessageAudit","id":"4156fe4a-188e-49d7-8e52-3aee5c102377","ts":"2026-09-09T08:22:05.750-04:00","eventName":"n8n.audit.workflow.updated","message":"n8n.audit.workflow.updated","payload":{"userId":"c17e4e51-fb03-4a49-8690-2eb153d72420","_email":"anurag.25scse1180671@galgotiasuniversity.ac.in","_firstName":"ANURAG","_lastName":"SHARMA","globalRole":"global:owner","workflowId":"fC5E99z5uUn0fKjT","workflowName":"Accisense alert"}}
{"__type":"$$EventMessageConfirm","confirm":"4156fe4a-188e-49d7-8e52-3aee5c102377","ts":"2026-09-09T08:22:05.750-04:00","source":{"id":"0","name":"eventBus"}}
{"__type":"$$EventMessageAudit","id":"4d042fd2-4e38-421e-98e9-1bb30468aa95","ts":"2026-09-09T08:22:07.417-04:00","eventName":"n8n.audit.workflow.updated","message":"n8n.audit.workflow.updated","payload":{"userId":"c17e4e51-fb03-4a49-8690-2eb153d72420","_email":"anurag.25scse1180671@galgotiasuniversity.ac.in","_firstName":"ANURAG","_lastName":"SHARMA","globalRole":"global:owner","workflowId":"fC5E99z5uUn0fKjT","workflowName":"Accisense alert"}}
{"__type":"$$EventMessageConfirm","confirm":"4d042fd2-4e38-421e-98e9-1bb30468aa95","ts":"2026-09-09T08:22:07.417-04:00","source":{"id":"0","name":"eventBus"}}
{"__type":"$$EventMessageAudit","id":"e76a6f15-b57e-46a5-98c4-8a2a0bb59898","ts":"2026-09-09T08:22:11.989-04:00","eventName":"n8n.audit.workflow.updated","message":"n8n.audit.workflow.updated","payload":{"userId":"c17e4e51-fb03-4a49-8690-2eb153d72420","_email":"anurag.25scse1180671@galgotiasuniversity.ac.in","_firstName":"ANURAG","_lastName":"SHARMA","globalRole":"global:owner","workflowId":"fC5E99z5uUn0fKjT","workflowName":"Accisense alert"}}
{"__type":"$$EventMessageConfirm","confirm":"e76a6f15-b57e-46a5-98c4-8a2a0bb59898","ts":"2026-09-09T08:22:11.989-04:00","source":{"id":"0","name":"eventBus"}}
{"__type":"$$EventMessageAudit","id":"6fecdd08-61c5-488f-801b-7f2c08cceef3","ts":"2026-09-09T08:22:14.201-04:00","eventName":"n8n.audit.workflow.updated","message":"n8n.audit.workflow.updated","payload":{"userId":"c17e4e51-fb03-4a49-8690-2eb153d72420","_email":"anurag.25scse1180671@galgotiasuniversity.ac.in","_firstName":"ANURAG","_lastName":"SHARMA","globalRole":"global:owner","workflowId":"fC5E99z5uUn0fKjT","workflowName":"Accisense alert"}}
{"__type":"$$EventMessageConfirm","confirm":"6fecdd08-61c5-488f-801b-7f2c08cceef3","ts":"2026-09-09T08:22:14.201-04:00","source":{"id":"0","name":"eventBus"}}
{"__type":"$$EventMessageAudit","id":"35126406-e797-42f0-939e-90bc5c2d5817","ts":"2026-09-09T08:22:20.501-04:00","eventName":"n8n.audit.workflow.updated","message":"n8n.audit.workflow.updated","payload":{"userId":"c17e4e51-fb03-4a49-8690-2eb153d72420","_email":"anurag.25scse1180671@galgotiasuniversity.ac.in","_firstName":"ANURAG","_lastName":"SHARMA","globalRole":"global:owner","workflowId":"fC5E99z5uUn0fKjT","workflowName":"Accisense alert"}}
{"__type":"$$EventMessageConfirm","confirm":"35126406-e797-42f0-939e-90bc5c2d5817","ts":"2026-09-09T08:22:20.501-04:00","source":{"id":"0","name":"eventBus"}}
{"__type":"$$EventMessageAudit","id":"210e4943-2af6-4395-886d-01ac300bac3a","ts":"2026-09-09T08:22:25.076-04:00","eventName":"n8n.audit.workflow.updated","message":"n8n.audit.workflow.updated","payload":{"userId":"c17e4e51-fb03-4a49-8690-2eb153d72420","_email":"anurag.25scse1180671@galgotiasuniversity.ac.in","_firstName":"ANURAG","_lastName":"SHARMA","globalRole":"global:owner","workflowId":"fC5E99z5uUn0fKjT","workflowName":"Accisense alert"}}
{"__type":"$$EventMessageConfirm","confirm":"210e4943-2af6-4395-886d-01ac300bac3a","ts":"2026-09-09T08:22:25.076-04:00","source":{"id":"0","name":"eventBus"}}
{"__type":"$$EventMessageAudit","id":"24533a5f-89f2-4f0e-b6a3-6e8c4e6ac582","ts":"2026-09-09T08:22:28.950-04:00","eventName":"n8n.audit.workflow.updated","message":"n8n.audit.workflow.updated","payload":{"userId":"c17e4e51-fb03-4a49-8690-2eb153d72420","_email":"anurag.25scse1180671@galgotiasuniversity.ac.in","_firstName":"ANURAG","_lastName":"SHARMA","globalRole":"global:owner","workflowId":"fC5E99z5uUn0fKjT","workflowName":"Accisense alert"}}
{"__type":"$$EventMessageConfirm","confirm":"24533a5f-89f2-4f0e-b6a3-6e8c4e6ac582","ts":"2026-09-09T08:22:28.950-04:00","source":{"id":"0","name":"eventBus"}}
{"__type":"$$EventMessageAudit","id":"ee560548-57bc-40f9-8365-1d8e2803e3cc","ts":"2026-09-09T08:22:34.128-04:00","eventName":"n8n.audit.workflow.updated","message":"n8n.audit.workflow.updated","payload":{"userId":"c17e4e51-fb03-4a49-8690-2eb153d72420","_email":"anurag.25scse1180671@galgotiasuniversity.ac.in","_firstName":"ANURAG","_lastName":"SHARMA","globalRole":"global:owner","workflowId":"fC5E99z5uUn0fKjT","workflowName":"Accisense alert"}}
{"__type":"$$EventMessageConfirm","confirm":"ee560548-57bc-40f9-8365-1d8e2803e3cc","ts":"2026-09-09T08:22:34.128-04:00","source":{"id":"0","name":"eventBus"}}
{"__type":"$$EventMessageAudit","id":"b2ac6d64-0401-40df-8689-379d73b2279c","ts":"2026-09-09T08:22:39.441-04:00","eventName":"n8n.audit.workflow.updated","message":"n8n.audit.workflow.updated","payload":{"userId":"c17e4e51-fb03-4a49-8690-2eb153d72420","_email":"anurag.25scse1180671@galgotiasuniversity.ac.in","_firstName":"ANURAG","_lastName":"SHARMA","globalRole":"global:owner","workflowId":"fC5E99z5uUn0fKjT","workflowName":"Accisense alert"}}
{"__type":"$$EventMessageConfirm","confirm":"b2ac6d64-0401-40df-8689-379d73b2279c","ts":"2026-09-09T08:22:39.441-04:00","source":{"id":"0","name":"eventBus"}}
{"__type":"$$EventMessageAudit","id":"3b9f5e2c-91e8-41fe-93c5-40f3967a60de","ts":"2026-09-09T08:22:42.111-04:00","eventName":"n8n.audit.workflow.updated","message":"n8n.audit.workflow.updated","payload":{"userId":"c17e4e51-fb03-4a49-8690-2eb153d72420","_email":"anurag.25scse1180671@galgotiasuniversity.ac.in","_firstName":"ANURAG","_lastName":"SHARMA","globalRole":"global:owner","workflowId":"fC5E99z5uUn0fKjT","workflowName":"Accisense alert"}}
{"__type":"$$EventMessageConfirm","confirm":"3b9f5e2c-91e8-41fe-93c5-40f3967a60de","ts":"2026-09-09T08:22:42.111-04:00","source":{"id":"0","name":"eventBus"}}
{"__type":"$$EventMessageAudit","id":"0bb14513-1dde-4aa2-bad5-22f130b0a7e1","ts":"2026-09-09T08:22:46.227-04:00","eventName":"n8n.audit.workflow.updated","message":"n8n.audit.workflow.updated","payload":{"userId":"c17e4e51-fb03-4a49-8690-2eb153d72420","_email":"anurag.25scse1180671@galgotiasuniversity.ac.in","_firstName":"ANURAG","_lastName":"SHARMA","globalRole":"global:owner","workflowId":"fC5E99z5uUn0fKjT","workflowName":"Accisense alert"}}
{"__type":"$$EventMessageConfirm","confirm":"0bb14513-1dde-4aa2-bad5-22f130b0a7e1","ts":"2026-09-09T08:22:46.228-04:00","source":{"id":"0","name":"eventBus"}}
{"__type":"$$EventMessageAudit","id":"f7b24e28-4a84-4140-ab5a-1c34a49243b7","ts":"2026-09-09T08:22:54.261-04:00","eventName":"n8n.audit.workflow.updated","message":"n8n.audit.workflow.updated","payload":{"userId":"c17e4e51-fb03-4a49-8690-2eb153d72420","_email":"anurag.25scse1180671@galgotiasuniversity.ac.in","_firstName":"ANURAG","_lastName":"SHARMA","globalRole":"global:owner","workflowId":"fC5E99z5uUn0fKjT","workflowName":"Accisense alert"}}
{"__type":"$$EventMessageConfirm","confirm":"f7b24e28-4a84-4140-ab5a-1c34a49243b7","ts":"2026-09-09T08:22:54.261-04:00","source":{"id":"0","name":"eventBus"}}
{"__type":"$$EventMessageAudit","id":"e03210b5-e780-4d0c-a8e4-6d3d9e84cf4e","ts":"2026-09-09T08:22:57.104-04:00","eventName":"n8n.audit.workflow.updated","message":"n8n.audit.workflow.updated","payload":{"userId":"c17e4e51-fb03-4a49-8690-2eb153d72420","_email":"anurag.25scse1180671@galgotiasuniversity.ac.in","_firstName":"ANURAG","_lastName":"SHARMA","globalRole":"global:owner","workflowId":"fC5E99z5uUn0fKjT","workflowName":"Accisense alert"}}
{"__type":"$$EventMessageConfirm","confirm":"e03210b5-e780-4d0c-a8e4-6d3d9e84cf4e","ts":"2026-09-09T08:22:57.104-04:00","source":{"id":"0","name":"eventBus"}}
{"__type":"$$EventMessageAudit","id":"700126f8-d0b4-4aac-a78b-a3352338264a","ts":"2026-09-09T08:23:00.404-04:00","eventName":"n8n.audit.workflow.updated","message":"n8n.audit.workflow.updated","payload":{"userId":"c17e4e51-fb03-4a49-8690-2eb153d72420","_email":"anurag.25scse1180671@galgotiasuniversity.ac.in","_firstName":"ANURAG","_lastName":"SHARMA","globalRole":"global:owner","workflowId":"fC5E99z5uUn0fKjT","workflowName":"Accisense alert"}}
{"__type":"$$EventMessageConfirm","confirm":"700126f8-d0b4-4aac-a78b-a3352338264a","ts":"2026-09-09T08:23:00.404-04:00","source":{"id":"0","name":"eventBus"}}
{"__type":"$$EventMessageAudit","id":"b32644e9-3e30-4da0-b498-b839527ade38","ts":"2026-09-09T08:23:02.669-04:00","eventName":"n8n.audit.workflow.updated","message":"n8n.audit.workflow.updated","payload":{"userId":"c17e4e51-fb03-4a49-8690-2eb153d72420","_email":"anurag.25scse1180671@galgotiasuniversity.ac.in","_firstName":"ANURAG","_lastName":"SHARMA","globalRole":"global:owner","workflowId":"fC5E99z5uUn0fKjT","workflowName":"Accisense alert"}}
{"__type":"$$EventMessageConfirm","confirm":"b32644e9-3e30-4da0-b498-b839527ade38","ts":"2026-09-09T08:23:02.669-04:00","source":{"id":"0","name":"eventBus"}}
{"__type":"$$EventMessageAudit","id":"8a38c56d-d897-4d10-b219-3a735c9b6ff7","ts":"2026-09-09T08:23:06.322-04:00","eventName":"n8n.audit.workflow.updated","message":"n8n.audit.workflow.updated","payload":{"userId":"c17e4e51-fb03-4a49-8690-2eb153d72420","_email":"anurag.25scse1180671@galgotiasuniversity.ac.in","_firstName":"ANURAG","_lastName":"SHARMA","globalRole":"global:owner","workflowId":"fC5E99z5uUn0fKjT","workflowName":"Accisense alert"}}
{"__type":"$$EventMessageConfirm","confirm":"8a38c56d-d897-4d10-b219-3a735c9b6ff7","ts":"2026-09-09T08:23:06.322-04:00","source":{"id":"0","name":"eventBus"}}
{"__type":"$$EventMessageAudit","id":"218c66b8-7a97-428a-b185-8fb886beeb56","ts":"2026-09-09T08:23:08.230-04:00","eventName":"n8n.audit.workflow.updated","message":"n8n.audit.workflow.updated","payload":{"userId":"c17e4e51-fb03-4a49-8690-2eb153d72420","_email":"anurag.25scse1180671@galgotiasuniversity.ac.in","_firstName":"ANURAG","_lastName":"SHARMA","globalRole":"global:owner","workflowId":"fC5E99z5uUn0fKjT","workflowName":"Accisense alert"}}
{"__type":"$$EventMessageConfirm","confirm":"218c66b8-7a97-428a-b185-8fb886beeb56","ts":"2026-09-09T08:23:08.230-04:00","source":{"id":"0","name":"eventBus"}}
{"__type":"$$EventMessageAudit","id":"a73e1871-2559-4f84-93b3-6893b11e3095","ts":"2026-09-09T08:23:09.907-04:00","eventName":"n8n.audit.workflow.updated","message":"n8n.audit.workflow.updated","payload":{"userId":"c17e4e51-fb03-4a49-8690-2eb153d72420","_email":"anurag.25scse1180671@galgotiasuniversity.ac.in","_firstName":"ANURAG","_lastName":"SHARMA","globalRole":"global:owner","workflowId":"fC5E99z5uUn0fKjT","workflowName":"Accisense alert"}}
{"__type":"$$EventMessageConfirm","confirm":"a73e1871-2559-4f84-93b3-6893b11e3095","ts":"2026-09-09T08:23:09.907-04:00","source":{"id":"0","name":"eventBus"}}
{"__type":"$$EventMessageAudit","id":"9f26049c-54e9-43b2-bbaf-99fb9fcba179","ts":"2026-09-09T08:23:12.418-04:00","eventName":"n8n.audit.workflow.updated","message":"n8n.audit.workflow.updated","payload":{"userId":"c17e4e51-fb03-4a49-8690-2eb153d72420","_email":"anurag.25scse1180671@galgotiasuniversity.ac.in","_firstName":"ANURAG","_lastName":"SHARMA","globalRole":"global:owner","workflowId":"fC5E99z5uUn0fKjT","workflowName":"Accisense alert"}}
{"__type":"$$EventMessageConfirm","confirm":"9f26049c-54e9-43b2-bbaf-99fb9fcba179","ts":"2026-09-09T08:23:12.419-04:00","source":{"id":"0","name":"eventBus"}}
{"__type":"$$EventMessageAudit","id":"0b6eb03d-6850-4a25-be48-69dd799cba59","ts":"2026-09-09T08:23:14.197-04:00","eventName":"n8n.audit.workflow.updated","message":"n8n.audit.workflow.updated","payload":{"userId":"c17e4e51-fb03-4a49-8690-2eb153d72420","_email":"anurag.25scse1180671@galgotiasuniversity.ac.in","_firstName":"ANURAG","_lastName":"SHARMA","globalRole":"global:owner","workflowId":"fC5E99z5uUn0fKjT","workflowName":"Accisense alert"}}
{"__type":"$$EventMessageConfirm","confirm":"0b6eb03d-6850-4a25-be48-69dd799cba59","ts":"2026-09-09T08:23:14.197-04:00","source":{"id":"0","name":"eventBus"}}
{"__type":"$$EventMessageAudit","id":"3ccd0041-c026-4d46-a887-4e3d761e21bf","ts":"2026-09-09T08:23:16.337-04:00","eventName":"n8n.audit.workflow.updated","message":"n8n.audit.workflow.updated","payload":{"userId":"c17e4e51-fb03-4a49-8690-2eb153d72420","_email":"anurag.25scse1180671@galgotiasuniversity.ac.in","_firstName":"ANURAG","_lastName":"SHARMA","globalRole":"global:owner","workflowId":"fC5E99z5uUn0fKjT","workflowName":"Accisense alert"}}
{"__type":"$$EventMessageConfirm","confirm":"3ccd0041-c026-4d46-a887-4e3d761e21bf","ts":"2026-09-09T08:23:16.338-04:00","source":{"id":"0","name":"eventBus"}}
{"__type":"$$EventMessageAudit","id":"4fa56d79-c37e-4e4f-ae6e-eeb0d4675498","ts":"2026-09-09T08:23:17.956-04:00","eventName":"n8n.audit.workflow.updated","message":"n8n.audit.workflow.updated","payload":{"userId":"c17e4e51-fb03-4a49-8690-2eb153d72420","_email":"anurag.25scse1180671@galgotiasuniversity.ac.in","_firstName":"ANURAG","_lastName":"SHARMA","globalRole":"global:owner","workflowId":"fC5E99z5uUn0fKjT","workflowName":"Accisense alert"}}
{"__type":"$$EventMessageConfirm","confirm":"4fa56d79-c37e-4e4f-ae6e-eeb0d4675498","ts":"2026-09-09T08:23:17.956-04:00","source":{"id":"0","name":"eventBus"}}
{"__type":"$$EventMessageAudit","id":"7331ab95-a7b6-4651-bc6a-1a03bd1391f3","ts":"2026-09-09T08:23:20.887-04:00","eventName":"n8n.audit.workflow.updated","message":"n8n.audit.workflow.updated","payload":{"userId":"c17e4e51-fb03-4a49-8690-2eb153d72420","_email":"anurag.25scse1180671@galgotiasuniversity.ac.in","_firstName":"ANURAG","_lastName":"SHARMA","globalRole":"global:owner","workflowId":"fC5E99z5uUn0fKjT","workflowName":"Accisense alert"}}
{"__type":"$$EventMessageConfirm","confirm":"7331ab95-a7b6-4651-bc6a-1a03bd1391f3","ts":"2026-09-09T08:23:20.887-04:00","source":{"id":"0","name":"eventBus"}}
{"__type":"$$EventMessageAudit","id":"3e90781b-0b9e-47a5-bc70-073fb4089d3c","ts":"2026-09-09T08:23:23.737-04:00","eventName":"n8n.audit.workflow.updated","message":"n8n.audit.workflow.updated","payload":{"userId":"c17e4e51-fb03-4a49-8690-2eb153d72420","_email":"anurag.25scse1180671@galgotiasuniversity.ac.in","_firstName":"ANURAG","_lastName":"SHARMA","globalRole":"global:owner","workflowId":"fC5E99z5uUn0fKjT","workflowName":"Accisense alert"}}
{"__type":"$$EventMessageConfirm","confirm":"3e90781b-0b9e-47a5-bc70-073fb4089d3c","ts":"2026-09-09T08:23:23.737-04:00","source":{"id":"0","name":"eventBus"}}
{"__type":"$$EventMessageAudit","id":"c77b5886-4870-4391-beec-7865a0a5da7a","ts":"2026-09-09T08:24:04.262-04:00","eventName":"n8n.audit.workflow.updated","message":"n8n.audit.workflow.updated","payload":{"userId":"c17e4e51-fb03-4a49-8690-2eb153d72420","_email":"anurag.25scse1180671@galgotiasuniversity.ac.in","_firstName":"ANURAG","_lastName":"SHARMA","globalRole":"global:owner","workflowId":"fC5E99z5uUn0fKjT","workflowName":"Accisense alert"}}
{"__type":"$$EventMessageConfirm","confirm":"c77b5886-4870-4391-beec-7865a0a5da7a","ts":"2026-09-09T08:24:04.262-04:00","source":{"id":"0","name":"eventBus"}}
{"__type":"$$EventMessageAudit","id":"92c15687-abb5-4eeb-97f3-5097e1490bb2","ts":"2026-09-09T08:24:16.149-04:00","eventName":"n8n.audit.workflow.updated","message":"n8n.audit.workflow.updated","payload":{"userId":"c17e4e51-fb03-4a49-8690-2eb153d72420","_email":"anurag.25scse1180671@galgotiasuniversity.ac.in","_firstName":"ANURAG","_lastName":"SHARMA","globalRole":"global:owner","workflowId":"fC5E99z5uUn0fKjT","workflowName":"Accisense alert"}}
{"__type":"$$EventMessageConfirm","confirm":"92c15687-abb5-4eeb-97f3-5097e1490bb2","ts":"2026-09-09T08:24:16.150-04:00","source":{"id":"0","name":"eventBus"}}
{"__type":"$$EventMessageAudit","id":"f7a2e6b7-22df-4c53-a451-6e4fc1f63313","ts":"2026-09-09T08:24:19.688-04:00","eventName":"n8n.audit.workflow.updated","message":"n8n.audit.workflow.updated","payload":{"userId":"c17e4e51-fb03-4a49-8690-2eb153d72420","_email":"anurag.25scse1180671@galgotiasuniversity.ac.in","_firstName":"ANURAG","_lastName":"SHARMA","globalRole":"global:owner","workflowId":"fC5E99z5uUn0fKjT","workflowName":"Accisense alert"}}
{"__type":"$$EventMessageConfirm","confirm":"f7a2e6b7-22df-4c53-a451-6e4fc1f63313","ts":"2026-09-09T08:24:19.688-04:00","source":{"id":"0","name":"eventBus"}}
{"__type":"$$EventMessageAudit","id":"08ac6355-bba3-4748-b504-5e5e05c18438","ts":"2026-09-09T08:24:35.041-04:00","eventName":"n8n.audit.workflow.updated","message":"n8n.audit.workflow.updated","payload":{"userId":"c17e4e51-fb03-4a49-8690-2eb153d72420","_email":"anurag.25scse1180671@galgotiasuniversity.ac.in","_firstName":"ANURAG","_lastName":"SHARMA","globalRole":"global:owner","workflowId":"fC5E99z5uUn0fKjT","workflowName":"Accisense alert"}}
{"__type":"$$EventMessageConfirm","confirm":"08ac6355-bba3-4748-b504-5e5e05c18438","ts":"2026-09-09T08:24:35.041-04:00","source":{"id":"0","name":"eventBus"}}
{"__type":"$$EventMessageAudit","id":"004fd20e-e0bd-4ccf-921b-680ee08db221","ts":"2026-09-09T08:25:29.433-04:00","eventName":"n8n.audit.workflow.updated","message":"n8n.audit.workflow.updated","payload":{"userId":"c17e4e51-fb03-4a49-8690-2eb153d72420","_email":"anurag.25scse1180671@galgotiasuniversity.ac.in","_firstName":"ANURAG","_lastName":"SHARMA","globalRole":"global:owner","workflowId":"fC5E99z5uUn0fKjT","workflowName":"Accisense alert"}}
{"__type":"$$EventMessageConfirm","confirm":"004fd20e-e0bd-4ccf-921b-680ee08db221","ts":"2026-09-09T08:25:29.433-04:00","source":{"id":"0","name":"eventBus"}}
{"__type":"$$EventMessageAudit","id":"076b84e6-45e7-4717-a273-fd43de417703","ts":"2026-09-09T08:25:58.792-04:00","eventName":"n8n.audit.workflow.updated","message":"n8n.audit.workflow.updated","payload":{"userId":"c17e4e51-fb03-4a49-8690-2eb153d72420","_email":"anurag.25scse1180671@galgotiasuniversity.ac.in","_firstName":"ANURAG","_lastName":"SHARMA","globalRole":"global:owner","workflowId":"fC5E99z5uUn0fKjT","workflowName":"Accisense alert"}}
{"__type":"$$EventMessageConfirm","confirm":"076b84e6-45e7-4717-a273-fd43de417703","ts":"2026-09-09T08:25:58.792-04:00","source":{"id":"0","name":"eventBus"}}
{"__type":"$$EventMessageAudit","id":"47d2ade1-0eba-4728-9485-f7d54d1039aa","ts":"2026-09-09T08:26:16.593-04:00","eventName":"n8n.audit.workflow.updated","message":"n8n.audit.workflow.updated","payload":{"userId":"c17e4e51-fb03-4a49-8690-2eb153d72420","_email":"anurag.25scse1180671@galgotiasuniversity.ac.in","_firstName":"ANURAG","_lastName":"SHARMA","globalRole":"global:owner","workflowId":"fC5E99z5uUn0fKjT","workflowName":"Accisense alert"}}
{"__type":"$$EventMessageConfirm","confirm":"47d2ade1-0eba-4728-9485-f7d54d1039aa","ts":"2026-09-09T08:26:16.593-04:00","source":{"id":"0","name":"eventBus"}}
{"__type":"$$EventMessageAudit","id":"ab18bf8a-3a04-433a-866c-2f5d23287e91","ts":"2026-09-09T08:27:21.920-04:00","eventName":"n8n.audit.workflow.updated","message":"n8n.audit.workflow.updated","payload":{"userId":"c17e4e51-fb03-4a49-8690-2eb153d72420","_email":"anurag.25scse1180671@galgotiasuniversity.ac.in","_firstName":"ANURAG","_lastName":"SHARMA","globalRole":"global:owner","workflowId":"fC5E99z5uUn0fKjT","workflowName":"Accisense alert"}}
{"__type":"$$EventMessageConfirm","confirm":"ab18bf8a-3a04-433a-866c-2f5d23287e91","ts":"2026-09-09T08:27:21.920-04:00","source":{"id":"0","name":"eventBus"}}
{"__type":"$$EventMessageAudit","id":"492f668d-8735-4750-b616-18360255d3fa","ts":"2026-09-09T08:28:05.768-04:00","eventName":"n8n.audit.workflow.updated","message":"n8n.audit.workflow.updated","payload":{"userId":"c17e4e51-fb03-4a49-8690-2eb153d72420","_email":"anurag.25scse1180671@galgotiasuniversity.ac.in","_firstName":"ANURAG","_lastName":"SHARMA","globalRole":"global:owner","workflowId":"fC5E99z5uUn0fKjT","workflowName":"Accisense alert"}}
{"__type":"$$EventMessageConfirm","confirm":"492f668d-8735-4750-b616-18360255d3fa","ts":"2026-09-09T08:28:05.768-04:00","source":{"id":"0","name":"eventBus"}}
{"__type":"$$EventMessageAudit","id":"9e9af01c-e381-4ed8-aead-6370c600aac5","ts":"2026-09-09T08:28:09.312-04:00","eventName":"n8n.audit.workflow.updated","message":"n8n.audit.workflow.updated","payload":{"userId":"c17e4e51-fb03-4a49-8690-2eb153d72420","_email":"anurag.25scse1180671@galgotiasuniversity.ac.in","_firstName":"ANURAG","_lastName":"SHARMA","globalRole":"global:owner","workflowId":"fC5E99z5uUn0fKjT","workflowName":"Accisense alert"}}
{"__type":"$$EventMessageConfirm","confirm":"9e9af01c-e381-4ed8-aead-6370c600aac5","ts":"2026-09-09T08:28:09.312-04:00","source":{"id":"0","name":"eventBus"}}
{"__type":"$$EventMessageAudit","id":"e8e77ec2-ab2b-4d03-90b8-40d6b71c2416","ts":"2026-09-09T08:28:35.444-04:00","eventName":"n8n.audit.workflow.updated","message":"n8n.audit.workflow.updated","payload":{"userId":"c17e4e51-fb03-4a49-8690-2eb153d72420","_email":"anurag.25scse1180671@galgotiasuniversity.ac.in","_firstName":"ANURAG","_lastName":"SHARMA","globalRole":"global:owner","workflowId":"fC5E99z5uUn0fKjT","workflowName":"Accisense alert"}}
{"__type":"$$EventMessageConfirm","confirm":"e8e77ec2-ab2b-4d03-90b8-40d6b71c2416","ts":"2026-09-09T08:28:35.445-04:00","source":{"id":"0","name":"eventBus"}}
{"__type":"$$EventMessageAudit","id":"822362e5-1453-4988-9e8b-7dd0dd2e0ed5","ts":"2026-09-09T08:28:38.828-04:00","eventName":"n8n.audit.workflow.updated","message":"n8n.audit.workflow.updated","payload":{"userId":"c17e4e51-fb03-4a49-8690-2eb153d72420","_email":"anurag.25scse1180671@galgotiasuniversity.ac.in","_firstName":"ANURAG","_lastName":"SHARMA","globalRole":"global:owner","workflowId":"fC5E99z5uUn0fKjT","workflowName":"Accisense alert"}}
{"__type":"$$EventMessageConfirm","confirm":"822362e5-1453-4988-9e8b-7dd0dd2e0ed5","ts":"2026-09-09T08:28:38.828-04:00","source":{"id":"0","name":"eventBus"}}
{"__type":"$$EventMessageAudit","id":"f5807e0e-42e5-46e5-b502-12c816905908","ts":"2026-09-09T08:28:42.175-04:00","eventName":"n8n.audit.workflow.updated","message":"n8n.audit.workflow.updated","payload":{"userId":"c17e4e51-fb03-4a49-8690-2eb153d72420","_email":"anurag.25scse1180671@galgotiasuniversity.ac.in","_firstName":"ANURAG","_lastName":"SHARMA","globalRole":"global:owner","workflowId":"fC5E99z5uUn0fKjT","workflowName":"Accisense alert"}}
{"__type":"$$EventMessageConfirm","confirm":"f5807e0e-42e5-46e5-b502-12c816905908","ts":"2026-09-09T08:28:42.175-04:00","source":{"id":"0","name":"eventBus"}}
{"__type":"$$EventMessageAudit","id":"0e9cd761-da0c-49d4-99e4-ffef3aae08fb","ts":"2026-09-09T08:28:45.157-04:00","eventName":"n8n.audit.workflow.updated","message":"n8n.audit.workflow.updated","payload":{"userId":"c17e4e51-fb03-4a49-8690-2eb153d72420","_email":"anurag.25scse1180671@galgotiasuniversity.ac.in","_firstName":"ANURAG","_lastName":"SHARMA","globalRole":"global:owner","workflowId":"fC5E99z5uUn0fKjT","workflowName":"Accisense alert"}}
{"__type":"$$EventMessageConfirm","confirm":"0e9cd761-da0c-49d4-99e4-ffef3aae08fb","ts":"2026-09-09T08:28:45.157-04:00","source":{"id":"0","name":"eventBus"}}
{"__type":"$$EventMessageAudit","id":"4691735a-396f-423e-9b8d-bcabff0c67be","ts":"2026-09-09T08:28:49.790-04:00","eventName":"n8n.audit.workflow.updated","message":"n8n.audit.workflow.updated","payload":{"userId":"c17e4e51-fb03-4a49-8690-2eb153d72420","_email":"anurag.25scse1180671@galgotiasuniversity.ac.in","_firstName":"ANURAG","_lastName":"SHARMA","globalRole":"global:owner","workflowId":"fC5E99z5uUn0fKjT","workflowName":"Accisense alert"}}
{"__type":"$$EventMessageConfirm","confirm":"4691735a-396f-423e-9b8d-bcabff0c67be","ts":"2026-09-09T08:28:49.790-04:00","source":{"id":"0","name":"eventBus"}}
{"__type":"$$EventMessageAudit","id":"ca8f7c00-562c-42b3-bd55-5b2cf92389b0","ts":"2026-09-09T08:28:53.680-04:00","eventName":"n8n.audit.workflow.updated","message":"n8n.audit.workflow.updated","payload":{"userId":"c17e4e51-fb03-4a49-8690-2eb153d72420","_email":"anurag.25scse1180671@galgotiasuniversity.ac.in","_firstName":"ANURAG","_lastName":"SHARMA","globalRole":"global:owner","workflowId":"fC5E99z5uUn0fKjT","workflowName":"Accisense alert"}}
{"__type":"$$EventMessageConfirm","confirm":"ca8f7c00-562c-42b3-bd55-5b2cf92389b0","ts":"2026-09-09T08:28:53.681-04:00","source":{"id":"0","name":"eventBus"}}
{"__type":"$$EventMessageAudit","id":"5ce474bb-153e-412c-a173-5488f93de601","ts":"2026-09-09T08:28:59.920-04:00","eventName":"n8n.audit.workflow.updated","message":"n8n.audit.workflow.updated","payload":{"userId":"c17e4e51-fb03-4a49-8690-2eb153d72420","_email":"anurag.25scse1180671@galgotiasuniversity.ac.in","_firstName":"ANURAG","_lastName":"SHARMA","globalRole":"global:owner","workflowId":"fC5E99z5uUn0fKjT","workflowName":"Accisense alert"}}
{"__type":"$$EventMessageConfirm","confirm":"5ce474bb-153e-412c-a173-5488f93de601","ts":"2026-09-09T08:28:59.920-04:00","source":{"id":"0","name":"eventBus"}}
{"__type":"$$EventMessageAudit","id":"bb43ff4e-93de-4dff-a01b-fcbb895ccb58","ts":"2026-09-09T08:29:04.161-04:00","eventName":"n8n.audit.workflow.updated","message":"n8n.audit.workflow.updated","payload":{"userId":"c17e4e51-fb03-4a49-8690-2eb153d72420","_email":"anurag.25scse1180671@galgotiasuniversity.ac.in","_firstName":"ANURAG","_lastName":"SHARMA","globalRole":"global:owner","workflowId":"fC5E99z5uUn0fKjT","workflowName":"Accisense alert"}}
{"__type":"$$EventMessageConfirm","confirm":"bb43ff4e-93de-4dff-a01b-fcbb895ccb58","ts":"2026-09-09T08:29:04.161-04:00","source":{"id":"0","name":"eventBus"}}
{"__type":"$$EventMessageAudit","id":"5786b261-924b-4bff-9d56-3b9b207dea36","ts":"2026-09-09T08:29:11.337-04:00","eventName":"n8n.audit.workflow.updated","message":"n8n.audit.workflow.updated","payload":{"userId":"c17e4e51-fb03-4a49-8690-2eb153d72420","_email":"anurag.25scse1180671@galgotiasuniversity.ac.in","_firstName":"ANURAG","_lastName":"SHARMA","globalRole":"global:owner","workflowId":"fC5E99z5uUn0fKjT","workflowName":"Accisense alert"}}
{"__type":"$$EventMessageConfirm","confirm":"5786b261-924b-4bff-9d56-3b9b207dea36","ts":"2026-09-09T08:29:11.337-04:00","source":{"id":"0","name":"eventBus"}}
{"__type":"$$EventMessageAudit","id":"332ecb3a-6e6d-40f1-91b2-ab8fb10edb30","ts":"2026-09-09T08:29:36.670-04:00","eventName":"n8n.audit.workflow.updated","message":"n8n.audit.workflow.updated","payload":{"userId":"c17e4e51-fb03-4a49-8690-2eb153d72420","_email":"anurag.25scse1180671@galgotiasuniversity.ac.in","_firstName":"ANURAG","_lastName":"SHARMA","globalRole":"global:owner","workflowId":"fC5E99z5uUn0fKjT","workflowName":"Accisense alert"}}
{"__type":"$$EventMessageConfirm","confirm":"332ecb3a-6e6d-40f1-91b2-ab8fb10edb30","ts":"2026-09-09T08:29:36.670-04:00","source":{"id":"0","name":"eventBus"}}
{"__type":"$$EventMessageAudit","id":"b6bf9e0a-eb79-4892-9ff5-bfc6bf54eaaa","ts":"2026-09-09T08:39:11.711-04:00","eventName":"n8n.audit.workflow.executed","message":"n8n.audit.workflow.executed","payload":{"userId":"c17e4e51-fb03-4a49-8690-2eb153d72420","_email":"anurag.25scse1180671@galgotiasuniversity.ac.in","_firstName":"ANURAG","_lastName":"SHARMA","globalRole":"global:owner","workflowId":"fC5E99z5uUn0fKjT","workflowName":"Accisense alert","executionId":"66","projectId":"VPeJW2ayhoZgotkV","projectName":"ANURAG SHARMA <anurag.25scse1180671@galgotiasuniversity.ac.in>","source":"user-manual"}}
{"__type":"$$EventMessageConfirm","confirm":"b6bf9e0a-eb79-4892-9ff5-bfc6bf54eaaa","ts":"2026-09-09T08:39:11.711-04:00","source":{"id":"0","name":"eventBus"}}
{"__type":"$$EventMessageWorkflow","id":"a72963fa-8a58-462d-b8ff-6fe6eb48f43e","ts":"2026-09-09T08:39:11.712-04:00","eventName":"n8n.workflow.started","message":"n8n.workflow.started","payload":{"executionId":"66","workflowId":"fC5E99z5uUn0fKjT","isManual":false,"mode":"manual","workflowName":"Accisense alert","projectId":"VPeJW2ayhoZgotkV","projectName":"ANURAG SHARMA <anurag.25scse1180671@galgotiasuniversity.ac.in>"}}
{"__type":"$$EventMessageConfirm","confirm":"a72963fa-8a58-462d-b8ff-6fe6eb48f43e","ts":"2026-09-09T08:39:11.712-04:00","source":{"id":"0","name":"eventBus"}}
{"__type":"$$EventMessageNode","id":"7c97ce56-6717-4c99-a658-f3e96ada10aa","ts":"2026-09-09T08:39:11.720-04:00","eventName":"n8n.node.started","message":"n8n.node.started","payload":{"workflowId":"fC5E99z5uUn0fKjT","workflowName":"Accisense alert","executionId":"66","nodeType":"n8n-nodes-base.httpRequest","nodeName":"Check Status","nodeId":"5dc63647-4c85-425a-a253-e4da96ec3e44"}}
{"__type":"$$EventMessageConfirm","confirm":"7c97ce56-6717-4c99-a658-f3e96ada10aa","ts":"2026-09-09T08:39:11.721-04:00","source":{"id":"0","name":"eventBus"}}
{"__type":"$$EventMessageNode","id":"dacbdcda-c29c-4bf0-8faa-97aa7b8ff4f9","ts":"2026-09-09T08:39:13.738-04:00","eventName":"n8n.node.finished","message":"n8n.node.finished","payload":{"workflowId":"fC5E99z5uUn0fKjT","workflowName":"Accisense alert","executionId":"66","nodeType":"n8n-nodes-base.httpRequest","nodeName":"Check Status","nodeId":"5dc63647-4c85-425a-a253-e4da96ec3e44"}}
{"__type":"$$EventMessageConfirm","confirm":"dacbdcda-c29c-4bf0-8faa-97aa7b8ff4f9","ts":"2026-09-09T08:39:13.738-04:00","source":{"id":"0","name":"eventBus"}}
{"__type":"$$EventMessageWorkflow","id":"62971075-c1c2-4bcd-a2ce-4e14a4eaff71","ts":"2026-09-09T08:39:13.746-04:00","eventName":"n8n.workflow.failed","message":"n8n.workflow.failed","payload":{"userId":"c17e4e51-fb03-4a49-8690-2eb153d72420","executionId":"66","success":false,"isManual":true,"mode":"manual","workflowId":"fC5E99z5uUn0fKjT","workflowName":"Accisense alert","projectId":"VPeJW2ayhoZgotkV","projectName":"ANURAG SHARMA <anurag.25scse1180671@galgotiasuniversity.ac.in>","lastNodeExecuted":"Check Status","errorNodeType":"n8n-nodes-base.httpRequest","errorMessage":"The service was not able to process your request"}}
{"__type":"$$EventMessageConfirm","confirm":"62971075-c1c2-4bcd-a2ce-4e14a4eaff71","ts":"2026-09-09T08:39:13.746-04:00","source":{"id":"0","name":"eventBus"}}
